subjectSlug,chapterSlug,chapterTitle,topicSlug,topicTitle,_id,correctKey,exerciseId,exerciseTitle,explanation,lastAttempt,locked,options,origin,partType,questionKind,questionNumber,sectionLabel,sourceRef,stem,topicId,modelAnswer,keyPoints,correctKeyVerified,examBoard,session,year
"computer-9","01-computer-systems","Computer Systems","1-1-brief-history-of-computer-systems-and-generations-of-computers","1.1 Brief History of Computer Systems and Generations of Computers","m178188h7a4xm60q56v2sx6s3s8e04mj","A","xd74a1yr8wb6eq5rye37y17dy18e0fnh","Exercise 1: Multiple Choice Questions","Second-generation computers replaced bulky, hot vacuum tubes with transistors, which were smaller, faster and more reliable.",,"false","[{""key"":""A"",""text"":""Transistors""},{""key"":""B"",""text"":""Integrated Circuits (ICs)""},{""key"":""C"",""text"":""Microprocessors""},{""key"":""D"",""text"":""Magnetic tapes""}]","exercise","MCQ","mcq","i","Multiple Choice Questions","{""blockIndex"":1,""chapterNumber"":1,""subjectSlug"":""computer-9""}","Which technology replaced vacuum tubes in second-generation computers?","ms7ej04b9arcv3n24x3gzrdwp18btdjr",,,,,,
"computer-9","01-computer-systems","Computer Systems","1-1-brief-history-of-computer-systems-and-generations-of-computers","1.1 Brief History of Computer Systems and Generations of Computers","m17c8fwndjdndnktwcpakcfeq58e0wxq","B","xd74a1yr8wb6eq5rye37y17dy18e0fnh","Exercise 1: Multiple Choice Questions","Fifth-generation computers aim to achieve artificial intelligence, i.e. thinking power, rather than just raw speed.",,"false","[{""key"":""A"",""text"":""Fast speed""},{""key"":""B"",""text"":""Thinking power""},{""key"":""C"",""text"":""Enhanced memory""},{""key"":""D"",""text"":""Faster microprocessors""}]","exercise","MCQ","mcq","ii","Multiple Choice Questions","{""blockIndex"":1,""chapterNumber"":1,""subjectSlug"":""computer-9""}","What is the primary goal of fifth-generation computers?","ms7ej04b9arcv3n24x3gzrdwp18btdjr",,,,,,
"computer-9","01-computer-systems","Computer Systems","1-1-brief-history-of-computer-systems-and-generations-of-computers","1.1 Brief History of Computer Systems and Generations of Computers","m170ew5zb0x25qv5605jpyc1618e1q09","C","xd74a1yr8wb6eq5rye37y17dy18e0fnh","Exercise 1: Multiple Choice Questions","Third-generation computers introduced Integrated Circuits, replacing individual transistors with compact chips.",,"false","[{""key"":""A"",""text"":""First Generation""},{""key"":""B"",""text"":""Second Generation""},{""key"":""C"",""text"":""Third Generation""},{""key"":""D"",""text"":""Fourth Generation""}]","exercise","MCQ","mcq","iii","Multiple Choice Questions","{""blockIndex"":1,""chapterNumber"":1,""subjectSlug"":""computer-9""}","Which computer generation introduced the use of Integrated Circuits (ICs)?","ms7ej04b9arcv3n24x3gzrdwp18btdjr",,,,,,
"computer-9","01-computer-systems","Computer Systems","1-1-brief-history-of-computer-systems-and-generations-of-computers","1.1 Brief History of Computer Systems and Generations of Computers","m173110v6cqatn5ss9npqg0yrx8e0kb7","D","xd74a1yr8wb6eq5rye37y17dy18e0fnh","Exercise 1: Multiple Choice Questions","The microprocessor, which put an entire CPU on a single chip, was developed in the fourth generation.",,"false","[{""key"":""A"",""text"":""First Generation""},{""key"":""B"",""text"":""Second Generation""},{""key"":""C"",""text"":""Third Generation""},{""key"":""D"",""text"":""Fourth Generation""}]","exercise","MCQ","mcq","iv","Multiple Choice Questions","{""blockIndex"":1,""chapterNumber"":1,""subjectSlug"":""computer-9""}","In which generation of computers was the microprocessor developed?","ms7ej04b9arcv3n24x3gzrdwp18btdjr",,,,,,
"computer-9","01-computer-systems","Computer Systems","1-1-brief-history-of-computer-systems-and-generations-of-computers","1.1 Brief History of Computer Systems and Generations of Computers","m17344fq4qspb126y6hkgzp2398e1hf2",,"xd7265cxa9hfx0vjj4x6f98ca58e06f5","Exercise 1: Short Response Questions",,,"false",,"exercise",,"short","i","Short Response Questions","{""blockIndex"":1,""chapterNumber"":1,""subjectSlug"":""computer-9""}","What is the primary goal of fifth-generation computers?","ms7ej04b9arcv3n24x3gzrdwp18btdjr","Fifth-generation computers aim to achieve thinking power (artificial intelligence) rather than just raw processing speed.",,,,,
"computer-9","01-computer-systems","Computer Systems","1-1-brief-history-of-computer-systems-and-generations-of-computers","1.1 Brief History of Computer Systems and Generations of Computers","m17a4pj31jnh89g59a2tv7rvhs8e05tn",,"xd75pf6pbrqz49d456qtt01p6n8e03j8","Exercise 1: Extended Response Questions",,,"false",,"exercise",,"long","1","Extended Response Questions","{""blockIndex"":1,""chapterNumber"":1,""subjectSlug"":""computer-9""}","Describe the evolution of computer generations from the first generation to the fifth generation, highlighting the key technological developments and their impact on computing.","ms7ej04b9arcv3n24x3gzrdwp18btdjr","Computer generations are grouped by their major technological developments. First-generation computers used vacuum tubes. They were large, consumed considerable power, generated heat, and were less reliable. In the second generation, transistors replaced vacuum tubes, making computers smaller, faster, more reliable, and more cost-effective; programming also advanced to assembly and high-level languages such as FORTRAN and COBOL. Third-generation computers used integrated circuits, which placed multiple transistors on a single chip and further improved size, speed, and efficiency. Fourth-generation computers introduced microprocessors, integrating the processing unit onto a single chip using large-scale and very-large-scale integration. This led to much smaller and more capable personal computers. Fifth-generation computers focus on artificial intelligence and natural-language processing. They are intended to learn, reason, and solve problems autonomously. Each generation therefore increased processing capability while reducing size, cost, and power requirements.","[""First generation used vacuum tubes; large, slow, high power consumption."",""Second generation replaced vacuum tubes with transistors, improving speed and reliability."",""Third generation introduced Integrated Circuits (ICs), shrinking size further and boosting speed."",""Fourth generation introduced the microprocessor, enabling personal computers."",""Fifth generation focuses on artificial intelligence and thinking power rather than raw speed alone.""]",,,,
"computer-9","01-computer-systems","Computer Systems","1-2-understanding-systems-and-their-types","1.2 Understanding Systems and Their Types","m175vn5dkgbedvhejz72wjnves8e1fme",,"xd75pf6pbrqz49d456qtt01p6n8e03j8","Exercise 1: Extended Response Questions",,,"false",,"exercise",,"long","2","Extended Response Questions","{""blockIndex"":1,""chapterNumber"":1,""subjectSlug"":""computer-9""}","Discuss the importance of both natural and artificial systems by providing examples of each type.","ms7endydbh2t57ptjkmg5bxfe98bty82","Natural and artificial systems are collections of connected parts that work together, but they differ in origin. Natural systems occur organically without human design. They are often self-regulating, adaptable, and stable. Examples include an ecosystem such as a forest or aquatic environment, weather patterns, the solar system, and the human body. Their parts interact according to natural processes and laws. Artificial systems are designed and built by people to meet a need or solve a problem. They may require maintenance and operate according to planned rules. Examples include communication networks such as telephone and Internet systems, databases and software, transport systems, power plants, manufacturing robots, and medical devices. Studying both kinds of systems is important because it helps us understand how interconnected parts, inputs, processes, and outputs work together. It also helps engineers and scientists design, manage, and improve artificial systems while learning from the efficiency and adaptability found in nature.","[""Natural systems occur in nature without human design, e.g. the solar system, the human digestive system."",""Artificial systems are designed and built by humans, e.g. a computer system, a transportation system."",""Both types of systems are important for understanding how components interact to achieve a purpose, whether occurring naturally or engineered.""]",,,,
"computer-9","01-computer-systems","Computer Systems","1-3-core-components-of-a-computer-system","1.3 Core Components of a Computer System","m172tk6eb93shn1vrnhtcxzbmd8c6ryb","C",,,,,"false","[{""key"":""A"",""text"":""Keyboard""},{""key"":""B"",""text"":""Printer""},{""key"":""C"",""text"":""Mouse""},{""key"":""D"",""text"":""Scanner""}]","exam","MCQ","mcq","12",,,"Cursor on a computer screen is controlled by:","ms763512c7z9ke4z3ymjemkqxx8bt3p2",,,"true","fbise","annual","2025"
"computer-9","01-computer-systems","Computer Systems","1-3-core-components-of-a-computer-system","1.3 Core Components of a Computer System","m174jc62r54ma5h2xz2tr1akj98e0ah6","B","xd74a1yr8wb6eq5rye37y17dy18e0fnh","Exercise 1: Multiple Choice Questions","The motherboard is the main circuit board that connects and lets all hardware components (CPU, memory, storage, ports) communicate.",,"false","[{""key"":""A"",""text"":""To store and retrieve data permanently""},{""key"":""B"",""text"":""To connect and integrate all hardware components""},{""key"":""C"",""text"":""To perform mathematical calculations""},{""key"":""D"",""text"":""To display output on a monitor""}]","exercise","MCQ","mcq","v","Multiple Choice Questions","{""blockIndex"":1,""chapterNumber"":1,""subjectSlug"":""computer-9""}","What is the function of the motherboard in a computer system?","ms763512c7z9ke4z3ymjemkqxx8bt3p2",,,,,,
"computer-9","01-computer-systems","Computer Systems","1-3-core-components-of-a-computer-system","1.3 Core Components of a Computer System","m1719gwqajarvhpqczd78jbzq18e1n7e","C","xd74a1yr8wb6eq5rye37y17dy18e0fnh","Exercise 1: Multiple Choice Questions","Buses are the pathways that transmit data, addresses and control signals between the CPU, memory and other components.",,"false","[{""key"":""A"",""text"":""Control memory operations""},{""key"":""B"",""text"":""Display graphics""},{""key"":""C"",""text"":""Transmit data between components""},{""key"":""D"",""text"":""Perform arithmetic operations""}]","exercise","MCQ","mcq","xi","Multiple Choice Questions","{""blockIndex"":1,""chapterNumber"":1,""subjectSlug"":""computer-9""}","What is the primary function of the buses in a computer's memory system?","ms763512c7z9ke4z3ymjemkqxx8bt3p2",,,,,,
"computer-9","01-computer-systems","Computer Systems","1-3-core-components-of-a-computer-system","1.3 Core Components of a Computer System","m170cympbrvbc3tpg3j652v5s58e0rmj",,"xd7265cxa9hfx0vjj4x6f98ca58e06f5","Exercise 1: Short Response Questions",,,"false",,"exercise",,"short","v","Short Response Questions","{""blockIndex"":1,""chapterNumber"":1,""subjectSlug"":""computer-9""}","Imagine you are building a custom computer for a friend. Give three considerations you would take into account for this computer.","ms763512c7z9ke4z3ymjemkqxx8bt3p2","Three considerations: the intended use (gaming, office work, etc.), budget for components, and compatibility between the processor, motherboard, memory and storage chosen.",,,,,
"computer-9","01-computer-systems","Computer Systems","1-3-core-components-of-a-computer-system","1.3 Core Components of a Computer System","m178gt9acpghgqbnaw7cs46cdh8e08kv",,"xd7265cxa9hfx0vjj4x6f98ca58e06f5","Exercise 1: Short Response Questions",,,"false",,"exercise",,"short","vi","Short Response Questions","{""blockIndex"":1,""chapterNumber"":1,""subjectSlug"":""computer-9""}","You are a computer technician tasked with upgrading an older computer with a slow CPU. How might you improve its performance without replacing the entire CPU?","ms763512c7z9ke4z3ymjemkqxx8bt3p2","Performance can be improved without replacing the CPU by adding more RAM, adding a larger/faster cache, upgrading to an SSD, or cleaning up software/startup processes.",,,,,
"computer-9","01-computer-systems","Computer Systems","1-3-core-components-of-a-computer-system","1.3 Core Components of a Computer System","m175jghhe0f32jeaps1f4rz1fx8e0tab",,"xd7265cxa9hfx0vjj4x6f98ca58e06f5","Exercise 1: Short Response Questions",,,"false",,"exercise",,"short","vii","Short Response Questions","{""blockIndex"":1,""chapterNumber"":1,""subjectSlug"":""computer-9""}","Your school is planning to purchase new printers for the computer lab. Give two advantages and disadvantages of impact and non-impact printers to help them make a decision.","ms763512c7z9ke4z3ymjemkqxx8bt3p2","Impact printers: advantage is low running cost and multi-copy (carbon) printing, disadvantage is noisy and low print quality. Non-impact printers: advantage is quiet and high-quality output, disadvantage is higher cost per page and cannot print carbon copies.",,,,,
"computer-9","01-computer-systems","Computer Systems","1-4-von-neumann-architecture","1.4 Von Neumann Architecture","m179jcgjqfff2y1t877m9t1qa58e1yr4","B","xd74a1yr8wb6eq5rye37y17dy18e0fnh","Exercise 1: Multiple Choice Questions","The Control Unit directs and coordinates the operations of the processor, including decision-making and instruction sequencing.",,"false","[{""key"":""A"",""text"":""Arithmetic Logic Unit (ALU)""},{""key"":""B"",""text"":""Control Unit (CU)""},{""key"":""C"",""text"":""Memory unit""},{""key"":""D"",""text"":""Registers""}]","exercise","MCQ","mcq","vi","Multiple Choice Questions","{""blockIndex"":1,""chapterNumber"":1,""subjectSlug"":""computer-9""}","Which component of the microprocessor controls the decision-making processes?","ms755va7p9pfancs6shswx6cbh8btprh",,,,,,
"computer-9","01-computer-systems","Computer Systems","1-4-von-neumann-architecture","1.4 Von Neumann Architecture","m171rtz330nn1w0wk7zvc0rte58e00sm",,"xd7265cxa9hfx0vjj4x6f98ca58e06f5","Exercise 1: Short Response Questions",,,"false",,"exercise",,"short","iv","Short Response Questions","{""blockIndex"":1,""chapterNumber"":1,""subjectSlug"":""computer-9""}","Why is the word size of a processor important, and how does it affect the computer's performance?","ms755va7p9pfancs6shswx6cbh8btprh","Word size is the number of bits a processor can handle in one operation. A larger word size lets the processor move and process more data per cycle, improving performance and allowing access to more memory.",,,,,
"computer-9","01-computer-systems","Computer Systems","1-6-computer-memory","1.6 Computer Memory","m17bjx1p752zv778zv2m38f7nd8c76qw","A",,,,,"false","[{""key"":""A"",""text"":""Bit""},{""key"":""B"",""text"":""Byte""},{""key"":""C"",""text"":""Kilobyte""},{""key"":""D"",""text"":""Word""}]","exam","MCQ","mcq","2",,,"The smallest unit of memory in a digital computer:","ms79h2tmarvhkzvcsppmrcxv8x8bv176",,,"true","fbise","annual","2025"
"computer-9","01-computer-systems","Computer Systems","1-6-computer-memory","1.6 Computer Memory","m17fqa70ntrvz9zzp4ptsrjn0d8c637z","A",,,,,"false","[{""key"":""A"",""text"":""Bit""},{""key"":""B"",""text"":""Byte""},{""key"":""C"",""text"":""Kilobyte""},{""key"":""D"",""text"":""Word""}]","exam","MCQ","mcq","13",,,"The smallest unit of memory in a digital computer is:","ms79h2tmarvhkzvcsppmrcxv8x8bv176",,,"true","fbise","annual","2025"
"computer-9","01-computer-systems","Computer Systems","1-6-computer-memory","1.6 Computer Memory","m170fx14dmwp0pf912ve15fs5s8e1qvk","B","xd74a1yr8wb6eq5rye37y17dy18e0fnh","Exercise 1: Multiple Choice Questions","ROM is non-volatile, so it retains its data even when power is removed, unlike RAM, cache or registers.",,"false","[{""key"":""A"",""text"":""RAM""},{""key"":""B"",""text"":""ROM""},{""key"":""C"",""text"":""Cache""},{""key"":""D"",""text"":""Register""}]","exercise","MCQ","mcq","vii","Multiple Choice Questions","{""blockIndex"":1,""chapterNumber"":1,""subjectSlug"":""computer-9""}","Which type of memory retains data even when the computer is turned off?","ms79h2tmarvhkzvcsppmrcxv8x8bv176",,,,,,
"computer-9","01-computer-systems","Computer Systems","1-6-computer-memory","1.6 Computer Memory","m1787bh7x2s8yvfrg21vh43fbd8e069k","B","xd74a1yr8wb6eq5rye37y17dy18e0fnh","Exercise 1: Multiple Choice Questions","Cache memory sits between the CPU and main memory to provide very high-speed, frequently-used data access.",,"false","[{""key"":""A"",""text"":""Store program instructions""},{""key"":""B"",""text"":""Provide high-speed storage""},{""key"":""C"",""text"":""Control input/output devices""},{""key"":""D"",""text"":""Perform arithmetic operations""}]","exercise","MCQ","mcq","viii","Multiple Choice Questions","{""blockIndex"":1,""chapterNumber"":1,""subjectSlug"":""computer-9""}","What is the main purpose of Cache memory?","ms79h2tmarvhkzvcsppmrcxv8x8bv176",,,,,,
"computer-9","01-computer-systems","Computer Systems","1-6-computer-memory","1.6 Computer Memory","m173gyy5r46h4gyh6k95frkf2h8e0k2s","B","xd74a1yr8wb6eq5rye37y17dy18e0fnh","Exercise 1: Multiple Choice Questions","A bit (binary digit, 0 or 1) is the smallest unit of memory; bytes and larger units are built from bits.",,"false","[{""key"":""A"",""text"":""Kilobyte""},{""key"":""B"",""text"":""Bit""},{""key"":""C"",""text"":""Byte""},{""key"":""D"",""text"":""Megabyte""}]","exercise","MCQ","mcq","ix","Multiple Choice Questions","{""blockIndex"":1,""chapterNumber"":1,""subjectSlug"":""computer-9""}","What is the smallest unit of memory in a digital computer?","ms79h2tmarvhkzvcsppmrcxv8x8bv176",,,,,,
"computer-9","01-computer-systems","Computer Systems","1-6-computer-memory","1.6 Computer Memory","m17e41tbr6zagxxdg4hd4kh3xx8e0wqt","B","xd74a1yr8wb6eq5rye37y17dy18e0fnh","Exercise 1: Multiple Choice Questions","Optical memory (e.g. CDs, DVDs) uses a laser beam to read and write data on the disc surface.",,"false","[{""key"":""A"",""text"":""RAM""},{""key"":""B"",""text"":""Optical memory""},{""key"":""C"",""text"":""Cache memory""},{""key"":""D"",""text"":""ROM""}]","exercise","MCQ","mcq","x","Multiple Choice Questions","{""blockIndex"":1,""chapterNumber"":1,""subjectSlug"":""computer-9""}","Which memory type uses laser beams to read and write data?","ms79h2tmarvhkzvcsppmrcxv8x8bv176",,,,,,
"computer-9","01-computer-systems","Computer Systems","1-6-computer-memory","1.6 Computer Memory","m1771t42n3ec0hjmqpzqdvvr1s8e0f84",,"xd7265cxa9hfx0vjj4x6f98ca58e06f5","Exercise 1: Short Response Questions",,,"false",,"exercise",,"short","ii","Short Response Questions","{""blockIndex"":1,""chapterNumber"":1,""subjectSlug"":""computer-9""}","Differentiate between volatile and non-volatile memory.","ms79h2tmarvhkzvcsppmrcxv8x8bv176","Volatile memory (e.g. RAM) loses its contents when power is removed, while non-volatile memory (e.g. ROM, hard disk) retains its contents even without power.",,,,,
"computer-9","01-computer-systems","Computer Systems","1-6-computer-memory","1.6 Computer Memory","m172wmq5358axq6w4b4dswd11d8e1dfz",,"xd7265cxa9hfx0vjj4x6f98ca58e06f5","Exercise 1: Short Response Questions",,,"false",,"exercise",,"short","iii","Short Response Questions","{""blockIndex"":1,""chapterNumber"":1,""subjectSlug"":""computer-9""}","Show memory hierarchy with the help of diagram.","ms79h2tmarvhkzvcsppmrcxv8x8bv176","Memory hierarchy, fastest/smallest to slowest/largest: Registers, then Cache memory, then Main memory (RAM), then Secondary storage (hard disk/SSD), then tertiary/off-line storage (optical disks, tapes).",,,,,
"computer-9","01-computer-systems","Computer Systems","1-7-software-engineering-and-hardware-engineering","1.7 Software Engineering and Hardware Engineering","m173m8m1pkrrk3jzhyqb498d918e0zzv",,"xd7265cxa9hfx0vjj4x6f98ca58e06f5","Exercise 1: Short Response Questions",,,"false",,"exercise",,"short","viii","Short Response Questions","{""blockIndex"":1,""chapterNumber"":1,""subjectSlug"":""computer-9""}","What does OOP stand for, and which programming languages commonly use this paradigm?","ms7a4pgj778rcvbxmmbfxhmsad8bvx54","OOP stands for Object-Oriented Programming. Languages that commonly use it include Java, C++, Python and C#.",,,,,
"computer-9","01-computer-systems","Computer Systems","1-9-data-communication","1.9 Data Communication","m174a1qxgap68q8ahmcd6t6jhn8c709w","A",,,,,"false","[{""key"":""A"",""text"":""Simplex""},{""key"":""B"",""text"":""Half duplex""},{""key"":""C"",""text"":""Full duplex""},{""key"":""D"",""text"":""Asynchronous""}]","exam","MCQ","mcq","13",,,"Which mode of communication can flow data in one direction only?","ms7fs82f2q4czvq9ea862f5azs8bvdgg",,,"true","fbise","annual","2025"
"computer-9","01-computer-systems","Computer Systems","1-9-data-communication","1.9 Data Communication","m17fycyjeshtrfej4jw0brf4mx8c7shm","D",,,,,"false","[{""key"":""A"",""text"":""Simplex""},{""key"":""B"",""text"":""Half duplex""},{""key"":""C"",""text"":""Asynchronous""},{""key"":""D"",""text"":""Full duplex""}]","exam","MCQ","mcq","2",,,"Which mode of communication allows simultaneous sending and receiving data?","ms7fs82f2q4czvq9ea862f5azs8bvdgg",,,"true","fbise","annual","2025"
"computer-9","01-computer-systems","Computer Systems","1-9-data-communication","1.9 Data Communication","m17dc6gzb8y4t4rc4xrm9mm73x8e10yv","D","xd74a1yr8wb6eq5rye37y17dy18e0fnh","Exercise 1: Multiple Choice Questions","The sender is responsible for converting the message into a signal suitable for transmission over the medium.",,"false","[{""key"":""A"",""text"":""Message""},{""key"":""B"",""text"":""Medium""},{""key"":""C"",""text"":""Protocol""},{""key"":""D"",""text"":""Sender""}]","exercise","MCQ","mcq","xii","Multiple Choice Questions","{""blockIndex"":1,""chapterNumber"":1,""subjectSlug"":""computer-9""}","Which component of data communication converts the electrical signal into a suitable form for transmission?","ms7fs82f2q4czvq9ea862f5azs8bvdgg",,,,,,
"computer-9","01-computer-systems","Computer Systems","1-9-data-communication","1.9 Data Communication","m17c253sgfbk44pq81nv0bqh918e18vv","B","xd74a1yr8wb6eq5rye37y17dy18e0fnh","Exercise 1: Multiple Choice Questions","The Presentation Layer translates, encrypts and compresses data into a standard format both ends can understand.",,"false","[{""key"":""A"",""text"":""Establishing connections between computers""},{""key"":""B"",""text"":""Converting data into a standard format""},{""key"":""C"",""text"":""Deciding the physical path of data""},{""key"":""D"",""text"":""Sending data in both directions simultaneously""}]","exercise","MCQ","mcq","xiii","Multiple Choice Questions","{""blockIndex"":1,""chapterNumber"":1,""subjectSlug"":""computer-9""}","What is the primary function of the Presentation Layer in the OSI model?","ms7fs82f2q4czvq9ea862f5azs8bvdgg",,,,,,
"computer-9","01-computer-systems","Computer Systems","1-9-data-communication","1.9 Data Communication","m17fz2kcjg4kpkz1dqw8v5qsqn8e0pev","B","xd74a1yr8wb6eq5rye37y17dy18e0fnh","Exercise 1: Multiple Choice Questions","Bus topology transmits data along a single shared cable, and broadcast-style unidirectional transmission is characteristic of this shared-medium layout.",,"false","[{""key"":""A"",""text"":""Star Topology""},{""key"":""B"",""text"":""Bus Topology""},{""key"":""C"",""text"":""Mesh Topology""},{""key"":""D"",""text"":""Ring Topology""}]","exercise","MCQ","mcq","xiv","Multiple Choice Questions","{""blockIndex"":1,""chapterNumber"":1,""subjectSlug"":""computer-9""}","In which network topology is data transmission unidirectional, like radio or television broadcasts?","ms7fs82f2q4czvq9ea862f5azs8bvdgg",,,,,,
"computer-9","01-computer-systems","Computer Systems","1-9-data-communication","1.9 Data Communication","m17dpm26xftmzpdf8g1g47f1jn8e08n8","A","xd74a1yr8wb6eq5rye37y17dy18e0fnh","Exercise 1: Multiple Choice Questions","In a Client/Server network, each machine has a fixed role, either dedicated server or client, unlike a peer-to-peer network where every machine can be both.",,"false","[{""key"":""A"",""text"":""Client/Server Network""},{""key"":""B"",""text"":""Peer-to-Peer Network""},{""key"":""C"",""text"":""Metropolitan Area Network (MAN)""},{""key"":""D"",""text"":""Wide Area Network (WAN)""}]","exercise","MCQ","mcq","xv","Multiple Choice Questions","{""blockIndex"":1,""chapterNumber"":1,""subjectSlug"":""computer-9""}","Which network architecture requires each computer to act as either a server or a client but not both simultaneously?","ms7fs82f2q4czvq9ea862f5azs8bvdgg",,,,,,
"computer-9","01-computer-systems","Computer Systems","1-9-data-communication","1.9 Data Communication","m17fm77f6xxwqht7nz8ga72p918e1vet",,"xd7265cxa9hfx0vjj4x6f98ca58e06f5","Exercise 1: Short Response Questions",,,"false",,"exercise",,"short","ix","Short Response Questions","{""blockIndex"":1,""chapterNumber"":1,""subjectSlug"":""computer-9""}","Define ""protocol"" in the context of data communication.","ms7fs82f2q4czvq9ea862f5azs8bvdgg","A protocol is an agreed set of rules that governs how data is formatted, transmitted and received between devices in a network.",,,,,
"computer-9","01-computer-systems","Computer Systems","1-9-data-communication","1.9 Data Communication","m175bnyfqwg66xjzmjgkksaq098e1v28",,"xd7265cxa9hfx0vjj4x6f98ca58e06f5","Exercise 1: Short Response Questions",,,"false",,"exercise",,"short","x","Short Response Questions","{""blockIndex"":1,""chapterNumber"":1,""subjectSlug"":""computer-9""}","Define simplex, half-duplex, and full-duplex modes of communication with one example each.","ms7fs82f2q4czvq9ea862f5azs8bvdgg","Simplex: data flows in one direction only, e.g. a television broadcast. Half-duplex: data flows both ways but only one direction at a time, e.g. a walkie-talkie. Full-duplex: data flows both ways simultaneously, e.g. a telephone call.",,,,,
"computer-9","01-computer-systems","Computer Systems","1-9-data-communication","1.9 Data Communication","m17453ykrjkv74zg4e8f2rh4858e1kmb",,"xd7265cxa9hfx0vjj4x6f98ca58e06f5","Exercise 1: Short Response Questions",,,"false",,"exercise",,"short","xi","Short Response Questions","{""blockIndex"":1,""chapterNumber"":1,""subjectSlug"":""computer-9""}","What are start and stop bits, and where are they used in data transmission?","ms7fs82f2q4czvq9ea862f5azs8bvdgg","Start and stop bits mark the beginning and end of a data byte in asynchronous transmission, letting the receiver know where each character begins and ends.",,,,,
"computer-9","01-computer-systems","Computer Systems","1-9-data-communication","1.9 Data Communication","m17ab6pgva693cxt8r0xd4715x8e0kh5",,"xd7265cxa9hfx0vjj4x6f98ca58e06f5","Exercise 1: Short Response Questions",,,"false",,"exercise",,"short","xii","Short Response Questions","{""blockIndex"":1,""chapterNumber"":1,""subjectSlug"":""computer-9""}","How does a switch differ from a hub in a network?","ms7fs82f2q4czvq9ea862f5azs8bvdgg","A hub broadcasts incoming data to all connected devices, while a switch intelligently forwards data only to the specific device it is addressed to, making switches more efficient.",,,,,
"computer-9","01-computer-systems","Computer Systems","1-9-data-communication","1.9 Data Communication","m1741t1a5djhm42xr8sg2v203d8e0h58",,"xd7265cxa9hfx0vjj4x6f98ca58e06f5","Exercise 1: Short Response Questions",,,"false",,"exercise",,"short","xiii","Short Response Questions","{""blockIndex"":1,""chapterNumber"":1,""subjectSlug"":""computer-9""}","How does asynchronous transmission differ from synchronous transmission?","ms7fs82f2q4czvq9ea862f5azs8bvdgg","Asynchronous transmission sends data one character at a time with start/stop bits and no shared clock, while synchronous transmission sends data in large blocks timed by a shared clock signal between sender and receiver.",,,,,
"computer-9","01-computer-systems","Computer Systems","1-9-data-communication","1.9 Data Communication","m178mksfzq9ks4k9vgd0m6rsyx8e0p0s",,"xd7265cxa9hfx0vjj4x6f98ca58e06f5","Exercise 1: Short Response Questions",,,"false",,"exercise",,"short","xiv","Short Response Questions","{""blockIndex"":1,""chapterNumber"":1,""subjectSlug"":""computer-9""}","Give three limitations of peer-to-peer network compared to a client/server network.","ms7fs82f2q4czvq9ea862f5azs8bvdgg","Three limitations: weaker centralized security, harder to manage as the network grows, and no dedicated server for centralized backup/resource sharing.",,,,,
"computer-9","01-computer-systems","Computer Systems","1-9-data-communication","1.9 Data Communication","m17age2kksynqrxbmnk1h33z8h8e1hzj",,"xd7265cxa9hfx0vjj4x6f98ca58e06f5","Exercise 1: Short Response Questions",,,"false",,"exercise",,"short","xv","Short Response Questions","{""blockIndex"":1,""chapterNumber"":1,""subjectSlug"":""computer-9""}","What is the role of the Application Layer in the OSI model?","ms7fs82f2q4czvq9ea862f5azs8bvdgg","The Application Layer is the topmost OSI layer; it provides the interface through which end-user software (e.g. browsers, email clients) accesses network services.",,,,,
"computer-9","01-computer-systems","Computer Systems","1-9-data-communication","1.9 Data Communication","m17c7n5dpvxay1psn7b63ss9j98e08mx",,"xd75pf6pbrqz49d456qtt01p6n8e03j8","Exercise 1: Extended Response Questions",,,"false",,"exercise",,"long","3","Extended Response Questions","{""blockIndex"":1,""chapterNumber"":1,""subjectSlug"":""computer-9""}","Explain the fundamental components of network communication, and how do they work together to facilitate data transfer?","ms7fs82f2q4czvq9ea862f5azs8bvdgg","The five fundamental components of network communication are sender, message, medium, receiver, and protocol. The sender, also called the transmitter, is the device that sends the information. It converts the electrical signal into a form suitable for transmission. The message is the data being sent, such as text, audio, or video. The medium is the path through which the message travels, for example a telephone cable, fibre optic cable, Wi-Fi, or a radio wave. The receiver is the destination device, such as a computer, telephone, or television, that accepts the transmitted message and converts it to an appropriate form. A protocol is the agreed set of rules that governs the communication and allows the devices to understand one another. During a transfer, the sender encodes the message, the medium carries it, and the receiver decodes it according to the protocol. Together these components allow data to move reliably from its source to its destination.","[""The core components are sender, message, medium, protocol, and receiver."",""The sender originates the message; the medium (wired or wireless) carries it; the protocol defines the rules both ends follow; the receiver accepts and interprets the message."",""All components must work together correctly for data to be transferred successfully from sender to receiver.""]",,,,
"computer-9","01-computer-systems","Computer Systems","1-9-data-communication","1.9 Data Communication","m1773tv9jv68t02b888vcf9gp98e0h9k",,"xd75pf6pbrqz49d456qtt01p6n8e03j8","Exercise 1: Extended Response Questions",,,"false",,"exercise",,"long","4","Extended Response Questions","{""blockIndex"":1,""chapterNumber"":1,""subjectSlug"":""computer-9""}","Describe the roles of common communication devices like hubs, switches, routers, and gateways in data communication. How do they contribute to the functionality of a network?","ms7fs82f2q4czvq9ea862f5azs8bvdgg","A hub connects several devices in a local area network and broadcasts incoming data to every connected device. It is simple but inefficient because devices receive data not intended for them. A switch is more intelligent: it examines the packet, identifies the intended device, and sends the packet only there, reducing traffic and improving efficiency. A router connects different networks, often a local network to the Internet. It selects an appropriate path for packets and forwards them between networks. A gateway connects networks that use different protocols. It translates data formats so the networks can communicate, such as a PC network communicating with an IBM mainframe network. In practice, a hub is suitable only for a basic small network, a switch is preferred for efficient communication inside a LAN, a router is needed for communication between networks, and a gateway is used where protocol conversion is required.","[""A hub broadcasts data to every connected device with no intelligence."",""A switch forwards data only to the intended destination device, improving efficiency."",""A router directs data between different networks, choosing the best path."",""A gateway connects networks that use different protocols, translating between them so devices on each can communicate.""]",,,,
"computer-9","01-computer-systems","Computer Systems","1-9-data-communication","1.9 Data Communication","m173999yghr347xabrq7k5ty198e0a0r",,"xd75pf6pbrqz49d456qtt01p6n8e03j8","Exercise 1: Extended Response Questions",,,"false",,"exercise",,"long","5","Extended Response Questions","{""blockIndex"":1,""chapterNumber"":1,""subjectSlug"":""computer-9""}","Discuss the advantages and limitations of different network topologies, including bus, star and ring. When should each topology be used in a network design?","ms7fs82f2q4czvq9ea862f5azs8bvdgg","A bus topology connects all devices to one central cable. It is simple and cost-effective for small networks, but a damaged bus cable can affect the entire network. A star topology connects every device to a central hub or switch. It is easy to maintain and expand, and an individual cable failure normally affects only one device, but failure of the central hub or switch brings down the network. A ring topology connects devices in a circular arrangement and sends data around the loop in one direction. It can be cost-effective and provides an orderly path, but a break anywhere in the ring can stop the whole network. A small temporary network with limited cost may use bus. A school or office LAN normally benefits from star because it is easier to troubleshoot and extend. Ring is suitable where controlled one-way circulation is useful and the organisation can tolerate or protect against the effect of a break.","[""Bus topology: simple and cheap to install, but a single cable failure can bring down the whole network; suits small, temporary networks."",""Star topology: each device connects to a central hub/switch, easy to manage and a single device failure does not affect others, but the whole network fails if the central device fails; suits most modern office/home networks."",""Ring topology: data travels in one direction around a ring, predictable performance, but one broken link can disrupt the whole ring unless dual-ring redundancy is used; suits networks needing orderly, predictable data flow.""]",,,,
"computer-9","01-computer-systems","Computer Systems","1-9-data-communication","1.9 Data Communication","m17enmph8yxfajhb2rvpgy8kb98e1cf3",,"xd75pf6pbrqz49d456qtt01p6n8e03j8","Exercise 1: Extended Response Questions",,,"false",,"exercise",,"long","6","Extended Response Questions","{""blockIndex"":1,""chapterNumber"":1,""subjectSlug"":""computer-9""}","What is the OSI model, and how does it help in understanding the process of data communication? Give the purpose of each OSI layer.","ms7fs82f2q4czvq9ea862f5azs8bvdgg","The OSI (Open Systems Interconnection) model is a conceptual framework that explains how networking protocols cooperate to transmit data. It has seven layers. The Application layer provides end-user services such as file transfer and reading messages. The Presentation layer converts data into a format understood by other layers and systems. The Session layer establishes and manages communication sessions between applications. The Transport layer provides reliable delivery and maintains packet order and integrity. The Network layer chooses an efficient path for data and uses devices such as routers. The Data Link layer defines the data format for the link, converts data into packets or frames, and checks accuracy. The Physical layer transmits the actual bits through physical hardware such as cables and connectors. Data moves down the layers at the sender, crosses the medium, and moves up the layers at the receiver. Separating the work into layers makes network design, compatibility, troubleshooting, and protocol development easier to understand.","[""The OSI model is a 7-layer conceptual framework describing how data moves from one device to another across a network."",""Physical: transmits raw bits over the medium. Data Link: handles node-to-node delivery and error detection. Network: routes data between different networks. Transport: ensures reliable end-to-end delivery."",""Session: manages and controls the dialogue/session between devices. Presentation: converts data into a standard format (e.g. encryption, compression). Application: provides the interface for end-user software to access network services."",""Breaking communication into these layers helps engineers design, troubleshoot and standardize network technology independently at each layer.""]",,,,
"computer-9","01-computer-systems","Computer Systems","1-9-data-communication","1.9 Data Communication","m171m1nnyv3ze7zgq8e8h0p1j18e1sz5",,"xd75pf6pbrqz49d456qtt01p6n8e03j8","Exercise 1: Extended Response Questions",,,"false",,"exercise",,"long","7","Extended Response Questions","{""blockIndex"":1,""chapterNumber"":1,""subjectSlug"":""computer-9""}","Discuss any three common applications of the Internet and their impact on various aspects of society, including communication, education, business, entertainment, and research.","ms7fs82f2q4czvq9ea862f5azs8bvdgg","The Internet has many applications. First, it supports communication through email, instant messaging, social networking, and video calls. These services connect people across countries in real time and make collaboration easier. Second, it supports education and research by providing online courses, digital libraries, search engines, research databases, and access to information from around the world. Students can learn remotely and researchers can share results quickly. Third, it supports business through online shopping, digital payments, online banking, advertising, remote work, and collaboration. Businesses can reach customers beyond their local area and operate more efficiently. The Internet also supports entertainment such as streaming and online gaming. Its positive effects include global connectivity, quick information retrieval, knowledge sharing, and innovation. These benefits must be balanced against cybersecurity risks, privacy concerns, misinformation, and possible overuse, so users and organisations should apply suitable security and responsible-use practices.","[""Communication: email, messaging and video calls let people connect instantly across the world, transforming personal and professional interaction."",""Education: online courses and digital libraries give students access to learning resources beyond their local school, supporting remote and self-paced learning."",""E-commerce/business: online shopping and digital banking let businesses reach global customers and operate with lower overheads, changing how commerce is conducted.""]",,,,