subjectSlug,chapterSlug,chapterTitle,topicSlug,topicTitle,_id,correctKey,correctKeyVerified,examBoard,explanation,keyPoints,lastAttempt,locked,marks,modelAnswer,options,partType,questionKind,questionNumber,session,stem,topicId,year,exerciseId,exerciseTitle,origin,sourceRef
"biology-12","10-biotechnology","Biotechnology","10-1-introduction-to-genetic-engineering","10.1 Introduction to Genetic Engineering","m174etnpr3nvavzknwr2ke4h4h85pdvn","A","true","Federal Board","A genome is a full set of genes in an organism. It represents the complete set of DNA containing all the genetic information needed to define the characteristics and functions of that organism.","[""Genome defined as complete set of DNA/genes in an organism"",""Contains all genetic information of an organism"",""Represents the organism's complete genetic blueprint"",""Subject of study in genomics field""]",,"false","1","A genome is a full set of genes in an organism. It represents the complete set of DNA containing all the genetic information needed to define the characteristics and functions of that organism.","[{""key"":""A"",""text"":""Individual""},{""key"":""B"",""text"":""Population""},{""key"":""C"",""text"":""Species""},{""key"":""D"",""text"":""Cell""}]","MCQ","mcq","14","annual","A genome is a full set of genes in an:","ms71z2vhvk4xey847vyjx0vk1x85p8a2","2022",,,,
"biology-12","10-biotechnology","Biotechnology","10-1-introduction-to-genetic-engineering","10.1 Introduction to Genetic Engineering","m17c73c0r10xfa5e6vyd8fvqds85qgc0",,,"Federal Board",,"[""Identification of DNA fragmentation using restriction endonucleases as the first step"",""Recognition of separation/purification techniques (gel electrophoresis) as the second step"",""Understanding of base sequence determination methods (Sanger sequencing/chain termination) as the third step"",""Clarity on the purpose of each step in the overall sequencing process"",""Correct use of FBISE terminology (restriction endonucleases, dideoxynucleotides, gel electrophoresis)""]",,"false","3","The three main steps involved in DNA sequencing methods are: (1) **DNA Fragmentation** - the DNA sample is cut into smaller, manageable fragments using restriction endonucleases at specific recognition sites; (2) **Separation and Purification** - the DNA fragments are separated by size using gel electrophoresis and then purified to isolate individual fragments; (3) **Base Sequence Determination** - the nucleotide sequence of each fragment is determined using methods such as Sanger sequencing or chain termination, where dideoxynucleotides (ddNTPs) are incorporated to create fragments of varying lengths that are then analyzed to read the sequence.",,"B","short","12","annual","Write down three main steps involved in any DNA sequencing method.","ms71z2vhvk4xey847vyjx0vk1x85p8a2","2022",,,,
"biology-12","10-biotechnology","Biotechnology","10-1-introduction-to-genetic-engineering","10.1 Introduction to Genetic Engineering","m170fwbvhnz8nvs7ejg3k17ssx85pm51",,"true","Federal Board",,"[""Colorblind son genotype is $X^c Y$ (hemizygous recessive)"",""Mother must be carrier with genotype $X^C X^c$ (heterozygous)"",""Non-carrier daughter genotype is $X^C X^C$ (homozygous dominant)"",""Father must have normal vision genotype $X^C Y$"",""Color blindness is X-linked recessive trait following sex-linked inheritance pattern""]",,"false","3","A colorblind son has the genotype $X^c Y$ (hemizygous recessive), indicating he inherited the recessive allele from his mother. His mother must be a carrier with genotype $X^C X^c$ (heterozygous). The non-carrier daughter has genotype $X^C X^C$ (homozygous dominant), meaning she inherited the dominant allele from both parents. Therefore, the father must have normal vision with genotype $X^C Y$. The parents' genotypes are: Mother $X^C X^c$ (carrier female) and Father $X^C Y$ (normal male).",,"B","short","5","annual","What are the phenotypes and genotypes of parents of a colorblind son and non-carrier daughter?","ms71z2vhvk4xey847vyjx0vk1x85p8a2","2022",,,,
"biology-12","10-biotechnology","Biotechnology","10-1-introduction-to-genetic-engineering","10.1 Introduction to Genetic Engineering","m17f3vej0ngyw9wrs35bak34mn85qy5w",,,"Federal Board",,"[""Exons are expressed coding sequences retained in mRNA; introns are non-coding sequences removed during splicing"",""Euchromatin is loosely packed and transcriptionally active; heterochromatin is condensed and transcriptionally inactive"",""Nucleosome consists of DNA wrapped around histone octamer; primosome is a replication complex synthesizing RNA primers"",""Understanding these distinctions is essential for comprehending gene expression, chromatin organization, and DNA replication mechanisms"",""Each pair represents different levels of genetic organization and function in the cell""]",,"false","3","a. **Intron vs Exon**: Exons are coding sequences of DNA that are expressed and retained in mature mRNA after transcription. Introns are non-coding sequences that are transcribed but removed during RNA splicing and do not appear in the final mRNA. b. **Heterochromatin vs Euchromatin**: Euchromatin is loosely packed, transcriptionally active chromatin that allows gene expression. Heterochromatin is tightly condensed, transcriptionally inactive chromatin where genes are generally not expressed. c. **Nucleosome vs Primosome**: A nucleosome is the basic structural unit of chromatin consisting of DNA wrapped around a histone octamer core. A primosome is a protein complex that synthesizes RNA primers during DNA replication to initiate DNA strand synthesis.",,"B","short","8","annual","Differentiate between:
a. **Intron** and **exon**
b. **Heterochromatin** and **Euchromatin**
c. **Nucleosome** and **Primosome**","ms71z2vhvk4xey847vyjx0vk1x85p8a2","2022",,,,
"biology-12","10-biotechnology","Biotechnology","10-1-introduction-to-genetic-engineering","10.1 Introduction to Genetic Engineering","m17dbqz9xw526td7257pt68tzh85pqnn",,,"Federal Board",,"[""Defines cystic fibrosis as a genetic disorder caused by CFTR gene mutation affecting chloride ion transport"",""Explains that gene therapy introduces a functional CFTR gene copy into patient cells using vectors"",""Describes how restored CFTR gene expression produces functional protein to normalize cellular ion transport"",""States that gene therapy reduces mucus accumulation and improves organ function"",""Identifies vectors (viral or liposomal) as delivery mechanisms for the therapeutic gene""]",,"false","3","Cystic fibrosis is a genetic disorder caused by mutations in the CFTR gene, resulting in defective chloride ion transport across cell membranes, leading to thick mucus accumulation in lungs and digestive organs. Gene therapy for cystic fibrosis involves introducing a functional copy of the CFTR gene into affected cells using molecular vectors (such as modified viruses or liposomes) to restore normal gene expression and protein function, allowing cells to produce functional CFTR protein and normalize ion transport, thereby reducing mucus buildup and improving respiratory and digestive function.",,"B","short","11","annual","What is cystic fibrosis? How is gene therapy used to cure it?","ms71z2vhvk4xey847vyjx0vk1x85p8a2","2022",,,,
"biology-12","10-biotechnology","Biotechnology","10-1-introduction-to-genetic-engineering","10.1 Introduction to Genetic Engineering","m175w3bpbfykeas3z4a28kvf2s85pq7p",,,"Federal Board",,"[""Male produces two types of gametes: X-bearing and Y-bearing sperm"",""Female produces only one type of gamete: X-bearing eggs"",""Male gamete determines sex of offspring (heterogametic definition)"",""Punnett square shows 1:1 ratio of male to female offspring"",""Y chromosome presence in male makes it heterogametic sex""]",,"false","3","The human male is referred to as heterogametic because it produces two different types of gametes: sperm carrying either an X chromosome or a Y chromosome. In contrast, the female is homogametic as it produces only one type of gamete (egg) carrying an X chromosome. During fertilization, the male gamete determines the sex of the offspring, making males the heterogametic sex.

**Cross Demonstration:**
Let X represent the X chromosome and Y represent the Y chromosome.

Female (homogametic): XX
Male (heterogametic): XY

Punnett Square:
```
        X (egg)    X (egg)
Y (sperm)  XY         XY
X (sperm)  XX         XX
```

**Results:** 50% XY (male offspring) and 50% XX (female offspring). The male's two different gamete types (X or Y) determine whether offspring will be male or female, demonstrating why males are heterogametic.",,"B","short","14","annual","Why is human male referred as heterogametic? Explain with the help of a cross.","ms71z2vhvk4xey847vyjx0vk1x85p8a2","2022",,,,
"biology-12","10-biotechnology","Biotechnology","10-1-introduction-to-genetic-engineering","10.1 Introduction to Genetic Engineering","m1715737rgv4dnp78dgf62ee9n85phey",,"true","Federal Board",,"[""Definition of multiple alleles as more than two alternative forms of a gene at the same locus"",""Identification of three alleles in ABO system: $I^A$, $I^B$, and $i$ with their respective phenotypic expressions"",""Explanation of codominance between $I^A$ and $I^B$ and dominance over recessive $i$ allele"",""Description of four blood types produced: A, B, AB, and O with their genotypes"",""Recognition that multiple alleles increase genetic variation and phenotypic diversity in populations""]",,"false","5","Multiple alleles refer to the existence of more than two alternative forms (alleles) of a gene at the same locus in a population. The ABO blood group system exemplifies this concept perfectly, involving three alleles: $I^A$, $I^B$, and $i$. These alleles determine blood type through codominance and dominance relationships. The $I^A$ and $I^B$ alleles are codominant to each other, both expressing their phenotypes when present together (AB blood type), while both are dominant over the recessive $i$ allele. This produces four possible phenotypes: Type A ($I^A I^A$ or $I^A i$), Type B ($I^B I^B$ or $I^B i$), Type AB ($I^A I^B$), and Type O ($ii$). The ABO system demonstrates how multiple alleles increase genetic variation within populations and how different dominance relationships between alleles can produce diverse phenotypic outcomes from a limited number of allelic combinations.

**Genetic Basis of ABO Blood Groups:**
The three alleles control the production of antigens on red blood cell surfaces. $I^A$ codes for A antigen, $I^B$ codes for B antigen, and $i$ produces no antigen. The codominant expression of $I^A$ and $I^B$ results in both antigens being present in AB individuals.

**Significance:**
Multiple alleles increase genetic diversity and provide more phenotypic variation than simple two-allele systems. This concept is crucial for understanding inheritance patterns, population genetics, and practical applications like blood transfusion compatibility.",,"C","long","2","annual","Explain the concept of **multiple alleles** giving **ABO blood group** as an example.","ms71z2vhvk4xey847vyjx0vk1x85p8a2","2022",,,,
"biology-12","10-biotechnology","Biotechnology","10-1-introduction-to-genetic-engineering","10.1 Introduction to Genetic Engineering","m174hcjs72dzfrsvp4w5edrbw585pdyv",,"true","Federal Board",,"[""Correctly identifies both parents as heterozygous (Aa) based on having an albino child"",""Accurately sets up and solves the Punnett square for Aa × Aa cross"",""Correctly identifies normal phenotype as AA and Aa genotypes (3 out of 4)"",""Expresses probability as 3/4 or 75%"",""Demonstrates understanding of recessive inheritance pattern""]",,"false","5","Since normal parents have an albino child, both parents must be heterozygous carriers (Aa). Using a Punnett square for the cross Aa × Aa, the possible offspring genotypes are: AA (1/4), Aa (2/4), and aa (1/4). The normal phenotype includes both AA and Aa genotypes, which together represent 3/4 of the offspring. Therefore, the probability that their next child will be normal for color is **3/4 or 75%**.",,"C","long","4","annual","Albinism (lack of pigment) in man is caused by a recessive gene. If normal parents have an albino child, what is the probability that their next child be normal for color?","ms71z2vhvk4xey847vyjx0vk1x85p8a2","2022",,,,
"biology-12","10-biotechnology","Biotechnology","10-1-introduction-to-genetic-engineering","10.1 Introduction to Genetic Engineering","m171jws9w9n7mj0855mbaa0h6585p55s",,"true","Federal Board",,"[""Identifies universality of genetic code across organisms"",""Explains degeneracy/redundancy and its protective function against mutations"",""Describes non-overlapping nature of codons in translation"",""Provides clear biological significance of each characteristic"",""Uses appropriate FBISE terminology""]",,"false","3","The genetic code has three key characteristics: (1) **Universal** - the same codons specify the same amino acids across most organisms, indicating a common evolutionary origin; (2) **Degenerate/Redundant** - multiple codons can code for the same amino acid, providing protection against mutations; (3) **Non-overlapping** - codons are read sequentially without sharing nucleotides, ensuring accurate translation of mRNA into proteins.",,"B","short","11","annual","Briefly explain any three characteristics of **Genetic Code**.","ms71z2vhvk4xey847vyjx0vk1x85p8a2","2023",,,,
"biology-12","10-biotechnology","Biotechnology","10-1-introduction-to-genetic-engineering","10.1 Introduction to Genetic Engineering","m1720v4hj2aa2rbe49z79tb2nx85pp6t","A","true","Federal Board","The question asks which individual will be hemophilic, but the provided notes cover genetic engineering, restriction endonucleases, and molecular vectors, topics from Chapter 10. Hemophilia is an X-linked recessive genetic disorder typically covered in inheritance chapters. Based on standard genetics: a hemophilic male (XhY) or a homozygous hemophilic female (XhXh) would be hemophilic. Without the specific answer options provided in the question, a definitive answer cannot be given from these notes.","[""Hemophilia is an X-linked recessive trait"",""Males with genotype XhY express the hemophilic phenotype"",""Females require homozygous recessive genotype (XhXh) to be hemophilic"",""Heterozygous females (XHXh) are carriers but not hemophilic"",""The provided notes do not contain information about hemophilia inheritance patterns""]",,"false","1","The question asks which individual will be hemophilic, but the provided notes cover genetic engineering, restriction endonucleases, and molecular vectors—topics from Chapter 10. Hemophilia is an X-linked recessive genetic disorder typically covered in inheritance chapters. Based on standard genetics: a hemophilic male (XhY) or a homozygous hemophilic female (XhXh) would be hemophilic. Without the specific answer options provided in the question, a definitive answer cannot be given from these notes.","[{""key"":""A"",""text"":""$X^H X^H$""},{""key"":""B"",""text"":""$X^h Y$""},{""key"":""C"",""text"":""$X^H Y$""},{""key"":""D"",""text"":""$X^H X^h$""}]","MCQ","mcq","9","annual","Which of the following will be hemophilic?","ms71z2vhvk4xey847vyjx0vk1x85p8a2","2024",,,,
"biology-12","10-biotechnology","Biotechnology","10-1-introduction-to-genetic-engineering","10.1 Introduction to Genetic Engineering","m178dff9mv07t10fv3ggm85vwh85pfbh",,"true","Federal Board",,"[""Definition of chromosome as DNA-protein structure carrying genetic material"",""Definition of gene as specific DNA segment coding for proteins/traits"",""Explanation that genes are located on chromosomes"",""Hierarchical relationship: genes are functional units, chromosomes are structural units"",""Role of chromosomes in organizing and transmitting genes during cell division""]",,"false","3","Chromosomes are thread-like structures composed of DNA and proteins that carry genetic information in the nucleus of eukaryotic cells. Genes are specific segments of DNA located on chromosomes that code for particular proteins or traits. Chromosomes serve as the physical carriers of genes; each chromosome contains thousands of genes arranged in a linear sequence. The relationship between them is hierarchical: genes are functional units of heredity, while chromosomes are the structural units that organize and package these genes for storage and transmission during cell division and reproduction.",,"B","short","6","annual","What are chromosomes and genes? How are they related?","ms71z2vhvk4xey847vyjx0vk1x85p8a2","2024",,,,
"biology-12","10-biotechnology","Biotechnology","10-1-introduction-to-genetic-engineering","10.1 Introduction to Genetic Engineering","m17avaqc92phxh230j9tj3hrb585qnbm",,"true","Federal Board",,"[""Heat treatment killed bacterial cells by denaturing proteins and disrupting cellular machinery, not by destroying DNA"",""DNA remained chemically intact and retained its biological activity after heat treatment"",""The transforming principle (DNA) could still be extracted from heat-killed bacteria and cause genetic transformation in living cells"",""DNA's double helix structure is thermally stable compared to proteins, allowing it to survive temperatures that kill cells"",""Griffith's results proved that the genetic material was not inactivated by heat, leading to the conclusion that DNA was the transforming principle""]",,"false","3","No, the heat treatment that killed the bacteria in Griffith's experiment did not inactivate the bacterial DNA. This is evidenced by the fact that the heat-killed S strain bacteria could still transform living R strain bacteria into virulent S strain, demonstrating that the genetic material (DNA) remained chemically intact and biologically active despite the lethal heat treatment. The heat killed the bacterial cells by denaturing proteins and disrupting cellular structures, but the DNA double helix structure was stable enough to survive and retain its transforming ability.",,"B","short","7","annual","In Griffith's experiment, do you think the heat treatment that killed the bacteria also inactivated the bacterial DNA? Why or why not?","ms71z2vhvk4xey847vyjx0vk1x85p8a2","2024",,,,
"biology-12","10-biotechnology","Biotechnology","10-1-introduction-to-genetic-engineering","10.1 Introduction to Genetic Engineering","m17fbets200b97asfc2b15rw0n85pgz1",,"true","Federal Board",,"[""Extraction and fragmentation of total genomic DNA using restriction endonucleases"",""Insertion of DNA fragments into appropriate molecular vectors (plasmids/phage/cosmids) using DNA ligase"",""Introduction of recombinant vectors into competent host cells via transformation"",""Replication and maintenance of cloned fragments representing the complete genome"",""Screening and selection of recombinant clones containing genes of interest""]",,"false","3","A genomic library is constructed by first extracting total DNA from an organism's cells and fragmenting it using restriction endonucleases into manageable pieces. These DNA fragments are then inserted into molecular vectors (such as plasmids, phage DNA, or cosmids) using DNA ligase to form recombinant DNA molecules. The recombinant vectors are introduced into competent host cells (usually bacteria) through transformation, where they replicate and express the foreign genes. Finally, the collection of all cloned DNA fragments representing the entire genome is maintained as a genomic library, which can be screened and analyzed to isolate genes of interest.",,"B","short","15","annual","Briefly describe the procedure for the construction of Genomic library.","ms71z2vhvk4xey847vyjx0vk1x85p8a2","2024",,,,
"biology-12","10-biotechnology","Biotechnology","10-1-introduction-to-genetic-engineering","10.1 Introduction to Genetic Engineering","m170xwtfjhak8kwk1q16sa3xxn85pd8p",,"true","Federal Board",,"[""Genetic marker: identifiable DNA sequence/variation used for tracking and distinguishing individuals"",""Genomics: study of complete genome including sequencing, mapping, and analyzing all genes and genetic variations"",""Genome maps: representations showing gene and marker locations on chromosomes for inheritance tracking"",""Applications include personalized medicine, genetic testing, and understanding genetic blueprints"",""All three terms relate to understanding and analyzing genetic information at the molecular level""]",,"false","3","A genetic marker is a specific DNA sequence or variation that can be identified and tracked to distinguish individuals or populations. Genomics is the comprehensive study of an organism's complete set of DNA (genome), including all genes, through sequencing, mapping, and analysis to understand genetic variations and their effects. Genome maps are visual or digital representations showing the locations of genes and genetic markers along chromosomes, used to track inheritance patterns and identify genetic variations.",,"B","short","17","annual","Briefly describe the following terms:
**A.** Genetic marker
**B.** Genomics
**C.** Genome maps","ms71z2vhvk4xey847vyjx0vk1x85p8a2","2024",,,,
"biology-12","10-biotechnology","Biotechnology","10-1-introduction-to-genetic-engineering","10.1 Introduction to Genetic Engineering","m177z5et08vs1aknrkrfhf2qj585qfyt",,"true","Federal Board",,"[""Transcription process: RNA polymerase reads template DNA strand (3' to 5') and synthesizes mRNA (5' to 3') using complementary base pairing"",""5' capping: Addition of 7-methylguanosine cap protects mRNA from degradation and aids ribosome recognition"",""3' polyadenylation: Addition of poly-A tail (~200 adenines) increases mRNA stability and translation efficiency"",""Splicing: snRNPs remove introns and join exons; allows alternative splicing for protein diversity"",""Post-transcriptional modifications enable mRNA export from nucleus, protection from nucleases, and efficient translation""]",,"false","7","DNA information is used for RNA synthesis through the process of transcription, where RNA polymerase reads the DNA template strand in the 3' to 5' direction and synthesizes mRNA in the 5' to 3' direction, following base-pairing rules (A-U, G-C, C-G, T-A). The mRNA transcript undergoes several post-transcriptional modifications before translation: 5' capping (addition of 7-methylguanosine cap), 3' polyadenylation (addition of ~200 adenine nucleotides), and splicing (removal of introns and joining of exons by snRNPs). These modifications increase mRNA stability, facilitate nuclear export, enhance translation efficiency, and allow for alternative splicing to produce protein diversity. The mature mRNA is then transported to the ribosome for protein synthesis.",,"C","long","4","annual","How is the information present in DNA used for the synthesis of RNA? Explain in detail. Also list down the post transcriptional modifications of mRNA.","ms71z2vhvk4xey847vyjx0vk1x85p8a2","2024",,,,
"biology-12","10-biotechnology","Biotechnology","10-1-introduction-to-genetic-engineering","10.1 Introduction to Genetic Engineering","m17fzhjk056kvk5cdfybqf431585p7ht",,"true","Federal Board",,"[""Identifies two methods: somatic gene therapy (non-heritable) and germline gene therapy (heritable)"",""Explains CFTR gene defect causes thick mucus in CF lungs and digestive organs"",""Describes how functional CFTR gene restores chloride ion channels and normal mucus clearance"",""Discusses benefits: reduces infections, improves respiratory function, and addresses root cause of disease"",""Mentions delivery method (viral/non-viral vectors) and target tissue (lungs)""]",,"false","6","**Two Methods of Gene Therapy:**

**1. Somatic Gene Therapy:** Involves introducing functional genes into somatic (body) cells to correct genetic defects. The therapeutic effect is limited to the treated individual and is not inherited by offspring.

**2. Germline Gene Therapy:** Involves modifying genes in reproductive cells (gametes or embryos), making changes heritable and passed to future generations.

**Role of Gene Therapy in Cystic Fibrosis:**

Cystic fibrosis (CF) is caused by mutations in the CFTR gene, resulting in defective chloride ion channels in epithelial cells, leading to thick mucus accumulation in lungs and digestive organs. Successful gene therapy for CF aims to introduce a functional copy of the CFTR gene into affected lung cells using viral or non-viral vectors. Once integrated, the functional gene produces normal CFTR protein, restoring chloride ion transport and reducing mucus viscosity. This allows normal airway clearance, reducing bacterial infections and improving respiratory function. Gene therapy offers potential long-term benefits by addressing the root cause rather than merely treating symptoms. Successful CF gene therapy would significantly improve quality of life, reduce pulmonary complications, and potentially extend survival rates in affected individuals. The lungs are targeted because they are the primary site of CF pathology and are relatively accessible for gene delivery through inhalation methods.",,"C","long","5","annual","What are the two methods used for gene therapy? Explain the role of successful gene therapy for cystic fibrosis.","ms71z2vhvk4xey847vyjx0vk1x85p8a2","2024",,,,
"biology-12","10-biotechnology","Biotechnology","10-1-introduction-to-genetic-engineering","10.1 Introduction to Genetic Engineering","m178rv59jrra9v2p5eayzv9kps8d3rfd",,,,,,,"false",,,,,"unclassified","12",,"Briefly state the technique applied for the selection of the vectors that take up the DNA insert.","ms71z2vhvk4xey847vyjx0vk1x85p8a2",,"xd75b18v3vwy0e0xrrdfs01vr58cdt1k","## Section II: Short Answer Questions","exercise","{""blockIndex"":13,""chapterNumber"":10,""subjectSlug"":""biology-12""}"
"biology-12","10-biotechnology","Biotechnology","10-1-introduction-to-genetic-engineering","10.1 Introduction to Genetic Engineering","m17a3qey9exqzww55kc5wb4cn58d2axw",,,,,,,"false",,,,,"unclassified","1",,"Describe the components of recombinant DNA technology under the following heads: (a) Gene of interest (b) Molecular scissors (c) Molecular carriers (d) Molecular glue (e) Expression system","ms71z2vhvk4xey847vyjx0vk1x85p8a2",,"xd78p5g7rnybg83z1byvbyqt2n8ccn38","## Section III: Extensive Answer Questions","exercise","{""blockIndex"":15,""chapterNumber"":10,""subjectSlug"":""biology-12""}"
"biology-12","10-biotechnology","Biotechnology","10-1-introduction-to-genetic-engineering","10.1 Introduction to Genetic Engineering","m176qy15qsw5j2x8f37w7c7x918d3p63","B",,,"DNA ligase joins DNA fragments by forming phosphodiester linkages; it does not cut DNA.",,,"false",,,"[{""key"":""A"",""text"":""Restriction enzyme - RFLP production""},{""key"":""B"",""text"":""DNA ligase - cuts DNA""},{""key"":""C"",""text"":""Reverse transcriptase - makes cDNA""},{""key"":""D"",""text"":""Electrophoresis - separates DNA""}]","MCQ","mcq","1",,"Which tool of recombinant DNA technology is incorrectly paired with its use?","ms71z2vhvk4xey847vyjx0vk1x85p8a2",,"xd7cgrn48gjyhj2v3559yyttg58cdtan","Section I: Multiple Choice Questions
Select the correct answer:","exercise","{""blockIndex"":2,""chapterNumber"":10,""subjectSlug"":""biology-12""}"
"biology-12","10-biotechnology","Biotechnology","10-2-molecular-scissors-restriction-endonuclease","10.2 Molecular Scissors: Restriction Endonuclease","m177prxhmqwmghb6hjrkcvxpp985p0wn","A","true","Federal Board","Specific sequences of four or six nucleotides arranged symmetrically in reverse order where restriction enzymes work are known as **palindromic sequences** or **recognition sites**. These symmetrical DNA sequences are recognized and cleaved by restriction endonucleases at specific locations during genetic recombination.","[""Identifies palindromic sequences as symmetrical nucleotide arrangements"",""Recognizes four or six nucleotide length specification"",""Understands these are recognition sites for restriction enzymes"",""Connects to restriction endonuclease function in genetic engineering""]",,"false","1","Specific sequences of four or six nucleotides arranged symmetrically in reverse order where restriction enzymes work are known as **palindromic sequences** or **recognition sites**. These symmetrical DNA sequences are recognized and cleaved by restriction endonucleases at specific locations during genetic recombination.","[{""key"":""A"",""text"":""Okazaki Fragment""},{""key"":""B"",""text"":""Palindromic Sequences""},{""key"":""C"",""text"":""Promotor Sequences""},{""key"":""D"",""text"":""TATA box""}]","MCQ","mcq","14","annual","Specific sequences of four or six nucleotides arranged symmetrically in reverse order where restriction enzymes work are known as:","ms70ehk1r8a86394gfky1cc2j585qsdq","2022",,,,
"biology-12","10-biotechnology","Biotechnology","10-2-molecular-scissors-restriction-endonuclease","10.2 Molecular Scissors: Restriction Endonuclease","m17cp4mrnzazcx1rhrt5r4sb0d85q4w0","A","true","Federal Board","Restriction endonucleases can be used in genetic engineering to cut DNA at specific recognition sequences, allowing genes of interest to be isolated and removed from donor organisms. These molecular scissors cleave phosphodiester bonds at precise sites, enabling the separation of desired genes for insertion into vector DNA during recombinant DNA technology.","[""Cut DNA at specific recognition sequences/restriction sites"",""Isolate and remove genes of interest from donor DNA"",""Enable separation of desired genes for cloning"",""Produce sticky or blunt ends for DNA recombination"",""Essential tool for creating recombinant DNA molecules""]",,"false","1","Restriction endonucleases can be used in genetic engineering to cut DNA at specific recognition sequences, allowing genes of interest to be isolated and removed from donor organisms. These molecular scissors cleave phosphodiester bonds at precise sites, enabling the separation of desired genes for insertion into vector DNA during recombinant DNA technology.","[{""key"":""A"",""text"":""Produce cDNA""},{""key"":""B"",""text"":""Cut plasmid DNA""},{""key"":""C"",""text"":""Join DNA at sticky ends""},{""key"":""D"",""text"":""Clone DNA""}]","MCQ","mcq","16","annual","Restriction endonucleases can be used in Genetic Engineering to:","ms70ehk1r8a86394gfky1cc2j585qsdq","2023",,,,
"biology-12","10-biotechnology","Biotechnology","10-2-molecular-scissors-restriction-endonuclease","10.2 Molecular Scissors: Restriction Endonuclease","m17c1n6ynvbcjwtyaxz1j3xykh85q00x",,,"Federal Board",,"[""Restriction endonucleases recognize specific DNA sequences and cut at restriction sites, producing fragments of different lengths based on sequence variations"",""DNA fragments are separated by gel electrophoresis according to their size, with smaller fragments migrating faster through the gel matrix"",""Polymorphisms (variations) in restriction sites between individuals result in different fragment length patterns (RFLPs) that appear as distinct bands on the gel"",""RFLP patterns are visualized after staining with ethidium bromide under UV light, allowing comparison between individuals for identification and genetic analysis"",""Applications include DNA fingerprinting for forensic analysis, paternity testing, and detection of genetic mutations associated with diseases""]",,"false","7","Restriction Fragment Length Polymorphism (RFLP) is a DNA analysis technique that exploits variations in DNA sequences among individuals. Restriction endonucleases recognize and cut DNA at specific sequences, producing fragments of varying lengths depending on the presence or absence of restriction sites. These fragments are separated by gel electrophoresis, and differences in fragment patterns between individuals reveal genetic polymorphisms. RFLP analysis is used in DNA fingerprinting, paternity testing, and disease diagnosis by comparing the banding patterns produced on an agarose gel after staining with ethidium bromide.",,"C","long","5","annual","Describe the mechanism of DNA Analysis using Restriction Fragment Length Polymorphism (RFLP).","ms70ehk1r8a86394gfky1cc2j585qsdq","2023",,,,
"biology-12","10-biotechnology","Biotechnology","10-2-molecular-scissors-restriction-endonuclease","10.2 Molecular Scissors: Restriction Endonuclease","m17e9bacf4gsbtkqqw203y88x985qd9m","C","true","Federal Board","The enzyme used to isolate a gene from DNA is **Restriction Endonuclease** (also called restriction enzyme). This enzyme recognizes specific DNA sequences and cleaves the phosphodiester bonds of both DNA strands at those recognition sites, allowing the gene of interest to be cut out and isolated from the DNA molecule.","[""Restriction endonuclease is the correct enzyme for isolating genes from DNA"",""It recognizes and cuts at specific DNA sequences"",""It cleaves phosphodiester bonds in both DNA strands"",""It acts as molecular scissors in genetic engineering"",""Natural function is bacterial defense against bacteriophages""]",,"false","1","The enzyme used to isolate a gene from DNA is **Restriction Endonuclease** (also called restriction enzyme). This enzyme recognizes specific DNA sequences and cleaves the phosphodiester bonds of both DNA strands at those recognition sites, allowing the gene of interest to be cut out and isolated from the DNA molecule.","[{""key"":""A"",""text"":""Helicase""},{""key"":""B"",""text"":""Reverse transcriptase""},{""key"":""C"",""text"":""Restriction endonuclease""},{""key"":""D"",""text"":""DNA polymerase""}]","MCQ","mcq","13","annual","The enzyme used to isolate gene from DNA is:","ms70ehk1r8a86394gfky1cc2j585qsdq","2024",,,,
"biology-12","10-biotechnology","Biotechnology","10-2-molecular-scissors-restriction-endonuclease","10.2 Molecular Scissors: Restriction Endonuclease","m17a0cgfbjytjcg238e1seee4n85pvkt","A","true","Federal Board","A phosphodiester bond is the covalent bond that links nucleotides together in DNA and RNA by connecting the phosphate group of one nucleotide to the sugar (deoxyribose or ribose) of the adjacent nucleotide. Restriction endonucleases cleave these phosphodiester bonds at specific DNA sequences during genetic engineering procedures.","[""Phosphodiester bond links nucleotides in DNA/RNA"",""Connects phosphate group to sugar molecule"",""Covalent bond between adjacent nucleotides"",""Restriction endonucleases cleave these bonds at specific sequences"",""Essential for DNA structure and recombinant DNA technology""]",,"false","1","A phosphodiester bond is the covalent bond that links nucleotides together in DNA and RNA by connecting the phosphate group of one nucleotide to the sugar (deoxyribose or ribose) of the adjacent nucleotide. Restriction endonucleases cleave these phosphodiester bonds at specific DNA sequences during genetic engineering procedures.","[{""key"":""A"",""text"":""P-O-C-P-O-C""},{""key"":""B"",""text"":""C-O-P-O-C""},{""key"":""C"",""text"":""C-O-P""},{""key"":""D"",""text"":""C-C-O-P""}]","MCQ","mcq","17","annual","Phosphodiester bond is:","ms70ehk1r8a86394gfky1cc2j585qsdq","2024",,,,
"biology-12","10-biotechnology","Biotechnology","10-4-formation-of-human-insulin-protein-in-bacteria","10.4 Human Insulin Production in Bacteria","m176b5vp6rxyn1hcfab400fxtx85pfa6",,"false","Federal Board",,"[""Pre-mRNA contains introns that are removed during splicing, resulting in shorter mature mRNA"",""5' cap (7-methylguanosine) protects mRNA from exonuclease degradation and aids ribosome binding"",""3' poly-A tail increases mRNA stability and protects against 3' degradation"",""These modifications occur during post-transcriptional processing in the nucleus"",""Protection mechanisms ensure mRNA longevity and efficient translation in the cytoplasm""]",,"false","3","In eukaryotes, mRNA undergoes extensive post-transcriptional modifications before translation. The primary transcript (pre-mRNA) is much longer than the mature mRNA because it contains introns (non-coding sequences) that are removed during RNA splicing. Additionally, a 5' cap (7-methylguanosine) and 3' poly-A tail are added to the mRNA. These modifications shorten the mRNA and simultaneously protect its message: the 5' cap protects against degradation by exonucleases and aids in ribosome recognition, while the 3' poly-A tail increases mRNA stability and facilitates translation initiation and mRNA export from the nucleus to the cytoplasm.",,"B","short","8","annual","Why does the length of mRNA formed in eukaryotes shorten when it goes to the cytoplasm for translation? How is its message protected?","ms75t09ve087n98bbjbn4k951d85q94m","2022",,,,
"biology-12","10-biotechnology","Biotechnology","10-4-formation-of-human-insulin-protein-in-bacteria","10.4 Human Insulin Production in Bacteria","m1761s4bevhvqshbp4z55warfs85q59y",,"false","Federal Board","The tRNA that can bind at mRNA codon UAC carries the anticodon AUG. However, the provided notes focus on genetic engineering, recombinant DNA technology, and insulin production, and do not contain information about tRNA anticodons or codon-anticodon pairing. This question requires knowledge of translation and the genetic code, which is not covered in the given notes.","[""tRNA anticodon is complementary and antiparallel to mRNA codon"",""UAC codon pairs with AUG anticodon on tRNA"",""Codon-anticodon base pairing follows Watson-Crick rules"",""This question requires genetic code knowledge not present in provided notes""]",,"false","1","The tRNA that can bind at mRNA codon UAC carries the anticodon AUG. However, the provided notes focus on genetic engineering, recombinant DNA technology, and insulin production, and do not contain information about tRNA anticodons or codon-anticodon pairing. This question requires knowledge of translation and the genetic code, which is not covered in the given notes.","[{""key"":""A"",""text"":""tRNA with anticodon ACU""},{""key"":""B"",""text"":""tRNA with anticodon AUG""},{""key"":""C"",""text"":""tRNA with anticodon TGA""},{""key"":""D"",""text"":""tRNA with anticodon TCU""}]","MCQ","unclassified","1","annual","Which tRNA can bind at mRNA codon **UAC**?","ms75t09ve087n98bbjbn4k951d85q94m","2022",,,,
"biology-12","10-biotechnology","Biotechnology","10-4-formation-of-human-insulin-protein-in-bacteria","10.4 Human Insulin Production in Bacteria","m17f3vej0ngyw9wrs35bak34mn85qy5w",,,"Federal Board",,"[""Exons are expressed coding sequences retained in mRNA; introns are non-coding sequences removed during splicing"",""Euchromatin is loosely packed and transcriptionally active; heterochromatin is condensed and transcriptionally inactive"",""Nucleosome consists of DNA wrapped around histone octamer; primosome is a replication complex synthesizing RNA primers"",""Understanding these distinctions is essential for comprehending gene expression, chromatin organization, and DNA replication mechanisms"",""Each pair represents different levels of genetic organization and function in the cell""]",,"false","3","a. **Intron vs Exon**: Exons are coding sequences of DNA that are expressed and retained in mature mRNA after transcription. Introns are non-coding sequences that are transcribed but removed during RNA splicing and do not appear in the final mRNA. b. **Heterochromatin vs Euchromatin**: Euchromatin is loosely packed, transcriptionally active chromatin that allows gene expression. Heterochromatin is tightly condensed, transcriptionally inactive chromatin where genes are generally not expressed. c. **Nucleosome vs Primosome**: A nucleosome is the basic structural unit of chromatin consisting of DNA wrapped around a histone octamer core. A primosome is a protein complex that synthesizes RNA primers during DNA replication to initiate DNA strand synthesis.",,"B","short","8","annual","Differentiate between:
a. **Intron** and **exon**
b. **Heterochromatin** and **Euchromatin**
c. **Nucleosome** and **Primosome**","ms75t09ve087n98bbjbn4k951d85q94m","2022",,,,
"biology-12","10-biotechnology","Biotechnology","10-4-formation-of-human-insulin-protein-in-bacteria","10.4 Human Insulin Production in Bacteria","m17cqy8vbxbqnv5j1ectxvrwrh85psyb",,"true","Federal Board",,"[""Identification of any three valid roles of microbes in human welfare"",""Food production/fermentation (yogurt, cheese, bread, beverages)"",""Pharmaceutical production (antibiotics, medicines, insulin via genetic engineering)"",""Waste decomposition and environmental management (sewage treatment, nutrient cycling)"",""Clear explanation of how each role benefits human welfare""]",,"false","3","Microbes play crucial roles in human welfare across multiple domains. First, microbes are essential in food production and preservation, including fermentation processes for yogurt, cheese, bread, and beverages like beer and wine. Second, microbes are vital in pharmaceutical production, particularly in synthesizing antibiotics (e.g., penicillin from Penicillium) and other medicines through genetic engineering and fermentation. Third, microbes are fundamental in waste decomposition and nutrient cycling, breaking down organic matter in sewage treatment plants and soil, thereby maintaining environmental health and preventing disease transmission.",,"B","short","20","annual","Write any three roles of microbes in human welfare.","ms75t09ve087n98bbjbn4k951d85q94m","2022",,,,
"biology-12","10-biotechnology","Biotechnology","10-4-formation-of-human-insulin-protein-in-bacteria","10.4 Human Insulin Production in Bacteria","m175rwdbryz7rkqgpcwnstehq985p323",,"true","Federal Board",,"[""Cells cannot take up glucose without insulin, causing hyperglycemia"",""Cellular metabolism is impaired due to lack of glucose availability for energy production"",""Body breaks down fats and proteins as alternative energy sources"",""Accumulation of ketone bodies leads to metabolic acidosis"",""Overall metabolic rate and homeostasis are severely disrupted, causing serious health complications""]",,"false","3","If type I diabetes remains untreated, cells would be unable to take up glucose efficiently, leading to hyperglycemia (high blood glucose). This would severely impair cellular metabolism as cells cannot access their primary energy source, resulting in increased breakdown of fats and proteins for energy. Consequently, metabolic rate would be disrupted, causing weight loss, weakness, and accumulation of ketone bodies leading to diabetic ketoacidosis, which can be life-threatening.",,"B","short","3","annual","People with type I diabetes do not produce any insulin. What effect would it have on cells and metabolism if left untreated?","ms75t09ve087n98bbjbn4k951d85q94m","2024",,,,
"biology-12","10-biotechnology","Biotechnology","10-4-formation-of-human-insulin-protein-in-bacteria","10.4 Human Insulin Production in Bacteria","m177z5et08vs1aknrkrfhf2qj585qfyt",,"true","Federal Board",,"[""Transcription process: RNA polymerase reads template DNA strand (3' to 5') and synthesizes mRNA (5' to 3') using complementary base pairing"",""5' capping: Addition of 7-methylguanosine cap protects mRNA from degradation and aids ribosome recognition"",""3' polyadenylation: Addition of poly-A tail (~200 adenines) increases mRNA stability and translation efficiency"",""Splicing: snRNPs remove introns and join exons; allows alternative splicing for protein diversity"",""Post-transcriptional modifications enable mRNA export from nucleus, protection from nucleases, and efficient translation""]",,"false","7","DNA information is used for RNA synthesis through the process of transcription, where RNA polymerase reads the DNA template strand in the 3' to 5' direction and synthesizes mRNA in the 5' to 3' direction, following base-pairing rules (A-U, G-C, C-G, T-A). The mRNA transcript undergoes several post-transcriptional modifications before translation: 5' capping (addition of 7-methylguanosine cap), 3' polyadenylation (addition of ~200 adenine nucleotides), and splicing (removal of introns and joining of exons by snRNPs). These modifications increase mRNA stability, facilitate nuclear export, enhance translation efficiency, and allow for alternative splicing to produce protein diversity. The mature mRNA is then transported to the ribosome for protein synthesis.",,"C","long","4","annual","How is the information present in DNA used for the synthesis of RNA? Explain in detail. Also list down the post transcriptional modifications of mRNA.","ms75t09ve087n98bbjbn4k951d85q94m","2024",,,,
"biology-12","10-biotechnology","Biotechnology","10-5-polymerase-chain-reaction-pcr","10.5 Polymerase Chain Reaction (PCR)","m1797jayd2nnh94h7qyychphy585p6y5",,,"Federal Board",,"[""Defines basic principle: charged molecules migrate through gel matrix under electric field"",""Explains separation mechanism: based on size and charge differences"",""Identifies Application 1: DNA fingerprinting/forensic identification/paternity testing"",""Identifies Application 2: PCR product analysis/fragment size determination"",""Mentions exponential separation of molecules creating distinct bands""]",,"false","3","Gel electrophoresis is based on the principle that charged molecules (DNA, RNA, or proteins) migrate through a gel matrix when an electric field is applied, with separation occurring based on molecular size and charge. Smaller molecules move faster through the gel pores than larger ones, creating distinct bands. Two applications are: (1) DNA fingerprinting for identification in forensic science and paternity testing, and (2) analysis of PCR products to verify successful amplification and determine fragment sizes.",,"B","short","11","annual","What is the basic principle of Gel Electrophoresis? Write down its two applications.","ms73dj0hj23r8w53gkw657pcyh85q64w","2022",,,,
"biology-12","10-biotechnology","Biotechnology","10-5-polymerase-chain-reaction-pcr","10.5 Polymerase Chain Reaction (PCR)","m172htwr9tdn5nfhb6s3j38qrh85pwbe",,,"Federal Board",,"[""Larynx is cartilaginous structure in neck"",""Contains vocal cords/folds that vibrate to produce sound"",""Sound generation for speech and communication"",""Protective function - prevents aspiration via epiglottis"",""Controls airflow through trachea""]",,"false","3","The voice box (larynx) is a cartilaginous structure located in the neck that produces sound for speech and protects the airway. It contains vocal cords (folds) that vibrate when air passes through them, generating sound waves. The larynx also functions to prevent food and liquids from entering the trachea during swallowing by closing the epiglottis.",,"B","short","20","annual","Describe the structure and function of voice box in humans.","ms73dj0hj23r8w53gkw657pcyh85q64w","2022",,,,
"biology-12","10-biotechnology","Biotechnology","10-5-polymerase-chain-reaction-pcr","10.5 Polymerase Chain Reaction (PCR)","m17ca1wtzrcf7w2w4bw96pvy5585p0s5","B","true","Federal Board","During PCR, **Taq polymerase** (DNA polymerase from Thermus aquaticus) is used to catalyze the polymerization of DNA fragments. This thermostable enzyme synthesizes new DNA strands by adding nucleotides complementary to the template strand during the extension phase of each PCR cycle.","[""Taq polymerase is the enzyme used for DNA polymerization in PCR"",""It is a thermostable DNA polymerase derived from Thermus aquaticus bacterium"",""Taq polymerase adds nucleotides to synthesize new DNA strands during the extension phase"",""It can withstand high temperatures required in PCR cycles without denaturing""]",,"false","1","During PCR, **Taq polymerase** (DNA polymerase from Thermus aquaticus) is used to catalyze the polymerization of DNA fragments. This thermostable enzyme synthesizes new DNA strands by adding nucleotides complementary to the template strand during the extension phase of each PCR cycle.","[{""key"":""A"",""text"":""RNA polymerase""},{""key"":""B"",""text"":""Taq polymerase""},{""key"":""C"",""text"":""DNA helicase""},{""key"":""D"",""text"":""DNA ligase""}]","MCQ","mcq","15","annual","During **PCR** which enzyme is used to do polymerization of DNA fragments?","ms73dj0hj23r8w53gkw657pcyh85q64w","2022",,,,
"biology-12","10-biotechnology","Biotechnology","10-5-polymerase-chain-reaction-pcr","10.5 Polymerase Chain Reaction (PCR)","m1798978w8fk314wz689ma8sjs85q1k9","A","true","Federal Board","In DNA replication, the primer is a short RNA or DNA sequence synthesized by primase that provides the 3'-OH group necessary for DNA polymerase to begin synthesis. Primers are essential because DNA polymerase cannot initiate synthesis de novo and requires a 3'-OH group to add nucleotides.","[""Primer is a short oligonucleotide sequence (RNA or DNA)"",""Provides the 3'-OH group required for DNA polymerase to begin synthesis"",""Synthesized by primase enzyme"",""DNA polymerase cannot start synthesis without a primer (cannot work de novo)"",""Multiple primers are needed on lagging strand for discontinuous synthesis""]",,"false","1","In DNA replication, the primer is a short RNA or DNA sequence synthesized by primase that provides the 3'-OH group necessary for DNA polymerase to begin synthesis. Primers are essential because DNA polymerase cannot initiate synthesis de novo and requires a 3'-OH group to add nucleotides.","[{""key"":""A"",""text"":""Consists of few DNA nucleotides""},{""key"":""B"",""text"":""Helps to unwind DNA double strand""},{""key"":""C"",""text"":""Prevents DNA strands to pair up""},{""key"":""D"",""text"":""Is a short segment of RNA nucleotides""}]","MCQ","mcq","12","annual","In DNA replication, the primer:","ms73dj0hj23r8w53gkw657pcyh85q64w","2023",,,,
"biology-12","10-biotechnology","Biotechnology","10-5-polymerase-chain-reaction-pcr","10.5 Polymerase Chain Reaction (PCR)","m17df0nny0kdt2dj1branqkdzd85pft7","A","true","Federal Board","The agent which separates the two strands of DNA in PCR is heat (high temperature). During the denaturation step of PCR, the temperature is raised to approximately 94-95°C, which breaks the hydrogen bonds between complementary base pairs, causing the double-stranded DNA to separate into single strands.","[""Heat/high temperature (94-95°C) causes strand separation"",""Breaks hydrogen bonds between complementary base pairs"",""Occurs during denaturation step of PCR cycle"",""Physical separation rather than enzymatic action""]",,"false","1","The agent which separates the two strands of DNA in PCR is heat (high temperature). During the denaturation step of PCR, the temperature is raised to approximately 94-95°C, which breaks the hydrogen bonds between complementary base pairs, causing the double-stranded DNA to separate into single strands.","[{""key"":""A"",""text"":""DNA ligase""},{""key"":""B"",""text"":""Primer""},{""key"":""C"",""text"":""Helicase""},{""key"":""D"",""text"":""Heat""}]","MCQ","mcq","14","annual","The agent which separates the two strands of DNA in PCR (polymerase chain reaction) is:","ms73dj0hj23r8w53gkw657pcyh85q64w","2024",,,,
"biology-12","10-biotechnology","Biotechnology","10-5-polymerase-chain-reaction-pcr","10.5 Polymerase Chain Reaction (PCR)","m1723dyrdfthvhp5hc5ntnqn1x85q7jq",,"true","Federal Board",,"[""Correct statement of law of segregation with reference to allele separation during gamete formation"",""Accurate representation of parental genotypes (RR and rr) and phenotypes"",""Correct F₁ genotype (Rr) and phenotype (all round)"",""Correct F₂ ratio (3:1 phenotypic or 1:2:1 genotypic) from F₁ self-cross"",""Clear explanation showing how segregation law is demonstrated through reappearance of recessive trait""]",,"false","3","Mendel's law of segregation states that during gamete formation, allelic pairs of genes separate so that each gamete receives only one allele of each gene pair. When these gametes fuse during fertilization, the allelic pairs are restored in the offspring.

**Cross: Round seed (RR) × Wrinkled seed (rr)**

**P generation:** RR (round) × rr (wrinkled)

**Gametes:** R and R from round plant; r and r from wrinkled plant

**F₁ generation:** All Rr (round seeds)

The F₁ offspring are heterozygous and show the dominant round phenotype. If F₁ plants self-pollinate:

**F₁ × F₁:** Rr × Rr

**F₂ generation:** 1 RR : 2 Rr : 1 rr (genotypic ratio 1:2:1)

**Phenotypic ratio:** 3 round : 1 wrinkled

This demonstrates segregation as the recessive wrinkled trait reappears in F₂, proving that alleles separate during gamete formation and recombine during fertilization.",,"B","short","23","annual","State Mendel's law of segregation. Make a cross between round seed and wrinkled seed pea plant.","ms73dj0hj23r8w53gkw657pcyh85q64w","2024",,,,
"biology-12","10-biotechnology","Biotechnology","10-6-genetically-modified-organisms-gmos","10.6 Genetically Modified Organisms (GMOs)","m17eggrhb8p5xb64aa95qk6krh85qjtg",,"false","Federal Board",,"[""Definition of microbes' role in energy production as biological converters of organic matter"",""Genetic engineering techniques used to enhance microbial metabolic pathways for fuel production"",""Types of biofuels produced: biogas, bioethanol, and biohydrogen from engineered microorganisms"",""Advantages: renewable energy source, reduced carbon footprint, sustainable alternative to fossil fuels"",""Application of synthetic biology principles to design efficient microbial energy-producing systems""]",,"false","3","Microbes are utilized for energy production through biotechnological applications where genetically engineered microorganisms are designed to generate biofuels and biogas. Using synthetic biology principles, microbes can be modified to efficiently convert organic substrates into energy sources like ethanol, methane, and hydrogen. These engineered microbes serve as biological factories, offering sustainable alternatives to fossil fuels while reducing environmental impact through renewable energy generation.",,"B","short","13","annual","How are microbes utilized for energy production?","ms7ftpg192xks1a0dkb1qz5pn185qcg3","2022",,,,
"biology-12","10-biotechnology","Biotechnology","10-6-genetically-modified-organisms-gmos","10.6 Genetically Modified Organisms (GMOs)","m1769zj2m1pmzmdhwb4v6f8k4185qte9",,,"Federal Board",,"[""Defines XO-XX system: males XO (heterogametic), females XX (homogametic)"",""Explains gamete production: males produce X and O gametes; females produce only X gametes"",""Describes fertilization outcomes: X sperm + egg = XX (female); O sperm + egg = XO (male)"",""Provides example with grasshoppers or similar organism showing 1:1 sex ratio"",""Shows understanding that males determine offspring sex in this system""]",,"false","3","XO-XX type of sex determination is a chromosomal sex determination system where males possess one X chromosome and no corresponding sex chromosome (XO), while females possess two X chromosomes (XX). In this system, males are the heterogametic sex producing two types of gametes (X or O), while females are homogametic producing only X gametes. The sex of offspring is determined by which male gamete fertilizes the egg. A classic example is the grasshopper, where males are XO and females are XX. When an X-bearing sperm fertilizes an egg, a female (XX) develops; when a sperm carrying no sex chromosome fertilizes an egg, a male (XO) develops, resulting in a 1:1 sex ratio in offspring.",,"B","short","14","annual","Explain $XO$-$XX$ type of sex determination with the help of an example.","ms7ftpg192xks1a0dkb1qz5pn185qcg3","2022",,,,
"biology-12","10-biotechnology","Biotechnology","10-6-genetically-modified-organisms-gmos","10.6 Genetically Modified Organisms (GMOs)","m1708bxdanvm7rat62ejz0m29185p2z9",,,"Federal Board",,"[""PCR information not available in provided notes"",""Question requires molecular biology content on DNA amplification"",""Provided notes focus on vertical farming and genetic engineering applications only"",""Cannot generate model answer without appropriate source material""]",,"false","7","The provided notes do not contain information about PCR (Polymerase Chain Reaction) or DNA amplification. The notes cover vertical soil-free food farms, genetic engineering, and genetically modified organisms, but do not include the molecular biology techniques required to answer this question about PCR. To provide an accurate answer grounded in the provided content, relevant notes on PCR methodology would be necessary.",,"C","long","1","annual","How is a piece of DNA amplified through PCR? Explain the process in detail.","ms7ftpg192xks1a0dkb1qz5pn185qcg3","2022",,,,
"biology-12","10-biotechnology","Biotechnology","10-6-genetically-modified-organisms-gmos","10.6 Genetically Modified Organisms (GMOs)","m17dbqz9xw526td7257pt68tzh85pqnn",,,"Federal Board",,"[""Defines cystic fibrosis as a genetic disorder caused by CFTR gene mutation affecting chloride ion transport"",""Explains that gene therapy introduces a functional CFTR gene copy into patient cells using vectors"",""Describes how restored CFTR gene expression produces functional protein to normalize cellular ion transport"",""States that gene therapy reduces mucus accumulation and improves organ function"",""Identifies vectors (viral or liposomal) as delivery mechanisms for the therapeutic gene""]",,"false","3","Cystic fibrosis is a genetic disorder caused by mutations in the CFTR gene, resulting in defective chloride ion transport across cell membranes, leading to thick mucus accumulation in lungs and digestive organs. Gene therapy for cystic fibrosis involves introducing a functional copy of the CFTR gene into affected cells using molecular vectors (such as modified viruses or liposomes) to restore normal gene expression and protein function, allowing cells to produce functional CFTR protein and normalize ion transport, thereby reducing mucus buildup and improving respiratory and digestive function.",,"B","short","11","annual","What is cystic fibrosis? How is gene therapy used to cure it?","ms7ftpg192xks1a0dkb1qz5pn185qcg3","2022",,,,
"biology-12","10-biotechnology","Biotechnology","10-6-genetically-modified-organisms-gmos","10.6 Genetically Modified Organisms (GMOs)","m17ewgqs256w1x5w3kzspn3g3d85p9ej",,,"Federal Board",,"[""Tissue culture defined as in vitro growth of cells/tissues in artificial controlled environment"",""Monolayer culture: cells grown as single layer on culture vessel surface"",""Suspension culture: cells grown freely floating in liquid medium"",""Both techniques require appropriate culture medium, sterile conditions, and temperature control"",""Applications include vaccine production, pharmaceutical protein synthesis, and research""]",,"false","3","Tissue culture is the technique of growing and maintaining living cells, tissues, or organs in a controlled artificial environment outside the organism (in vitro). Two major techniques for animal cell culture are: (1) **Monolayer Culture**: Cells are grown as a single layer adhered to the surface of culture vessels (petri dishes or flasks), allowing easy observation and manipulation. (2) **Suspension Culture**: Cells are grown freely floating in liquid culture medium, suitable for cells that do not naturally attach to surfaces, enabling large-scale production of cells and proteins.",,"B","short","12","annual","What is meant by **tissue culture**? Write about two techniques used for animal cell culture.","ms7ftpg192xks1a0dkb1qz5pn185qcg3","2022",,,,
"biology-12","10-biotechnology","Biotechnology","10-6-genetically-modified-organisms-gmos","10.6 Genetically Modified Organisms (GMOs)","m17cqy8vbxbqnv5j1ectxvrwrh85psyb",,"true","Federal Board",,"[""Identification of any three valid roles of microbes in human welfare"",""Food production/fermentation (yogurt, cheese, bread, beverages)"",""Pharmaceutical production (antibiotics, medicines, insulin via genetic engineering)"",""Waste decomposition and environmental management (sewage treatment, nutrient cycling)"",""Clear explanation of how each role benefits human welfare""]",,"false","3","Microbes play crucial roles in human welfare across multiple domains. First, microbes are essential in food production and preservation, including fermentation processes for yogurt, cheese, bread, and beverages like beer and wine. Second, microbes are vital in pharmaceutical production, particularly in synthesizing antibiotics (e.g., penicillin from Penicillium) and other medicines through genetic engineering and fermentation. Third, microbes are fundamental in waste decomposition and nutrient cycling, breaking down organic matter in sewage treatment plants and soil, thereby maintaining environmental health and preventing disease transmission.",,"B","short","20","annual","Write any three roles of microbes in human welfare.","ms7ftpg192xks1a0dkb1qz5pn185qcg3","2022",,,,
"biology-12","10-biotechnology","Biotechnology","10-6-genetically-modified-organisms-gmos","10.6 Genetically Modified Organisms (GMOs)","m17enyfds59efsmxvy9s4g5bs985q9y4",,,"Federal Board",,"[""Caused by mutation in gene coding for phenylalanine hydroxylase enzyme"",""Defective enzyme cannot convert phenylalanine to tyrosine, causing phenylalanine accumulation"",""Symptoms: intellectual disability, light pigmentation, musty odor, seizures, behavioral problems"",""Autosomal recessive inheritance pattern"",""Early detection and phenylalanine-restricted diet prevent severe manifestations""]",,"false","3","Phenylketonuria (PKU) is a genetic disorder caused by a mutation in the gene encoding the enzyme phenylalanine hydroxylase, which normally converts the amino acid phenylalanine to tyrosine. Without this functional enzyme, phenylalanine accumulates in the blood and tissues. Symptoms include intellectual disability, light skin pigmentation, a musty odor in urine and sweat, seizures, and behavioral problems if left untreated. Early diagnosis through newborn screening and dietary management (phenylalanine-restricted diet) can prevent severe complications.",,"B","short","9","annual","Write about the causes and symptoms of Phenylketonuria.","ms7ftpg192xks1a0dkb1qz5pn185qcg3","2023",,,,
"biology-12","10-biotechnology","Biotechnology","10-6-genetically-modified-organisms-gmos","10.6 Genetically Modified Organisms (GMOs)","m1768s5ps9k2xk90h75yhn90th85psr9",,"true","Federal Board",,"[""CFTR gene codes for chloride ion channel protein regulating ion transport across epithelial cell membranes"",""Symptoms include persistent cough, thick mucus, recurrent infections, breathing difficulty, pancreatic insufficiency, and malabsorption"",""Gene therapy delivers functional CFTR gene via vector into affected cells to restore normal protein function and ion transport"",""Introduced gene is transcribed and translated to produce functional CFTR protein"",""Therapy addresses the genetic cause by restoring normal chloride channel activity and reducing mucus viscosity""]",,"false","3","a. The CFTR gene encodes the Cystic Fibrosis Transmembrane Conductance Regulator protein, which functions as a chloride ion channel in cell membranes. In normal individuals, this protein regulates the transport of chloride ions across epithelial cells, maintaining proper fluid balance and mucus consistency in the lungs, pancreas, and other organs.

b. Symptoms of Cystic Fibrosis include: persistent cough with thick mucus production, recurrent respiratory infections, difficulty breathing, pancreatic insufficiency leading to malabsorption and poor growth, fatty stools, and salt depletion through excessive sweating.

c. Gene therapy for Cystic Fibrosis involves introducing a functional copy of the normal CFTR gene into affected cells using a vector (such as a modified adenovirus or liposome). The recombinant DNA carrying the normal CFTR gene is delivered to respiratory epithelial cells where it integrates into the genome or functions episomally. The introduced gene is then transcribed and translated to produce functional CFTR protein, which restores chloride ion channel activity. This allows normal ion and fluid transport, reducing mucus viscosity and improving lung function. The therapy targets the root genetic cause rather than just treating symptoms.",,"B","short","17","annual","a. What is the role of **CFTR gene** in a normal person?
b. Write down symptoms of **Cystic Fibrosis**.
c. Write mechanism of **Gene Therapy** used to cure Cystic Fibrosis.","ms7ftpg192xks1a0dkb1qz5pn185qcg3","2023",,,,
"biology-12","10-biotechnology","Biotechnology","10-6-genetically-modified-organisms-gmos","10.6 Genetically Modified Organisms (GMOs)","m17c3rhyezvwsf1yg9kqrcd9mn85q4jn",,,"Federal Board",,"[""Identifies three specific microbes used in food processing with correct scientific names"",""Explains the specific fermentation or metabolic process each microbe performs"",""Describes the resulting product characteristics (flavor, texture, preservation, or nutritional changes)"",""Links microbial activity to food quality improvement or preservation"",""Demonstrates understanding of how microbes transform raw materials into processed foods""]",,"false","3","Microbes play a crucial role in food processing through fermentation and metabolic activities. Three key examples include: (1) **Lactic acid bacteria** in yogurt production, which ferment lactose into lactic acid, lowering pH and creating the characteristic tangy flavor and thick texture; (2) **Saccharomyces cerevisiae** (yeast) in bread and beer production, which ferments sugars to produce carbon dioxide for leavening and ethanol for fermentation; (3) **Acetobacter** in vinegar production, which oxidizes ethanol to acetic acid, giving vinegar its sour taste and preservative properties. These microbes not only enhance flavor and texture but also improve food preservation and nutritional value through their metabolic processes.",,"B","short","18","annual","Elaborate the role of **Microbes** in **Food Processing** by giving any three examples.","ms7ftpg192xks1a0dkb1qz5pn185qcg3","2023",,,,
"biology-12","10-biotechnology","Biotechnology","10-6-genetically-modified-organisms-gmos","10.6 Genetically Modified Organisms (GMOs)","m1790kpgv8x96ypczw5z720k5h85qy6n",,,"Federal Board",,"[""Identifies monolayer culture as cells grown in single layer on culture vessel surfaces"",""Identifies suspension culture as cells grown freely suspended in liquid medium"",""Explains monolayer culture is suitable for anchorage-dependent cells with easy observation"",""Explains suspension culture allows higher cell density and suits non-anchorage-dependent cells"",""Mentions essential requirements: sterile conditions, appropriate medium, and controlled environmental parameters""]",,"false","3","Two major techniques of animal cell culture are: (1) **Monolayer Culture**: Cells are grown as a single layer adhered to the surface of culture vessels (petri dishes or flasks), allowing easy observation and maintenance but limited to anchorage-dependent cells. (2) **Suspension Culture**: Cells are grown freely suspended in liquid culture medium without attachment to surfaces, allowing higher cell density and suitable for cells that do not require anchorage. Both techniques require sterile conditions, appropriate growth medium with nutrients and growth factors, and controlled environmental conditions (temperature, pH, CO₂) for successful cell proliferation and maintenance.",,"B","short","19","annual","Write about two major techniques of animal cell culture.","ms7ftpg192xks1a0dkb1qz5pn185qcg3","2023",,,,
"biology-12","10-biotechnology","Biotechnology","10-6-genetically-modified-organisms-gmos","10.6 Genetically Modified Organisms (GMOs)","m17d0pdrxa9bga93qk732vpz4d85p9et",,"true","Federal Board",,"[""Acclimatization: physiological adjustment to environmental conditions enabling crop survival in new habitats"",""Selection: choosing organisms with desirable traits for breeding to concentrate beneficial genes"",""Acclimatization improves crop adaptability to adverse conditions like drought or temperature extremes"",""Selection enhances crop yield, disease resistance, and nutritional quality through trait concentration"",""Both methods work together to develop improved crop varieties suited to specific environments""]",,"false","3","Acclimatization is the physiological adjustment of an organism to environmental changes, while Selection is the process of choosing organisms with desirable traits for breeding. Both improve crops by enabling them to adapt to new environments and by concentrating beneficial genetic traits through successive generations, resulting in higher yields, disease resistance, and better quality produce.",,"B","short","20","annual","What are **Acclimatization** and **Selection**? How do they help to improve crops?","ms7ftpg192xks1a0dkb1qz5pn185qcg3","2023",,,,
"biology-12","10-biotechnology","Biotechnology","10-6-genetically-modified-organisms-gmos","10.6 Genetically Modified Organisms (GMOs)","m17dtrhxfxmt4cfzaqkbzvtp5185pdka",,"true","Federal Board",,"[""Definition: Integrated approach combining multiple disease control strategies"",""Components: Cultural practices, biological control, chemical methods, and resistant varieties"",""Objective: Minimize disease while reducing environmental impact and pesticide use"",""Emphasis on prevention and early detection rather than curative measures"",""Promotes sustainable agricultural practices""]",,"false","3","Integrated disease management (IDM) is a comprehensive approach that combines multiple strategies to control plant diseases effectively while minimizing environmental impact. It involves using cultural practices, biological control, chemical pesticides, and resistant varieties in a coordinated manner. IDM reduces disease incidence through prevention, early detection, and timely intervention, promoting sustainable agriculture and reducing pesticide dependency.",,"B","short","14","annual","Briefly explain Integrated disease management.","ms7ftpg192xks1a0dkb1qz5pn185qcg3","2024",,,,
"biology-12","10-biotechnology","Biotechnology","10-6-genetically-modified-organisms-gmos","10.6 Genetically Modified Organisms (GMOs)","m17cbx5pmxhj95taz2qz5tedth85pemp",,"true","Federal Board",,"[""Identifies the inheritance pattern as incomplete dominance"",""Explains that $F_1$ shows intermediate/blended phenotype (orange) between parental phenotypes (yellow and red)"",""States that neither allele is completely dominant; both are expressed equally in heterozygotes"",""Recognizes that parental plants are homozygous and $F_1$ is heterozygous"",""Describes the phenotypic ratio or blending effect in $F_1$ generation""]",,"false","3","The inheritance pattern is **incomplete dominance**. When the yellow-flowered plant (homozygous yellow) is crossed with the red-flowered plant (homozygous red), the $F_1$ progeny display an intermediate phenotype, orange flowers. This occurs because neither allele is completely dominant over the other; instead, both alleles are expressed equally in the heterozygous $F_1$ generation, resulting in a blended phenotype that is intermediate between the two parental phenotypes.",,"B","short","28","annual","A plant with yellow flower was crossed with a plant with red flowers. The $F_1$ progeny obtained had orange flowers. What is the inheritance pattern? Explain briefly.","ms7ftpg192xks1a0dkb1qz5pn185qcg3","2024",,,,
"biology-12","10-biotechnology","Biotechnology","10-6-genetically-modified-organisms-gmos","10.6 Genetically Modified Organisms (GMOs)","m17fzhjk056kvk5cdfybqf431585p7ht",,"true","Federal Board",,"[""Identifies two methods: somatic gene therapy (non-heritable) and germline gene therapy (heritable)"",""Explains CFTR gene defect causes thick mucus in CF lungs and digestive organs"",""Describes how functional CFTR gene restores chloride ion channels and normal mucus clearance"",""Discusses benefits: reduces infections, improves respiratory function, and addresses root cause of disease"",""Mentions delivery method (viral/non-viral vectors) and target tissue (lungs)""]",,"false","6","**Two Methods of Gene Therapy:**

**1. Somatic Gene Therapy:** Involves introducing functional genes into somatic (body) cells to correct genetic defects. The therapeutic effect is limited to the treated individual and is not inherited by offspring.

**2. Germline Gene Therapy:** Involves modifying genes in reproductive cells (gametes or embryos), making changes heritable and passed to future generations.

**Role of Gene Therapy in Cystic Fibrosis:**

Cystic fibrosis (CF) is caused by mutations in the CFTR gene, resulting in defective chloride ion channels in epithelial cells, leading to thick mucus accumulation in lungs and digestive organs. Successful gene therapy for CF aims to introduce a functional copy of the CFTR gene into affected lung cells using viral or non-viral vectors. Once integrated, the functional gene produces normal CFTR protein, restoring chloride ion transport and reducing mucus viscosity. This allows normal airway clearance, reducing bacterial infections and improving respiratory function. Gene therapy offers potential long-term benefits by addressing the root cause rather than merely treating symptoms. Successful CF gene therapy would significantly improve quality of life, reduce pulmonary complications, and potentially extend survival rates in affected individuals. The lungs are targeted because they are the primary site of CF pathology and are relatively accessible for gene delivery through inhalation methods.",,"C","long","5","annual","What are the two methods used for gene therapy? Explain the role of successful gene therapy for cystic fibrosis.","ms7ftpg192xks1a0dkb1qz5pn185qcg3","2024",,,,
"biology-12","10-biotechnology","Biotechnology","10-7-working-of-vertical-soil-free-food-farms","10.7 Vertical Soil-Free Food Farms","m17138srpqpp5g9s0x90v9kwq185qgsy",,"true","Federal Board",,"[""Identification of nitrogen-fixing organisms (bacteria and cyanobacteria)"",""Conversion of atmospheric $N_2$ to ammonia ($NH_3$) through enzymatic processes"",""Availability of fixed nitrogen in soil for plant absorption"",""Role of fixed nitrogen in plant protein and nucleic acid synthesis"",""Distinction between atmospheric nitrogen and biologically available forms""]",,"false","3","Atmospheric nitrogen is fixed through biological nitrogen fixation, a process carried out by nitrogen-fixing bacteria and cyanobacteria. These microorganisms convert atmospheric nitrogen ($N_2$) into ammonia ($NH_3$), which plants can then utilize for synthesizing proteins and nucleic acids. This fixed nitrogen is incorporated into the soil and becomes available for plant uptake through their root systems.",,"B","short","9","annual","How is atmospheric nitrogen fixed to be utilized by plants?","ms7895n5a65fd9zqnzqtvqm7v585pnjd","2022",,,,
"biology-12","10-biotechnology","Biotechnology","10-7-working-of-vertical-soil-free-food-farms","10.7 Vertical Soil-Free Food Farms","m1708bxdanvm7rat62ejz0m29185p2z9",,,"Federal Board",,"[""PCR information not available in provided notes"",""Question requires molecular biology content on DNA amplification"",""Provided notes focus on vertical farming and genetic engineering applications only"",""Cannot generate model answer without appropriate source material""]",,"false","7","The provided notes do not contain information about PCR (Polymerase Chain Reaction) or DNA amplification. The notes cover vertical soil-free food farms, genetic engineering, and genetically modified organisms, but do not include the molecular biology techniques required to answer this question about PCR. To provide an accurate answer grounded in the provided content, relevant notes on PCR methodology would be necessary.",,"C","long","1","annual","How is a piece of DNA amplified through PCR? Explain the process in detail.","ms7895n5a65fd9zqnzqtvqm7v585pnjd","2022",,,,
"biology-12","10-biotechnology","Biotechnology","10-7-working-of-vertical-soil-free-food-farms","10.7 Vertical Soil-Free Food Farms","m17ezt64wsx3p027qrfjeszaa585qf38",,"true","Federal Board",,"[""Identifies forensic applications such as crime scene investigation and suspect identification using DNA fingerprinting"",""Recognizes medical/diagnostic applications including detection of genetic disorders and inherited diseases"",""Mentions paternity or kinship testing applications"",""Explains how DNA analysis works in each application (e.g., comparing profiles, detecting mutations)"",""Any three valid applications from: agriculture/crop improvement, evolutionary studies, or pharmaceutical development""]",,"false","3","Three important applications of DNA analysis are: (1) **Forensic Investigation** - DNA fingerprinting is used to identify suspects and victims at crime scenes by comparing DNA profiles from biological evidence with known samples. (2) **Medical Diagnosis** - DNA analysis detects genetic disorders and mutations responsible for inherited diseases, enabling early diagnosis and treatment planning. (3) **Paternity Testing** - DNA analysis determines biological relationships between individuals by comparing genetic markers, used in legal and personal contexts to establish parentage.",,"B","short","21","annual","Write down any three applications of DNA analysis.","ms7895n5a65fd9zqnzqtvqm7v585pnjd","2024",,,,