subjectSlug,chapterSlug,chapterTitle,topicSlug,topicTitle,_id,exerciseId,exerciseTitle,lastAttempt,locked,options,origin,partType,questionKind,questionNumber,sourceRef,stem,topicId,correctKey,correctKeyVerified,examBoard,session,year,marks,modelAnswer
"chemistry-9","14-hydrocarbons","Hydrocarbons","14-1-alkanes","14.1 Alkanes","m174khqewzergke6pfaqnmpxw98dy33x","xd769arxr6j154cxkmgwhkx1fs8dzb88","Encircle the correct answer",,"false","[{""key"":""A"",""text"":""Ethane""},{""key"":""B"",""text"":""Ethene""},{""key"":""C"",""text"":""Ethyne""},{""key"":""D"",""text"":""Methanol""}]","exercise","MCQ","mcq","1(i)","{""blockIndex"":7,""chapterNumber"":14,""subjectSlug"":""chemistry-9""}","Which molecule contains a carbon-carbon single bond?","ms778k3hyzwwggh6gh2h1prybs8bs08d",,,,,,,
"chemistry-9","14-hydrocarbons","Hydrocarbons","14-1-alkanes","14.1 Alkanes","m179pavhwzz9pe5xdmmt2enk6n8dy8jb","xd7f2f3571yh1wnj53kkrw52gd8dygx1","Give short answer",,"false",,"exercise",,"short","2(i)","{""blockIndex"":7,""chapterNumber"":14,""subjectSlug"":""chemistry-9""}","Give three examples of saturated hydrocarbons.","ms778k3hyzwwggh6gh2h1prybs8bs08d",,,,,,,
"chemistry-9","14-hydrocarbons","Hydrocarbons","14-1-alkanes","14.1 Alkanes","m17demp34j8dm21gp4p73rpkks8dyw5s","xd7f2f3571yh1wnj53kkrw52gd8dygx1","Give short answer",,"false",,"exercise",,"short","2(ii)","{""blockIndex"":7,""chapterNumber"":14,""subjectSlug"":""chemistry-9""}","Draw structure for ethane.","ms778k3hyzwwggh6gh2h1prybs8bs08d",,,,,,,
"chemistry-9","14-hydrocarbons","Hydrocarbons","14-1-alkanes","14.1 Alkanes","m17apwrq20jf9hg4gbchgt3bn58dycxp","xd7f2f3571yh1wnj53kkrw52gd8dygx1","Give short answer",,"false",,"exercise",,"short","2(iii)","{""blockIndex"":7,""chapterNumber"":14,""subjectSlug"":""chemistry-9""}","Draw structural formulas of an alkane containing five carbon atoms.","ms778k3hyzwwggh6gh2h1prybs8bs08d",,,,,,,
"chemistry-9","14-hydrocarbons","Hydrocarbons","14-2-general-methods-of-preparations-of-alkanes","14.2 General Methods of Preparations of Alkanes","m17863wjgjtdze9k4r8f84t9518c7nqf",,,,"false","[{""key"":""A"",""text"":""170°C""},{""key"":""B"",""text"":""200–250°C""},{""key"":""C"",""text"":""450–750°C""},{""key"":""D"",""text"":""2000°C""}]","exam","MCQ","mcq","4",,"Correct temperature required to break larger hydrocarbon into smaller hydrocarbons is:","ms72gv3x86dyfxaecs095d3p9d8bsh27","C","true","fbise","annual","2025",,
"chemistry-9","14-hydrocarbons","Hydrocarbons","14-2-general-methods-of-preparations-of-alkanes","14.2 General Methods of Preparations of Alkanes","m1758h75n89zdhr9x4shga8rw98c6p6j",,,,"false","[{""key"":""A"",""text"":""Ni, 200–300°C""},{""key"":""B"",""text"":""Zn""},{""key"":""C"",""text"":""Zn + H2SO4""},{""key"":""D"",""text"":""Al, 1000°C""}]","exam","MCQ","mcq","4",,"Correct reagent for the hydrogenation of alkenes and alkynes is:","ms72gv3x86dyfxaecs095d3p9d8bsh27","A","true","fbise","annual","2025",,
"chemistry-9","14-hydrocarbons","Hydrocarbons","14-2-general-methods-of-preparations-of-alkanes","14.2 General Methods of Preparations of Alkanes","m17eav8pahepmv3bns9ej7wth18c71d0",,,,"false","[{""key"":""A"",""text"":""Al2O3 at 350°C""},{""key"":""B"",""text"":""Conc. H2SO4 at 170°C""},{""key"":""C"",""text"":""Zn + dust""},{""key"":""D"",""text"":""Zn + HCl""}]","exam","MCQ","mcq","(iv)",,"Suggest the correct reagents in the reduction of alkyl halides.","ms72gv3x86dyfxaecs095d3p9d8bsh27","C","true","fbise","specimen","2026",,
"chemistry-9","14-hydrocarbons","Hydrocarbons","14-2-general-methods-of-preparations-of-alkanes","14.2 General Methods of Preparations of Alkanes","m17ey9pk36890x0z1qsnqfve9d8cd2yz",,,,"false",,"exam","C","long","Q.4",,"How can alkanes be prepared by hydrogenation of alkynes and alkyl halides? Give a balanced equation for each.","ms72gv3x86dyfxaecs095d3p9d8bsh27",,,"fbise","annual","2025","3","Hydrogenation of an alkyne: $\mathrm{CH}_{3}-\mathrm{C}\equiv\mathrm{CH}+2\mathrm{H}_{2}\rightarrow\mathrm{CH}_{3}-\mathrm{CH}_{2}-\mathrm{CH}_{3}$, using Ni and heat. Reduction of an alkyl halide: $\mathrm{CH}_{3}\mathrm{CH}_{2}\mathrm{CH}_{2}\mathrm{Cl}+2[\mathrm{H}]\rightarrow\mathrm{CH}_{3}\mathrm{CH}_{2}\mathrm{CH}_{3}+\mathrm{HCl}$, using Zn in aqueous acid."
"chemistry-9","14-hydrocarbons","Hydrocarbons","14-2-general-methods-of-preparations-of-alkanes","14.2 General Methods of Preparations of Alkanes","m171tpd849kbxf99vtmz21h6d18ccpnd",,,,"false",,"exam","C","long","Q.4",,"Explain preparation of alkanes by hydrogenation of alkenes and cracking of larger hydrocarbons.","ms72gv3x86dyfxaecs095d3p9d8bsh27",,,"fbise","annual","2025","3","Alkane preparation by hydrogenation: an alkene reacts with H2 over finely divided Ni at 200-300°C to form the corresponding alkane. By cracking: a larger hydrocarbon is heated at 450-750°C and high pressure to form smaller alkanes and alkenes."
"chemistry-9","14-hydrocarbons","Hydrocarbons","14-2-general-methods-of-preparations-of-alkanes","14.2 General Methods of Preparations of Alkanes","m173aeqaye9acejqff0x0adqwh8cdtae",,,,"false",,"exam","C","long","Q.4",,"Preparation of alkanes from three listed compounds and reaction types.","ms72gv3x86dyfxaecs095d3p9d8bsh27",,,"fbise","model","2026","6",
"chemistry-9","14-hydrocarbons","Hydrocarbons","14-2-general-methods-of-preparations-of-alkanes","14.2 General Methods of Preparations of Alkanes","m179g8tjpjtdek9hwk44zyy0bh8cdr6p",,,,"false",,"exam","C","long","Q.4",,"Explain how alkanes can be prepared from CH3–C≡CH, CH3–C≡C–CH3 and CH3CH2CH2Cl, mentioning the reaction type in each case.","ms72gv3x86dyfxaecs095d3p9d8bsh27",,,"fbise","specimen","2026","2","$\mathrm{CH}_{3}-\mathrm{C}\equiv\mathrm{CH}+2\mathrm{H}_{2}\rightarrow\mathrm{CH}_{3}\mathrm{CH}_{2}\mathrm{CH}_{3}$ by hydrogenation; $\mathrm{CH}_{3}-\mathrm{C}\equiv\mathrm{C}-\mathrm{CH}_{3}+2\mathrm{H}_{2}\rightarrow\mathrm{CH}_{3}\mathrm{CH}_{2}\mathrm{CH}_{2}\mathrm{CH}_{3}$ by hydrogenation; $\mathrm{CH}_{3}\mathrm{CH}_{2}\mathrm{CH}_{2}\mathrm{Cl}+2[\mathrm{H}]\rightarrow\mathrm{CH}_{3}\mathrm{CH}_{2}\mathrm{CH}_{3}+\mathrm{HCl}$ by reduction with Zn in aqueous acid. The reaction types are hydrogenation, hydrogenation and reduction, respectively."
"chemistry-9","14-hydrocarbons","Hydrocarbons","14-2-general-methods-of-preparations-of-alkanes","14.2 General Methods of Preparations of Alkanes","m17cbmr35d1ak40h4q04xgb97h8dy270","xd769arxr6j154cxkmgwhkx1fs8dzb88","Encircle the correct answer",,"false","[{""key"":""A"",""text"":""Ethane""},{""key"":""B"",""text"":""Ethene""},{""key"":""C"",""text"":""Methane""},{""key"":""D"",""text"":""Ethyne""}]","exercise","MCQ","mcq","1(ii)","{""blockIndex"":7,""chapterNumber"":14,""subjectSlug"":""chemistry-9""}","Which product is obtained when chloromethane (or methyl chloride) is reduced?","ms72gv3x86dyfxaecs095d3p9d8bsh27",,,,,,,
"chemistry-9","14-hydrocarbons","Hydrocarbons","14-2-general-methods-of-preparations-of-alkanes","14.2 General Methods of Preparations of Alkanes","m172g4brx6x6xg0anrhv23ahx18dywf5","xd769arxr6j154cxkmgwhkx1fs8dzb88","Encircle the correct answer",,"false","[{""key"":""A"",""text"":""Hydrogen""},{""key"":""B"",""text"":""Water""},{""key"":""C"",""text"":""Halogen""},{""key"":""D"",""text"":""Hydrogen halide""}]","exercise","MCQ","mcq","1(iii)","{""blockIndex"":7,""chapterNumber"":14,""subjectSlug"":""chemistry-9""}","By hydrogenation we mean, the addition of","ms72gv3x86dyfxaecs095d3p9d8bsh27",,,,,,,
"chemistry-9","14-hydrocarbons","Hydrocarbons","14-2-general-methods-of-preparations-of-alkanes","14.2 General Methods of Preparations of Alkanes","m179mftg4p5y8sm2pp120gymfh8dzb36","xd769arxr6j154cxkmgwhkx1fs8dzb88","Encircle the correct answer",,"false","[{""key"":""A"",""text"":""Hydrogen""},{""key"":""B"",""text"":""Chlorine""},{""key"":""C"",""text"":""Methane""},{""key"":""D"",""text"":""All of these""}]","exercise","MCQ","mcq","1(v)","{""blockIndex"":7,""chapterNumber"":14,""subjectSlug"":""chemistry-9""}","Reduction of chloromethane gives","ms72gv3x86dyfxaecs095d3p9d8bsh27",,,,,,,
"chemistry-9","14-hydrocarbons","Hydrocarbons","14-2-general-methods-of-preparations-of-alkanes","14.2 General Methods of Preparations of Alkanes","m1747ngab8h35q125gyhxxjzbd8dy8v7","xd7f2f3571yh1wnj53kkrw52gd8dygx1","Give short answer",,"false",,"exercise",,"short","2(iv)","{""blockIndex"":7,""chapterNumber"":14,""subjectSlug"":""chemistry-9""}","What do you mean by hydrogenation reaction? Give one example.","ms72gv3x86dyfxaecs095d3p9d8bsh27",,,,,,,
"chemistry-9","14-hydrocarbons","Hydrocarbons","14-2-general-methods-of-preparations-of-alkanes","14.2 General Methods of Preparations of Alkanes","m175zypdx1rtb48a2f2b66gq958dzr67","xd7f2f3571yh1wnj53kkrw52gd8dygx1","Give short answer",,"false",,"exercise",,"short","2(v)","{""blockIndex"":7,""chapterNumber"":14,""subjectSlug"":""chemistry-9""}","What is meant by cracking?","ms72gv3x86dyfxaecs095d3p9d8bsh27",,,,,,,
"chemistry-9","14-hydrocarbons","Hydrocarbons","14-2-general-methods-of-preparations-of-alkanes","14.2 General Methods of Preparations of Alkanes","m17bramkfsc6p63b25cq053n818dzzce","xd77ee3mn4kfpy7tpxsk9q68c98dyawa","Extensive Answer Questions",,"false",,"exercise",,"long","3","{""blockIndex"":7,""chapterNumber"":14,""subjectSlug"":""chemistry-9""}","Discuss methods for the preparation ethane.","ms72gv3x86dyfxaecs095d3p9d8bsh27",,,,,,,
"chemistry-9","14-hydrocarbons","Hydrocarbons","14-2-general-methods-of-preparations-of-alkanes","14.2 General Methods of Preparations of Alkanes","m173394pj80zqz53850yvt7my58dzw97","xd77ee3mn4kfpy7tpxsk9q68c98dyawa","Extensive Answer Questions",,"false",,"exercise",,"long","5","{""blockIndex"":7,""chapterNumber"":14,""subjectSlug"":""chemistry-9""}","Write a chemical equation to show the preparation of an alkane from an alkene and an alkyne.","ms72gv3x86dyfxaecs095d3p9d8bsh27",,,,,,,
"chemistry-9","14-hydrocarbons","Hydrocarbons","14-2-general-methods-of-preparations-of-alkanes","14.2 General Methods of Preparations of Alkanes","m1722fpnn66hqv00nfde7d8rbs8dy8bt","xd77ee3mn4kfpy7tpxsk9q68c98dyawa","Extensive Answer Questions",,"false",,"exercise",,"long","6","{""blockIndex"":9,""chapterNumber"":14,""subjectSlug"":""chemistry-9""}","Write chemical equations for the preparation of propane.","ms72gv3x86dyfxaecs095d3p9d8bsh27",,,,,,,
"chemistry-9","14-hydrocarbons","Hydrocarbons","14-3-properties-of-alkanes","14.3 Properties of Alkanes","m1759z8183kp2cd0wrp2weys2s8cc683",,,,"false",,"exam","B","short","2(v)",,"Give chemical reactions of alkanes for complete combustion and incomplete combustion.","ms75m2xh9btdbxfawtvwfccqz58bsbf5",,,"fbise","annual","2025","1.5","Complete combustion: CH4 + 2O2 -> CO2 + 2H2O + heat. Incomplete combustion with limited oxygen can be represented as 2CH4 + 3O2 -> 2CO + 4H2O + heat."
"chemistry-9","14-hydrocarbons","Hydrocarbons","14-3-properties-of-alkanes","14.3 Properties of Alkanes","m1727wgye36s273ycpnz1t8xwx8cd30e",,,,"false",,"exam","B","short","2(v)",,"Write the reactions of CH4 with Cl2 in diffused sunlight/UV light and in direct sunlight.","ms75m2xh9btdbxfawtvwfccqz58bsbf5",,,"fbise","annual","2025","1.5","In diffused sunlight: $\mathrm{CH}_{4}+\mathrm{Cl}_{2}\rightarrow\mathrm{CH}_{3}\mathrm{Cl}+\mathrm{HCl}$. In direct sunlight: $\mathrm{CH}_{4}+2\mathrm{Cl}_{2}\rightarrow\mathrm{C}+4\mathrm{HCl}$. The first is mono-substitution; the direct-sunlight reaction is explosive."
"chemistry-9","14-hydrocarbons","Hydrocarbons","14-3-properties-of-alkanes","14.3 Properties of Alkanes","m17cgtyh7ee6wpgb9pw6a979958ccwqr",,,,"false",,"exam","B","short","2(v)",,"Sunlight in methane/chlorine substitution reaction.","ms75m2xh9btdbxfawtvwfccqz58bsbf5",,,"fbise","model","2026","3","In diffused sunlight, methane and chlorine undergo substitution: CH4 + Cl2 -> CH3Cl + HCl. In direct sunlight, the reaction is explosive and forms carbon and HCl: CH4 + 2Cl2 -> C + 4HCl."
"chemistry-9","14-hydrocarbons","Hydrocarbons","14-3-properties-of-alkanes","14.3 Properties of Alkanes","m17bmjpjyqb5bnp8dt460f0pzn8ccfdd",,,,"false",,"exam","B","short","2(v)",,"How can sunlight be important in substitution reaction of methane with chlorine? Explain with reactions.","ms75m2xh9btdbxfawtvwfccqz58bsbf5",,,"fbise","specimen","2026","1","Sunlight initiates substitution of methane with chlorine. In diffused sunlight: $\mathrm{CH}_{4}+\mathrm{Cl}_{2}\rightarrow\mathrm{CH}_{3}\mathrm{Cl}+\mathrm{HCl}$; in direct sunlight: $\mathrm{CH}_{4}+2\mathrm{Cl}_{2}\rightarrow\mathrm{C}+4\mathrm{HCl}$."
"chemistry-9","14-hydrocarbons","Hydrocarbons","14-3-properties-of-alkanes","14.3 Properties of Alkanes","m176xp40ep01ks22dtx9xsmagn8dzmh2","xd769arxr6j154cxkmgwhkx1fs8dzb88","Encircle the correct answer",,"false","[{""key"":""A"",""text"":""Carbon dioxide""},{""key"":""B"",""text"":""Water""},{""key"":""C"",""text"":""Heat""},{""key"":""D"",""text"":""All of these""}]","exercise","MCQ","mcq","1(iv)","{""blockIndex"":7,""chapterNumber"":14,""subjectSlug"":""chemistry-9""}","Combustion of methane produces","ms75m2xh9btdbxfawtvwfccqz58bsbf5",,,,,,,
"chemistry-9","14-hydrocarbons","Hydrocarbons","14-3-properties-of-alkanes","14.3 Properties of Alkanes","m177cangzfr7b88k6q22pn9seh8dz9td","xd77ee3mn4kfpy7tpxsk9q68c98dyawa","Extensive Answer Questions",,"false",,"exercise",,"long","4","{""blockIndex"":7,""chapterNumber"":14,""subjectSlug"":""chemistry-9""}","Describe properties of alkanes.","ms75m2xh9btdbxfawtvwfccqz58bsbf5",,,,,,,