subjectSlug,chapterSlug,chapterTitle,topicSlug,topicTitle,_id,exerciseId,exerciseTitle,lastAttempt,locked,options,origin,partType,questionKind,questionNumber,sourceRef,stem,topicId,examBoard,keyPoints,marks,modelAnswer,session,year
"chemistry-12","19-chromatography","Chromatography","19-1-main-components-of-chromatography","19.1 Main Components of Chromatography","m179s54474qj9ezez2bn5cnwwx8dyf6e","xd735f5q7ws5rv6ewc10zh798s8dzyrr","Printed Exercise Section 1",,"false","[{""key"":""A"",""text"":""Column chromatography""},{""key"":""B"",""text"":""Thin layer chromatography""},{""key"":""C"",""text"":""Paper chromatography""},{""key"":""D"",""text"":""Liquid chromatography""}]","exercise","MCQ","mcq","1.ii","{""blockIndex"":1,""chapterNumber"":19,""page"":298,""subjectSlug"":""chemistry-12""}","Detecting amino acids by spraying the plate with ninhydrin solution exemplifies which type of chromatography?","ms77jdaqy43aypxkkf092g9gsx85q10n",,,,,,
"chemistry-12","19-chromatography","Chromatography","19-1-main-components-of-chromatography","19.1 Main Components of Chromatography","m175hfr2ynkprv73ytvenamvhn8dzdb1","xd7ft6vfetnn2ay4afp6nhzwg18dyf4m","Printed Exercise Section 2",,"false",,"exercise",,"long","2.i","{""blockIndex"":0,""chapterNumber"":19,""page"":293,""subjectSlug"":""chemistry-12""}","What causes colors to separate during chromatography?","ms77jdaqy43aypxkkf092g9gsx85q10n",,,,,,
"chemistry-12","19-chromatography","Chromatography","19-1-main-components-of-chromatography","19.1 Main Components of Chromatography","m17b2h27afdtvnhcdag8jx4rbx8dyd2m","xd7ft6vfetnn2ay4afp6nhzwg18dyf4m","Printed Exercise Section 2",,"false",,"exercise",,"long","2.vi","{""blockIndex"":63,""chapterNumber"":19,""page"":298,""subjectSlug"":""chemistry-12""}","What type of chromatography is used in forensic science?","ms77jdaqy43aypxkkf092g9gsx85q10n",,,,,,
"chemistry-12","19-chromatography","Chromatography","19-1-main-components-of-chromatography","19.1 Main Components of Chromatography","m170qvtk1s4xpkrm0vqf6bzg198dy3xa","xd7ft6vfetnn2ay4afp6nhzwg18dyf4m","Printed Exercise Section 2",,"false",,"exercise",,"long","2.vii","{""blockIndex"":4,""chapterNumber"":19,""page"":298,""subjectSlug"":""chemistry-12""}","Describe how you would analyze the chromatograms to determine if two ink samples are from the same source.","ms77jdaqy43aypxkkf092g9gsx85q10n",,,,,,
"chemistry-12","19-chromatography","Chromatography","19-1-main-components-of-chromatography","19.1 Main Components of Chromatography","m17dwvqb901bgt16aj5h7x1x6s8dyfb0","xd7ft6vfetnn2ay4afp6nhzwg18dyf4m","Printed Exercise Section 2",,"false",,"exercise",,"long","2.ix","{""blockIndex"":4,""chapterNumber"":19,""page"":298,""subjectSlug"":""chemistry-12""}","Assess the limitations of paper chromatography when used to separate complex mixtures?","ms77jdaqy43aypxkkf092g9gsx85q10n",,,,,,
"chemistry-12","19-chromatography","Chromatography","19-1-main-components-of-chromatography","19.1 Main Components of Chromatography","m17bnc0yzs4kr05zfyttfrdwyn8dyn17","xd7bba8adm55qwtag54wqn57cx8dynnp","Printed Exercise Section 3",,"false",,"exercise",,"long","3.iii","{""blockIndex"":6,""chapterNumber"":19,""page"":298,""subjectSlug"":""chemistry-12""}","Design an experiment to investigate the effectiveness of different chromatographic techniques in separating and identifying components of a mixture. Evaluate the experimental design, including the choice of chromatographic techniques, sample preparation methods, detection systems, and data analysis strategies. Discuss the potential challenges and limitations of the experiment.","ms77jdaqy43aypxkkf092g9gsx85q10n",,,,,,
"chemistry-12","19-chromatography","Chromatography","19-2-thin-layer-chromatography","19.2 Thin Layer Chromatography (TLC)","m17et447gf5s3a02y38hvc82tn8dz47r","xd735f5q7ws5rv6ewc10zh798s8dzyrr","Printed Exercise Section 1",,"false","[{""key"":""A"",""text"":""Gas liquid""},{""key"":""B"",""text"":""Column""},{""key"":""C"",""text"":""thin layer""},{""key"":""D"",""text"":""Paper""}]","exercise","MCQ","mcq","1.v","{""blockIndex"":2,""chapterNumber"":19,""page"":298,""subjectSlug"":""chemistry-12""}","Which type of chromatography involves separating substances in a mixture over a 0.2 mm thick layer of an adsorbent?","ms7e6yznzrf8bajcp6h19ffhj185pbm8",,,,,,
"chemistry-12","19-chromatography","Chromatography","19-2-thin-layer-chromatography","19.2 Thin Layer Chromatography (TLC)","m17d2c33dt1n469np3kvypptms8dygnn","xd735f5q7ws5rv6ewc10zh798s8dzyrr","Printed Exercise Section 1",,"false","[{""key"":""A"",""text"":""polarity""},{""key"":""B"",""text"":""molecular size""},{""key"":""C"",""text"":""concentration""},{""key"":""D"",""text"":""electronegativity""}]","exercise","MCQ","mcq","1.vii","{""blockIndex"":2,""chapterNumber"":19,""page"":298,""subjectSlug"":""chemistry-12""}","In TLC substances are separated because of differences in $\_\_\_\_$.","ms7e6yznzrf8bajcp6h19ffhj185pbm8",,,,,,
"chemistry-12","19-chromatography","Chromatography","19-2-thin-layer-chromatography","19.2 Thin Layer Chromatography (TLC)","m17927beg1c7ar01xxfg53bgq18dzv7a","xd7ft6vfetnn2ay4afp6nhzwg18dyf4m","Printed Exercise Section 2",,"false",,"exercise",,"long","2.iii","{""blockIndex"":30,""chapterNumber"":19,""page"":296,""subjectSlug"":""chemistry-12""}","Explain the primary use of thin-layer chromatography (TLC)?","ms7e6yznzrf8bajcp6h19ffhj185pbm8",,,,,,
"chemistry-12","19-chromatography","Chromatography","19-2-thin-layer-chromatography","19.2 Thin Layer Chromatography (TLC)","m17ac8q46caggqxbq2krk49ay58dzdsy","xd7ft6vfetnn2ay4afp6nhzwg18dyf4m","Printed Exercise Section 2",,"false",,"exercise",,"long","2.iv","{""blockIndex"":30,""chapterNumber"":19,""page"":296,""subjectSlug"":""chemistry-12""}","Differentiate between thin-layer chromatography (TLC) and paper chromatography?","ms7e6yznzrf8bajcp6h19ffhj185pbm8",,,,,,
"chemistry-12","19-chromatography","Chromatography","19-3-interpretation-of-mathrm-r-mathrm-f-value","19.3 Interpretation of $R_f$ Value","m17eq3ffmvx5bxkqj6jctvbagh8dygxh","xd735f5q7ws5rv6ewc10zh798s8dzyrr","Printed Exercise Section 1",,"false","[{""key"":""A"",""text"":""The ratio of the distance traveled by the substance from the baseline to the distance traveled by the solvent from the baseline.""},{""key"":""B"",""text"":""The ratio of the distance traveled by the solvent from the baseline to the distance traveled by the substance from the baseline.""},{""key"":""C"",""text"":""The ratio of the distance traveled by the substance from the top line to the distance traveled by the solvent from the top line.""},{""key"":""D"",""text"":""The ratio of the distance traveled by the solvent from the top line to the distance traveled by the substance from the top line.""}]","exercise","MCQ","mcq","1.iii","{""blockIndex"":1,""chapterNumber"":19,""page"":298,""subjectSlug"":""chemistry-12""}","What does the retardation factor represent?","ms780x9e5cy529165byxj3tdv185qy64",,,,,,
"chemistry-12","19-chromatography","Chromatography","19-3-interpretation-of-mathrm-r-mathrm-f-value","19.3 Interpretation of $R_f$ Value","m17b2nffyp042qsyjg7qpaaw2x8dy7wq","xd735f5q7ws5rv6ewc10zh798s8dzyrr","Printed Exercise Section 1",,"false","[{""key"":""A"",""text"":""Retention distance""},{""key"":""B"",""text"":""Distribution constant""},{""key"":""C"",""text"":""Plate height""},{""key"":""D"",""text"":""Column packing length""}]","exercise","MCQ","mcq","1.vi","{""blockIndex"":2,""chapterNumber"":19,""page"":298,""subjectSlug"":""chemistry-12""}","What is the distance that the solute moves while undergoing one partition?","ms780x9e5cy529165byxj3tdv185qy64",,,,,,
"chemistry-12","19-chromatography","Chromatography","19-3-interpretation-of-mathrm-r-mathrm-f-value","19.3 Interpretation of $R_f$ Value","m17850qpayf0h6zs1xad0mhj0n8dys1e","xd7ft6vfetnn2ay4afp6nhzwg18dyf4m","Printed Exercise Section 2",,"false",,"exercise",,"long","2.ii","{""blockIndex"":39,""chapterNumber"":19,""page"":296,""subjectSlug"":""chemistry-12""}","Is it possible for the $\mathrm{R}_{\mathrm{f}}$ value to exceed 1?","ms780x9e5cy529165byxj3tdv185qy64",,,,,,
"chemistry-12","19-chromatography","Chromatography","19-3-interpretation-of-mathrm-r-mathrm-f-value","19.3 Interpretation of $R_f$ Value","m179fbadzjb9y3n9jvee9kv1b18dyx3z","xd7ft6vfetnn2ay4afp6nhzwg18dyf4m","Printed Exercise Section 2",,"false",,"exercise",,"long","2.x","{""blockIndex"":4,""chapterNumber"":19,""page"":298,""subjectSlug"":""chemistry-12""}","What are the essential characteristics of the substance used as a developer?","ms780x9e5cy529165byxj3tdv185qy64",,,,,,
"chemistry-12","19-chromatography","Chromatography","19-3-interpretation-of-mathrm-r-mathrm-f-value","19.3 Interpretation of $R_f$ Value","m17ekcny9gqjmvzagm4d210c3n8dzzwy","xd774nxyrdhjjt32yhrb8vnt9d8dz4vq","Group Project",,"false",,"exercise",,"long","GROUP PROJECT","{""blockIndex"":11,""chapterNumber"":19,""subjectSlug"":""chemistry-12""}","Describe a scenario in which the results of a chromatography experiment could be misinterpreted. How would you ensure an accurate interpretation of chromatographic data?
[Source figure reference: ./images/054141f4-d978-49d7-be4e-e377f2c6ff76-306_1540_2059_8_6.jpg]","ms780x9e5cy529165byxj3tdv185qy64",,,,,,
"chemistry-12","19-chromatography","Chromatography","19-4-selection-of-mobile-and-stationary-phase","19.4 Selection of Mobile and Stationary Phases in Chromatography","m171qs7711t6zwhmbjyt8x6j7n8dyn56","xd735f5q7ws5rv6ewc10zh798s8dzyrr","Printed Exercise Section 1",,"false","[{""key"":""A"",""text"":""Solid or liquid""},{""key"":""B"",""text"":""Liquid or gas""},{""key"":""C"",""text"":""Solid only""},{""key"":""D"",""text"":""Liquid only""}]","exercise","MCQ","mcq","1.iv","{""blockIndex"":2,""chapterNumber"":19,""page"":298,""subjectSlug"":""chemistry-12""}","In chromatography, the stationary phase may be $\_\_\_\_$ supported on a solid.","ms76gztj69zg8s6zdpxq8whnzd85p3q7",,,,,,
"chemistry-12","19-chromatography","Chromatography","19-4-selection-of-mobile-and-stationary-phase","19.4 Selection of Mobile and Stationary Phases in Chromatography","m177k4vd0zkf45vjt60jdne5hx8dz7ty","xd735f5q7ws5rv6ewc10zh798s8dzyrr","Printed Exercise Section 1",,"false","[{""key"":""A"",""text"":""Paper chromatography""},{""key"":""B"",""text"":""Thin-layer chromatography (TLC)""},{""key"":""C"",""text"":""Gas chromatography (GC)""},{""key"":""D"",""text"":""High-performance liquid chromatography (HPLC)""}]","exercise","MCQ","mcq","1.viii","{""blockIndex"":2,""chapterNumber"":19,""page"":298,""subjectSlug"":""chemistry-12""}","Which chromatographic technique is best suited for separating volatile compounds based on their interaction with a stationary phase?","ms76gztj69zg8s6zdpxq8whnzd85p3q7",,,,,,
"chemistry-12","19-chromatography","Chromatography","19-4-selection-of-mobile-and-stationary-phase","19.4 Selection of Mobile and Stationary Phases in Chromatography","m1751q0jch5tfjwk0rdehj0hq58dzaar","xd735f5q7ws5rv6ewc10zh798s8dzyrr","Printed Exercise Section 1",,"false","[{""key"":""A"",""text"":""Paper chromatography""},{""key"":""B"",""text"":""Thin-layer chromatography (TLC)""},{""key"":""C"",""text"":""Column chromatography""},{""key"":""D"",""text"":""Gas chromatography (GC)""}]","exercise","MCQ","mcq","1.ix","{""blockIndex"":2,""chapterNumber"":19,""page"":298,""subjectSlug"":""chemistry-12""}","Which chromatographic technique is often used for monitoring the progress of reactions and identifying compounds based on their retention factors?","ms76gztj69zg8s6zdpxq8whnzd85p3q7",,,,,,
"chemistry-12","19-chromatography","Chromatography","19-4-selection-of-mobile-and-stationary-phase","19.4 Selection of Mobile and Stationary Phases in Chromatography","m174n1f1ceb5w7stqd9s9zhbqd8dy0v7","xd7ft6vfetnn2ay4afp6nhzwg18dyf4m","Printed Exercise Section 2",,"false",,"exercise",,"long","2.v","{""blockIndex"":54,""chapterNumber"":19,""page"":298,""subjectSlug"":""chemistry-12""}","What do ""stationary phase"" and ""mobile phase"" refer to in chromatography?","ms76gztj69zg8s6zdpxq8whnzd85p3q7",,,,,,
"chemistry-12","19-chromatography","Chromatography","19-4-selection-of-mobile-and-stationary-phase","19.4 Selection of Mobile and Stationary Phases in Chromatography","m1796whrgpnjntd0h7a5wax7qx8dz290","xd7ft6vfetnn2ay4afp6nhzwg18dyf4m","Printed Exercise Section 2",,"false",,"exercise",,"long","2.viii","{""blockIndex"":4,""chapterNumber"":19,""page"":298,""subjectSlug"":""chemistry-12""}","Explain the importance of the solvent choice in chromatography and how it affects the separation process.","ms76gztj69zg8s6zdpxq8whnzd85p3q7",,,,,,
"chemistry-12","19-chromatography","Chromatography","19-4-selection-of-mobile-and-stationary-phase","19.4 Selection of Mobile and Stationary Phases in Chromatography","m17a01zcp9050x496tbf11jzzx8dz3wj","xd7bba8adm55qwtag54wqn57cx8dynnp","Printed Exercise Section 3",,"false",,"exercise",,"long","3.ii","{""blockIndex"":6,""chapterNumber"":19,""page"":298,""subjectSlug"":""chemistry-12""}","Evaluate the effectiveness of chromatography as a method for environmental monitoring of pollutants. What are the strengths and weaknesses in this application?","ms76gztj69zg8s6zdpxq8whnzd85p3q7",,,,,,
"chemistry-12","19-chromatography","Chromatography","19-5-use-of-mass-spectrometry-in-forensic-analysis","19.5 Use of Mass Spectrometry in Forensic Analysis","m174fk4pvrxvk0knrkagfzc4zs85paj7",,,,"false",,,"C","long","7",,"What is mass spectrometry? Write down its basic principle. Explain the construction and working of a mass spectrometer.","ms78wysqn6vyeqmnsseqcg7fvs85qht0","Federal Board","[""Mass spectrometry separates ions based on mass-to-charge ratio (m/z) to determine molecular mass"",""Molecules are ionized by high-energy electrons (70 eV) to form molecular ions (M⁺•) with m/z equal to relative molecular mass"",""Molecular ions are accelerated and separated in a magnetic field; lighter ions deflected more than heavier ions"",""Molecular ion peak appears at highest m/z value; fragmentation produces lower m/z peaks forming characteristic fingerprint pattern"",""Detector records ion abundance at each m/z value to produce mass spectrum for molecular identification""]","7","Mass spectrometry is an analytical technique that separates ions based on their mass-to-charge ratio (m/z) to determine molecular mass and identify molecular structure. The basic principle involves ionizing chemical compounds to generate charged molecules or fragments, then separating these ions by their m/z values using electric and/or magnetic fields. A mass spectrometer consists of an ion source, accelerating region, mass analyzer, and detector. In operation, molecules are bombarded by high-energy electrons (70 eV) in the ion source, causing loss of an electron to form molecular ions (M⁺•). These ions are accelerated through an electric field, then separated in the mass analyzer based on their m/z ratios. Lighter ions are deflected more than heavier ions by the magnetic field. The detector records the abundance of ions at each m/z value, producing a mass spectrum. The molecular ion peak appears at the highest m/z value and indicates the relative molecular mass. Fragmentation of unstable molecular ions produces additional peaks at lower m/z values, creating a characteristic fragmentation pattern that serves as a fingerprint for molecular identification.","annual","2024"
"chemistry-12","19-chromatography","Chromatography","19-5-use-of-mass-spectrometry-in-forensic-analysis","19.5 Use of Mass Spectrometry in Forensic Analysis","m17a6thh3rfa3ts0et76q7eh2n8dydeg","xd735f5q7ws5rv6ewc10zh798s8dzyrr","Printed Exercise Section 1",,"false","[{""key"":""A"",""text"":""Mass spectrometry can detect the presence of a toxin but not specify which toxin.""},{""key"":""B"",""text"":""Carpet fiber analysis can be utilized to match fibers found on the victim.""},{""key"":""C"",""text"":""Tissue samples can be examined to identify both the presence and quantity of toxins.""},{""key"":""D"",""text"":""Mass spectrometry can ascertain the presence of a toxin but not quantify it.""}]","exercise","MCQ","mcq","1.i","{""blockIndex"":1,""chapterNumber"":19,""page"":298,""subjectSlug"":""chemistry-12""}","In a scenario where a person may have died from a drug overdose at a crime scene, how can mass spectrometry contribute to determining the cause of death?","ms78wysqn6vyeqmnsseqcg7fvs85qht0",,,,,,
"chemistry-12","19-chromatography","Chromatography","19-5-use-of-mass-spectrometry-in-forensic-analysis","19.5 Use of Mass Spectrometry in Forensic Analysis","m1799ctk45rjztt8vdep32hg098dy009","xd7bba8adm55qwtag54wqn57cx8dynnp","Printed Exercise Section 3",,"false",,"exercise",,"long","3.i","{""blockIndex"":6,""chapterNumber"":19,""page"":298,""subjectSlug"":""chemistry-12""}","Is mass spectrometry quantitative or qualitative? Give a reason to support your answer.","ms78wysqn6vyeqmnsseqcg7fvs85qht0",,,,,,
"chemistry-12","19-chromatography","Chromatography","19-5-use-of-mass-spectrometry-in-forensic-analysis","19.5 Use of Mass Spectrometry in Forensic Analysis","m171e3s3cmwda92m1sahthsfrh8dy2j8","xd7abzbg77r2nbdtj84h0v3f998dy14t","Think Tank",,"false",,"exercise",,"long","THINK TANK","{""blockIndex"":8,""chapterNumber"":19,""subjectSlug"":""chemistry-12""}","Group Activity
Teacher will divide the students into groups and Participants will use paper chromatography to solve a crime scene investigation by identifying and comparing ink samples from different suspects. Through this activity, participants will develop a practical understanding of chromatography techniques, enhance their problem-solving skills, and apply their knowledge in a forensic science context.
Outline for activity:","ms78wysqn6vyeqmnsseqcg7fvs85qht0",,,,,,