subjectSlug,chapterSlug,chapterTitle,topicSlug,topicTitle,_id,correctKey,correctKeyVerified,examBoard,explanation,keyPoints,lastAttempt,locked,marks,modelAnswer,options,partType,questionKind,questionNumber,session,stem,topicId,year,exerciseId,exerciseTitle,origin,sectionLabel,sourceRef
"chemistry-11","13-environmental-chemistry-air","Environmental Chemistry Air","13-1-air-pollution","13.1 Air Pollution","m173fgmc7s8y4m0r5tmq5n7c8h85ph6t","A","true","Federal Board","Peroxyacetyl nitrate (PAN) is formed by the reaction of oxides of nitrogen ($NO_x$) with volatile organic compounds (VOCs) in the presence of strong sunlight. This occurs during photochemical smog formation in sunny, dry urban areas with high traffic density.","[""PAN forms from nitrogen oxides ($NO_x$) and volatile organic compounds (VOCs)"",""Reaction requires strong sunlight (photochemical process)"",""PAN is a component of photochemical/brown smog"",""Formation occurs in urban areas with high pollution levels""]",,"false","1","Peroxyacetyl nitrate (PAN) is formed by the reaction of oxides of nitrogen ($NO_x$) with volatile organic compounds (VOCs) in the presence of strong sunlight. This occurs during photochemical smog formation in sunny, dry urban areas with high traffic density.","[{""key"":""A"",""text"":""Oxides of sulphur""},{""key"":""B"",""text"":""Hydrogen sulphide""},{""key"":""C"",""text"":""Oxides of phosphorus""},{""key"":""D"",""text"":""Unburned hydrocarbons""}]","MCQ","mcq","9","annual","Peroxyacetyl nitrate (PAN) is formed by the reaction of oxides of nitrogen with:","ms7903qmqx8jy1rt2j5k2db0v585qktt","2025",,,,,
"chemistry-11","13-environmental-chemistry-air","Environmental Chemistry Air","13-1-air-pollution","13.1 Air Pollution","m171nwr1hc1hr9d0m08egbft6d85p20f",,,"Federal Board",,"[""Definition of acid rain (pH < 5.6)"",""Identification of primary sources: SO₂ and NOₓ from fossil fuel combustion"",""Chemical equation for SO₂ conversion to H₂SO₄"",""Chemical equation for NOₓ conversion to HNO₃"",""Explanation of how acidic oxides dissolve in atmospheric water to form acids""]",,"false","3","Acid rain is precipitation with pH less than 5.6, formed when acidic oxides dissolve in atmospheric water. Primary sources are sulfur dioxide (SO₂) and nitrogen oxides (NOₓ) from fossil fuel combustion. SO₂ oxidizes to SO₃, which reacts with water: $SO_3 + H_2O \rightarrow H_2SO_4$. Similarly, NOₓ forms nitric acid: $4NO_2 + O_2 + 2H_2O \rightarrow 4HNO_3$. These strong acids dissolve in rainwater, lowering its pH and creating acid rain that damages ecosystems and infrastructure.",,"B","short","12","annual","What is acid rain? Describe its formation with the help of chemical reactions involved.","ms7903qmqx8jy1rt2j5k2db0v585qktt","2025",,,,,
"chemistry-11","13-environmental-chemistry-air","Environmental Chemistry Air","13-1-air-pollution","13.1 Air Pollution","m17cwky63zyc1dgqp3aas49bnd8e0g57","B",,,"Respiratory irritation and breathing problems are immediate, short-term effects of air pollution exposure; cancer risk and long-term memory effects develop only after prolonged exposure.",,,"false",,,"[{""key"":""A"",""text"":""Increased cancer risk""},{""key"":""B"",""text"":""Respiratory problems""},{""key"":""C"",""text"":""Long-term memory loss""},{""key"":""D"",""text"":""None of the above""}]","MCQ","mcq","(vi)",,"Which of the following is a short-term effect of air pollution on human health?","ms7903qmqx8jy1rt2j5k2db0v585qktt",,"xd74v7mpp5jj8q4c3f4pp4beds8e0j3k","Exercise 13: Choose the Correct Answer","exercise","Choose the Correct Answer","{""blockIndex"":12,""chapterNumber"":13,""subjectSlug"":""chemistry-11""}"
"chemistry-11","13-environmental-chemistry-air","Environmental Chemistry Air","13-1-air-pollution","13.1 Air Pollution","m179sh9trehfqatwxgv3ageh0h8e13a4","B",,,"Air pollution generally harms crop yields rather than increasing them, so 'increased agricultural productivity' is the one listed outcome that is not an adverse effect.",,,"false",,,"[{""key"":""A"",""text"":""Disruption of ecosystems""},{""key"":""B"",""text"":""Increased agricultural productivity""},{""key"":""C"",""text"":""Damage to buildings and monuments""},{""key"":""D"",""text"":""Loss of biodiversity""}]","MCQ","mcq","(viii)",,"Which of these is NOT an adverse effect of air pollution on the environment?","ms7903qmqx8jy1rt2j5k2db0v585qktt",,"xd74v7mpp5jj8q4c3f4pp4beds8e0j3k","Exercise 13: Choose the Correct Answer","exercise","Choose the Correct Answer","{""blockIndex"":12,""chapterNumber"":13,""subjectSlug"":""chemistry-11""}"
"chemistry-11","13-environmental-chemistry-air","Environmental Chemistry Air","13-1-air-pollution","13.1 Air Pollution","m177557ntg4ggqazwanz7qcxzd8e1by6","C",,,"CFCs release chlorine atoms in the stratosphere that catalytically destroy ozone molecules, making them the primary cause of ozone layer depletion.",,,"false",,,"[{""key"":""A"",""text"":""Greenhouse gases""},{""key"":""B"",""text"":""Volcanic eruptions""},{""key"":""C"",""text"":""Chlorofluorocarbons (CFCs)""},{""key"":""D"",""text"":""Deforestation""}]","MCQ","mcq","(ix)",,"The ozone layer depletion is primarily caused by:","ms7903qmqx8jy1rt2j5k2db0v585qktt",,"xd74v7mpp5jj8q4c3f4pp4beds8e0j3k","Exercise 13: Choose the Correct Answer","exercise","Choose the Correct Answer","{""blockIndex"":12,""chapterNumber"":13,""subjectSlug"":""chemistry-11""}"
"chemistry-11","13-environmental-chemistry-air","Environmental Chemistry Air","13-2-smog","13.2 Smog","m173fgmc7s8y4m0r5tmq5n7c8h85ph6t","A","true","Federal Board","Peroxyacetyl nitrate (PAN) is formed by the reaction of oxides of nitrogen ($NO_x$) with volatile organic compounds (VOCs) in the presence of strong sunlight. This occurs during photochemical smog formation in sunny, dry urban areas with high traffic density.","[""PAN forms from nitrogen oxides ($NO_x$) and volatile organic compounds (VOCs)"",""Reaction requires strong sunlight (photochemical process)"",""PAN is a component of photochemical/brown smog"",""Formation occurs in urban areas with high pollution levels""]",,"false","1","Peroxyacetyl nitrate (PAN) is formed by the reaction of oxides of nitrogen ($NO_x$) with volatile organic compounds (VOCs) in the presence of strong sunlight. This occurs during photochemical smog formation in sunny, dry urban areas with high traffic density.","[{""key"":""A"",""text"":""Oxides of sulphur""},{""key"":""B"",""text"":""Hydrogen sulphide""},{""key"":""C"",""text"":""Oxides of phosphorus""},{""key"":""D"",""text"":""Unburned hydrocarbons""}]","MCQ","mcq","9","annual","Peroxyacetyl nitrate (PAN) is formed by the reaction of oxides of nitrogen with:","ms70jxdvhna4v9adgra5m28szx85p3bf","2025",,,,,
"chemistry-11","13-environmental-chemistry-air","Environmental Chemistry Air","13-4-air-quality-parameters","13.4 Air Quality Parameters","m17bntfz7q9cy37m3jr0rg4nfh85pgm4",,"true","Federal Board",,"[""Correctly interprets ppb as parts per billion by mass for gases"",""Sets up conversion: 0.5 ppb = 0.5 parts per 10⁹ parts"",""Calculates mass of O₃ per kg air = 5 × 10⁻¹⁰ kg or 0.5 μg/kg"",""Shows proper unit conversion and scientific notation""]",,"false","3","To find the mass of O₃ per kg of air at 0.5 ppb concentration:

ppb (parts per billion) means 0.5 parts of O₃ per 10⁹ parts of air by volume. For gases, this equals 0.5 parts by mass per 10⁹ parts of air.

Mass of O₃ per kg of air = $\frac{0.5 \times 1000 \text{ g}}{10^9}$ = $5 \times 10^{-7}$ g/kg = $5 \times 10^{-10}$ kg/kg

Alternatively: 0.5 ppb = $\frac{0.5}{10^9}$ = $5 \times 10^{-10}$ kg O₃ per kg air, or **0.5 μg/kg** of air.",,"B","short","16","annual","If conc. of $O_3$ in the atmosphere reaches $0.5$ ppb, what mass of $O_3$ would be present per kg of the air?","ms7a9smhw5ty6wqey2n389xycd85pt9v","2023",,,,,
"chemistry-11","13-environmental-chemistry-air","Environmental Chemistry Air","13-5-laws-regulations-and-measures-to-control-air-pollution","13.5 Laws and Regulations to Control Air Pollution","m170yvb6b81v877m64ss0mtwqn8e10c6","C",,,"Reducing energy consumption lowers demand for fossil-fuel combustion (a major air pollution source); the other three listed options all increase pollution.",,,"false",,,"[{""key"":""A"",""text"":""Drive gasoline-powered cars""},{""key"":""B"",""text"":""Use single-use plastics""},{""key"":""C"",""text"":""Reduce energy consumption""},{""key"":""D"",""text"":""Burn waste materials openly""}]","MCQ","mcq","(x)",,"What can individuals do to help reduce air pollution?","ms76p5168zvyg69tegma45509185qxsg",,"xd74v7mpp5jj8q4c3f4pp4beds8e0j3k","Exercise 13: Choose the Correct Answer","exercise","Choose the Correct Answer","{""blockIndex"":12,""chapterNumber"":13,""subjectSlug"":""chemistry-11""}"
"chemistry-11","13-environmental-chemistry-air","Environmental Chemistry Air","13-6-methods-to-measure-air-quality","13.6 Methods to Measure Air Quality","m17bntfz7q9cy37m3jr0rg4nfh85pgm4",,"true","Federal Board",,"[""Correctly interprets ppb as parts per billion by mass for gases"",""Sets up conversion: 0.5 ppb = 0.5 parts per 10⁹ parts"",""Calculates mass of O₃ per kg air = 5 × 10⁻¹⁰ kg or 0.5 μg/kg"",""Shows proper unit conversion and scientific notation""]",,"false","3","To find the mass of O₃ per kg of air at 0.5 ppb concentration:

ppb (parts per billion) means 0.5 parts of O₃ per 10⁹ parts of air by volume. For gases, this equals 0.5 parts by mass per 10⁹ parts of air.

Mass of O₃ per kg of air = $\frac{0.5 \times 1000 \text{ g}}{10^9}$ = $5 \times 10^{-7}$ g/kg = $5 \times 10^{-10}$ kg/kg

Alternatively: 0.5 ppb = $\frac{0.5}{10^9}$ = $5 \times 10^{-10}$ kg O₃ per kg air, or **0.5 μg/kg** of air.",,"B","short","16","annual","If conc. of $O_3$ in the atmosphere reaches $0.5$ ppb, what mass of $O_3$ would be present per kg of the air?","ms78nd8m08jmgw8dzz8mkpcaf985qn9d","2023",,,,,
"chemistry-11","13-environmental-chemistry-air","Environmental Chemistry Air","13-7-green-house-effect-and-global-warming","13.7 Greenhouse Effect and Global Warming","m173cdp249dggds4wmm0vdd4wx8e11hg","A",,,"Global warming causes polar ice and glacier melt plus thermal expansion of seawater, driving rising sea levels as its most direct, widely cited consequence.",,,"false",,,"[{""key"":""A"",""text"":""Rising sea levels""},{""key"":""B"",""text"":""Decreased carbon dioxide levels""},{""key"":""C"",""text"":""Increased ozone layer thickness""},{""key"":""D"",""text"":""Reduced rainfall""}]","MCQ","mcq","(vii)",,"What is the main consequence of global warming?","ms7cdzje8axn86gb8e04dq3dw585ppjv",,"xd74v7mpp5jj8q4c3f4pp4beds8e0j3k","Exercise 13: Choose the Correct Answer","exercise","Choose the Correct Answer","{""blockIndex"":12,""chapterNumber"":13,""subjectSlug"":""chemistry-11""}"