subjectSlug,chapterSlug,chapterTitle,topicSlug,topicTitle,_id,examBoard,keyPoints,lastAttempt,locked,marks,modelAnswer,origin,partType,questionKind,questionNumber,session,stem,topicId,year,correctKey,correctKeyVerified,options
"physics-10","14-optics","Optics","14-2-refraction-of-light","14.2 Refraction of Light","m17a3qw75qr410a0sy0a4xv96d8ccb9y","fbise","[""Use n = c/v."",""Take c = 3 × 10^8 m/s in vacuum."",""For n = 1.5, calculate v = c/n.""]",,"false","3","The refractive index is n = c/v, where c is the speed of light in vacuum and v is its speed in the medium. Thus v = c/n = (3 × 10^8)/1.5 = 2 × 10^8 m/s.","exam","B","short","2(iv)","model","Calculate the speed of light in a medium of refractive index 1.5.","ms7dtwzaax4zrs68d1cg8g7xvd8bvr5q","2026",,,
"physics-10","14-optics","Optics","14-2-refraction-of-light","14.2 Refraction of Light","m17edmsd7gz40g9s3kqxhzysz18cdm86","fbise","[""Use n = c/v."",""Take c = 3 × 10^8 m/s in vacuum."",""For n = 1.5, calculate v = c/n.""]",,"false","3","The refractive index is n = c/v, where c is the speed of light in vacuum and v is its speed in the medium. Thus v = c/n = (3 × 10^8)/1.5 = 2 × 10^8 m/s.","exam","B","short","2(iv)","specimen","Calculate the speed of light in a medium of refractive index 1.5.","ms7dtwzaax4zrs68d1cg8g7xvd8bvr5q","2026",,,
"physics-10","14-optics","Optics","14-2-refraction-of-light","14.2 Refraction of Light","m172fdtvtap46cq8y6c6xj5yxs8cd0ww","fbise","[""Use n=c/v"",""c=3.00×10^8 m s^-1"",""v≈1.24×10^8 m s^-1""]",,"false","3","Using the chapter relation $n=c/v$, the speed is $v=c/n=(3.00\times10^{8},\mathrm{m,s^{-1}})/2.42\approx1.24\times10^{8},\mathrm{m,s^{-1}}$.","exam","B","short","2(iii)","annual","What will be the speed of light in diamond that has a refractive index of 2.42?","ms7dtwzaax4zrs68d1cg8g7xvd8bvr5q","2024",,,
"physics-10","14-optics","Optics","14-2-refraction-of-light","14.2 Refraction of Light","m17a2w8cxttytfxet3p7ym07s98cdyvr","fbise","[""Use Snell's law"",""n1=1 and n2=1.55"",""r≈21.7°""]",,"false","3","With air index $n_{1}=1$ and glass index $n_{2}=1.55$, Snell's law gives $n_{1}sin35^{\circ}=n_{2}sin r$. Thus $r=\sin^{-1}(\sin35^{\circ}/1.55)\approx21.7^{\circ}$.","exam","B","short","2(v)","annual","Light enters from air into glass of refractive index 1.55 at an angle of 35°. What is the value of angle of refraction of glass?","ms7dtwzaax4zrs68d1cg8g7xvd8bvr5q","2024",,,
"physics-10","14-optics","Optics","14-2-refraction-of-light","14.2 Refraction of Light","m17f87kq9cek8rnweamdpcvzhn8ccyrv","fbise","[""Use n=c/v"",""n=1.5"",""v=2.00×10^8 m s^-1""]",,"false","3","Using $n=c/v$, $v=(3.00\times10^{8},\mathrm{m,s^{-1}})/1.5=2.00\times10^{8},\mathrm{m,s^{-1}}$.","exam","B","short","2(iii)","annual","What will be the speed of light in glass that has a refractive index of 1.5?","ms7dtwzaax4zrs68d1cg8g7xvd8bvr5q","2024",,,
"physics-10","14-optics","Optics","14-2-refraction-of-light","14.2 Refraction of Light","m171gv0kgw5f3dfz9rv9efgqg98cdgzn","fbise","[""Use n2=sin i/sin r for air"",""i=35° and r=18°"",""n2≈1.88""]",,"false","3","For air entering water, $n_{1}=1$, $i=35^{\circ}$ and $r=18^{\circ}$. Snell's law gives $n_{2}=\sin35^{\circ}/\sin18^{\circ}\approx1.88$.","exam","B","short","2(v)","annual","Light enters from air into water at an angle of 35° and it is refracted through 18°. What is refractive index of water?","ms7dtwzaax4zrs68d1cg8g7xvd8bvr5q","2024",,,
"physics-10","14-optics","Optics","14-3-total-internal-reflection","14.3 Total Internal Reflection","m176v7ek1pg2pdjnk0axw3n2yx8c6wxk","fbise",,,"false",,,"exam","MCQ","mcq","5","annual","Total internal reflection occurs when:","ms7etw1fskfqnc7sm89ghhhg7h8btjqf","2025","C","true","[{""key"":""A"",""text"":""∠i = ∠c""},{""key"":""B"",""text"":""∠i = ½∠c""},{""key"":""C"",""text"":""∠i > ∠c""},{""key"":""D"",""text"":""∠i < ∠c""}]"
"physics-10","14-optics","Optics","14-3-total-internal-reflection","14.3 Total Internal Reflection","m17f74dppbs6r2x0na4nqfdv8h8ccgs5","fbise","[""Denser to rarer"",""i>C"",""At critical angle r=90°"",""n=1/sin C""]",,"false","5","Total internal reflection occurs only from a denser medium to a rarer medium and when $i>C$. At the critical angle the refracted angle is $90^{\circ}$; Snell's law then gives $n\sin C=1$, so $n=1/\sin C$ when the rarer medium is air.","exam","C","long","Q.4","model","Explain the phenomenon of total internal reflection. What are necessary conditions of total internal reflection? Derive formula for refractive index of a medium in term of critical angle.","ms7etw1fskfqnc7sm89ghhhg7h8btjqf","2026",,,
"physics-10","14-optics","Optics","14-3-total-internal-reflection","14.3 Total Internal Reflection","m171zg1bxx16aczehmv239pf2x8ccddk","fbise","[""Use sin C=1/n for air as second medium"",""n=1.33"",""C≈48.8°""]",,"false","3","For water to air, $\sin C=1/n=1/1.33$. Therefore $C=\sin^{-1}(1/1.33)\approx48.8^{\circ}$.","exam","B","short","2(vii)","annual","Find the value of critical angle for water (angle of refraction = 90°). The refractive index of water is 1.33 and that of air is 1.","ms7etw1fskfqnc7sm89ghhhg7h8btjqf","2025",,,
"physics-10","14-optics","Optics","14-3-total-internal-reflection","14.3 Total Internal Reflection","m17detyhtvxgbgnvxp9mr2wnt98cda1d","fbise","[""Total internal reflection"",""Core"",""Cladding"",""Guided light path""]",,"false","1","The phenomenon is total internal reflection. Light travels in the higher-index core and reflects at the lower-index cladding boundary, remaining guided along the fiber. This follows the chapter's stated electromagnetic definitions and relationships.","exam","B","short","2(vi)","annual","Name the phenomenon by which optical fibers transmit signals. Draw a neat diagram showing core, cladding and path of light signal in optical fiber.","ms7etw1fskfqnc7sm89ghhhg7h8btjqf","2025",,,
"physics-10","14-optics","Optics","14-3-total-internal-reflection","14.3 Total Internal Reflection","m171q8skg2w4nh5ch523fk5m1s8ccya1","fbise","[""Denser to rarer medium"",""Incidence angle greater than critical angle"",""At C the refracted ray is along the boundary"",""n=1/sin C""]",,"false","5","Total internal reflection occurs when light travels from an optically denser medium to a rarer medium and the incidence angle is greater than the critical angle. At the critical angle the refracted ray travels along the boundary. For a medium relative to air, $n=1/\sin C$.","exam","C","long","Q.4","specimen","Explain the phenomenon of total internal reflection. What are necessary conditions of total internal reflection? Derive formula for refractive index of a medium in term of critical angle.","ms7etw1fskfqnc7sm89ghhhg7h8btjqf","2026",,,
"physics-10","14-optics","Optics","14-3-total-internal-reflection","14.3 Total Internal Reflection","m174gm9hv08btw81pfkd53v8vs8c68pv","fbise",,,"false",,,"exam","MCQ","mcq","1","annual","In optical fibre information travels in the form of:","ms7etw1fskfqnc7sm89ghhhg7h8btjqf","2024","D","true","[{""key"":""A"",""text"":""Electrical signal""},{""key"":""B"",""text"":""Sound signal""},{""key"":""C"",""text"":""Microwaves signal""},{""key"":""D"",""text"":""Light signal""}]"
"physics-10","14-optics","Optics","14-3-total-internal-reflection","14.3 Total Internal Reflection","m1766m6xwbnhs9fpk8v0cfrw018ccjdd","fbise","[""Denser to rarer medium"",""Incidence angle greater than critical angle"",""At i=C refraction is along boundary""]",,"false","3","Total internal reflection requires light to travel from a denser medium to a rarer medium and the incidence angle to be greater than the critical angle: $i>C$. At $i=C$ the refracted ray travels along the boundary; for $i>C$ it returns into the denser medium.","exam","B","short","2(i)","annual","State the conditions for total internal reflection.","ms7etw1fskfqnc7sm89ghhhg7h8btjqf","2025",,,
"physics-10","14-optics","Optics","14-4-thin-lenses","14.4 Thin Lenses","m1710mhr2k81q20qarxr54etx18cd8gc","fbise",,,"false","3",,"exam","B","short","2(ix)","specimen","A convex lens with a focal length of 10 cm produces a linear magnification of 3. A 5 cm tall object is placed 30 cm in front of it. Calculate the image distance and the height of the image formed.","ms7dhcm0tdee6gqszvvmcpr1r98bvcd8","2026",,,
"physics-10","14-optics","Optics","14-4-thin-lenses","14.4 Thin Lenses","m17a2m5yd95832pmgatbga8gq58c68xp","fbise",,,"false",,,"exam","MCQ","mcq","6","annual","An object is at 60cm from lens and the image is at 20cm, the magnification is:","ms7dhcm0tdee6gqszvvmcpr1r98bvcd8","2024","C","true","[{""key"":""A"",""text"":""1""},{""key"":""B"",""text"":""40""},{""key"":""C"",""text"":""1/3""},{""key"":""D"",""text"":""3""}]"
"physics-10","14-optics","Optics","14-4-thin-lenses","14.4 Thin Lenses","m17fwcf5fk0zvw2v88mcbzm3as8c785a","fbise",,,"false",,,"exam","MCQ","mcq","6","annual","An object is at 30cm from a lens and the image is at 10cm, the magnification is:","ms7dhcm0tdee6gqszvvmcpr1r98bvcd8","2024","D","true","[{""key"":""A"",""text"":""1""},{""key"":""B"",""text"":""3""},{""key"":""C"",""text"":""10""},{""key"":""D"",""text"":""1/3""}]"
"physics-10","14-optics","Optics","14-4-thin-lenses","14.4 Thin Lenses","m1712re1fk3j1kgt23jxwsksh58cdfcb","fbise",,,"false","3",,"exam","B","short","2(ix)","model","A convex lens with a focal length of 10 cm produces a linear magnification of 3. A 5 cm tall object is placed 30 cm in front of it. Calculate the image distance and the height of the image formed.","ms7dhcm0tdee6gqszvvmcpr1r98bvcd8","2026",,,
"physics-10","14-optics","Optics","14-5-applications-of-lenses","14.5 Applications of Lenses","m172npb7d38ff8wvbfya45b9ms8cdy6a","fbise",,,"false","4","In a compound microscope, the objective forms a real enlarged intermediate image of the nearby object. The eyepiece magnifies that image and produces a large virtual image for viewing. The total magnification comes from both lenses acting in sequence.","exam","C","long","Q.4","annual","Draw ray diagram of compound microscope and mention its magnifying power.","ms75dn471a62sbja82yhf9mh758bvw53","2025",,,
"physics-10","14-optics","Optics","14-5-applications-of-lenses","14.5 Applications of Lenses","m176ns1k04vwgfbb15v2vjkez98cc2s0","fbise",,,"false","1","A refracting telescope uses a large focal length objective to form a real inverted image of a distant object at its focal plane. The eyepiece magnifies this intermediate image and gives a final virtual image. Its magnifying power depends on the focal lengths of the objective and eyepiece.","exam","C","long","Q.3","annual","Elaborate the working of refracting telescope. Draw its ray diagram. Determine its magnifying power.","ms75dn471a62sbja82yhf9mh758bvw53","2024",,,
"physics-10","14-optics","Optics","14-5-applications-of-lenses","14.5 Applications of Lenses","m176e1qhyckn8v7pmyyj4k0aj58cd7zq","fbise","[""Use a convex lens"",""Object distance less than focal length"",""Image is enlarged, erect and virtual""]",,"false","3","A convex (converging) lens acts as a magnifying glass when the object is placed closer to the lens than its focal length, $u<f$. The emerging rays diverge and their backward extensions form an enlarged, erect, virtual image on the object's side.","exam","B","short","2(x)","model","When will a converging lens act as a magnifying glass? Show it by a ray diagram.","ms75dn471a62sbja82yhf9mh758bvw53","2026",,,
"physics-10","14-optics","Optics","14-5-applications-of-lenses","14.5 Applications of Lenses","m17f6wt9spwp0m8w2qvsvt4m418ccjv9","fbise","[""Convex lens with u<f"",""Ray through optical centre is undeviated"",""Parallel ray refracts through focus"",""Image is enlarged, erect and virtual""]",,"false","3","A converging (convex) lens acts as a magnifying glass when the object is inside the focal length, $u<f$. For the ray diagram, draw one ray through the optical centre continuing undeviated and a second ray parallel to the principal axis refracting toward the focal point; their backward extensions meet on the object side to form an enlarged, erect, virtual image.","exam","B","short","2(x)","specimen","When will a converging lens act as a magnifying glass? Show it by a ray diagram.","ms75dn471a62sbja82yhf9mh758bvw53","2026",,,