subjectSlug,chapterSlug,chapterTitle,topicSlug,topicTitle,_id,correctKeyVerified,examBoard,explanation,keyPoints,lastAttempt,locked,marks,modelAnswer,options,partType,questionKind,questionNumber,session,stem,topicId,year,exerciseId,exerciseTitle,origin,sourceRef,correctKey
"chemistry-12","12-nitrogen-compounds","Nitrogen Compounds","12-1-preparation-of-amines","12.1 Preparation of Amines","m179kwc96p8cj00de6mgddzmd985pz0b","true","Federal Board","The reactant $X$ is $\mathrm{LiAlH_4}$ (lithium aluminium hydride) or a strong reducing agent. Primary amides are reduced by $\mathrm{LiAlH_4}$ to produce primary amines: $\mathrm{CH_3CONH_2} + \mathrm{LiAlH_4} \rightarrow \mathrm{CH_3NH_2}$. The carbonyl group is reduced to a methylene group, converting the amide to the corresponding amine.","[""Identifies $X$ as $\\mathrm{LiAlH_4}$ or strong reducing agent"",""Recognizes this as reduction of primary amide to primary amine"",""Shows understanding that carbonyl carbon is reduced to $\\mathrm{CH_2}$ group"",""Correctly represents the conversion of amide functional group to amine""]",,"false","1","The reactant $X$ is $\mathrm{LiAlH_4}$ (lithium aluminium hydride) or a strong reducing agent. Primary amides are reduced by $\mathrm{LiAlH_4}$ to produce primary amines: $\mathrm{CH_3CONH_2} + \mathrm{LiAlH_4} \rightarrow \mathrm{CH_3NH_2}$. The carbonyl group is reduced to a methylene group, converting the amide to the corresponding amine.","[{""key"":""A"",""text"":""$LiAlH_4$""},{""key"":""B"",""text"":""$Br_2 / KOH$""},{""key"":""C"",""text"":""$Sn / HCl$""},{""key"":""D"",""text"":""$Fe / H_2SO_4$""}]","MCQ","unclassified","9","annual","Identify the reactant $X$ in the following conversion: $CH_3-CO-NH_2 + X \rightarrow CH_3-NH_2$","ms7bnvctxgrnmnf98c0taf98k585pz06","2022",,,,,
"chemistry-12","12-nitrogen-compounds","Nitrogen Compounds","12-1-preparation-of-amines","12.1 Preparation of Amines","m17a0ba4x68ebphs08nppmh08n85ptjx","true","Federal Board",,"[""Hofmann degradation of acetamide produces primary amine with loss of carbonyl group"",""Acetic anhydride formation from acetyl chloride requires nucleophilic acyl substitution with acetate source"",""Dry distillation of calcium acetate involves thermal decomposition to ketone and salt"",""Correct chemical equations with proper reactants, products, and conditions"",""Understanding of carboxylic acid derivative transformations""]",,"false","3","a. **Acetamide into Ethylamine:** Acetamide ($\mathrm{CH_3CONH_2}$) undergoes Hofmann degradation when treated with bromine in alkaline solution, producing ethylamine ($\mathrm{C_2H_5NH_2}$) and carbon dioxide. $\mathrm{CH_3CONH_2 + Br_2 + 4NaOH \rightarrow C_2H_5NH_2 + Na_2CO_3 + 2NaBr + 2H_2O}$

b. **Acetyl chloride into Acetic anhydride:** Two molecules of acetyl chloride ($\mathrm{CH_3COCl}$) react with sodium acetate to form acetic anhydride ($\mathrm{(CH_3CO)_2O}$). $\mathrm{2CH_3COCl + 2CH_3COONa \rightarrow (CH_3CO)_2O + 2NaCl}$ Alternatively, acetyl chloride reacts with acetic acid: $\mathrm{CH_3COCl + CH_3COOH \rightarrow (CH_3CO)_2O + HCl}$

c. **Calcium acetate into Acetone:** Calcium acetate ($\mathrm{(CH_3COO)_2Ca}$) undergoes dry distillation (heating without solvent) to produce acetone ($\mathrm{CH_3COCH_3}$) and calcium carbonate. $\mathrm{(CH_3COO)_2Ca \xrightarrow{\Delta} CH_3COCH_3 + CaCO_3}$",,"B","short","14","annual","Write down the reactions for following conversions:
a. Acetamide into Ethyl amine
b. Acetyl chloride into acetic anhydride
c. Calcium acetate into acetone","ms7bnvctxgrnmnf98c0taf98k585pz06","2022",,,,,
"chemistry-12","12-nitrogen-compounds","Nitrogen Compounds","12-1-preparation-of-amines","12.1 Preparation of Amines","m173pyrr75eda7fc53taz5qkhd85qee9","true","Federal Board",,"[""Nitrobenzene reduction converts -NO₂ group to -NH₂ group using reducing agents (Sn/HCl or Fe/CH₃COOH)"",""Acetamide hydrolysis breaks the C-N amide bond under basic or acidic conditions with heat"",""Acetamide can alternatively be reduced using strong reducing agents like LiAlH₄ to form methylamine"",""Both conversions involve breaking or modifying functional groups to produce primary amines"",""Reaction conditions (temperature, reagents, pH) are critical for successful conversion""]",,"false","3","a. Nitrobenzene → Aniline: Nitrobenzene is reduced using a reducing agent (such as tin and hydrochloric acid, or iron and acetic acid) to produce aniline (phenylamine). The nitro group (-NO₂) is converted to an amino group (-NH₂).

b. Acetamide → Methylamine: Acetamide is hydrolyzed under acidic or basic conditions. Under basic hydrolysis with NaOH and heat, the amide bond is broken, producing methylamine (CH₃NH₂) and sodium acetate. Alternatively, acetamide can be reduced using a reducing agent like LiAlH₄ to produce methylamine.",,"B","short","1","annual","How can the following conversions be carried out?
a. Nitrobenzene $\rightarrow$ Aniline
b. Acetamide $\rightarrow$ Methylamine","ms7bnvctxgrnmnf98c0taf98k585pz06","2023",,,,,
"chemistry-12","12-nitrogen-compounds","Nitrogen Compounds","12-1-preparation-of-amines","12.1 Preparation of Amines","m1778dy44yg68fk103pq4jjkk98dzv3d",,,,,,"false",,,"[{""key"":""A"",""text"":""$\\mathrm{NH}_{3}$ in ethanol, heated under pressure""},{""key"":""B"",""text"":""$\\mathrm{H}_{2} \\mathrm{SO}_{4}$ in water, room temperature""},{""key"":""C"",""text"":""$\\mathrm{LiAlH}_{4}$ in dry ether, reflux""},{""key"":""D"",""text"":""KOH in ethanol, heated under pressure""}]","MCQ","mcq","i",,"What is the reagent and condition used to convert halogenoalkanes to primary amines?","ms7bnvctxgrnmnf98c0taf98k585pz06",,"xd77xqzbpdjqwkx2fdkjj0dkj58dz1s6","Multiple Choice Questions (MCQs)","exercise","{""blockIndex"":1,""chapterNumber"":12,""page"":211,""subjectSlug"":""chemistry-12""}",
"chemistry-12","12-nitrogen-compounds","Nitrogen Compounds","12-1-preparation-of-amines","12.1 Preparation of Amines","m175sqf5kkk0kne8my47ncm8y58dydyg",,,,,,"false",,,"[{""key"":""A"",""text"":""Reaction with ammonia in ethanol""},{""key"":""B"",""text"":""Reaction with primary amines in ethanol""},{""key"":""C"",""text"":""Reaction with $\\mathrm{LiAlH}_{4}$""},{""key"":""D"",""text"":""Reaction with HCN and KCN""}]","MCQ","mcq","iii",,"Which reaction is used to produce secondary amines from halogenoalkanes?","ms7bnvctxgrnmnf98c0taf98k585pz06",,"xd77xqzbpdjqwkx2fdkjj0dkj58dz1s6","Multiple Choice Questions (MCQs)","exercise","{""blockIndex"":1,""chapterNumber"":12,""page"":211,""subjectSlug"":""chemistry-12""}",
"chemistry-12","12-nitrogen-compounds","Nitrogen Compounds","12-1-preparation-of-amines","12.1 Preparation of Amines","m1770nntfr1wpjvjzzhyz921ps8dy4kq",,,,,,"false",,,"[{""key"":""A"",""text"":""$\\mathrm{H}_{2} \\mathrm{O}, \\mathrm{HCl}$, reflux""},{""key"":""B"",""text"":""$\\mathrm{H}_{2} / \\mathrm{Pt}$, room temperature""},{""key"":""C"",""text"":""$\\mathrm{H}_{2} / \\mathrm{Ni}$ or $\\mathrm{LiAlH}_{4}$""},{""key"":""D"",""text"":""$\\mathrm{Br}_{2}$, room temperature""}]","MCQ","mcq","iv",,"Which reagent is used to convert nitriles to primary amines?","ms7bnvctxgrnmnf98c0taf98k585pz06",,"xd77xqzbpdjqwkx2fdkjj0dkj58dz1s6","Multiple Choice Questions (MCQs)","exercise","{""blockIndex"":1,""chapterNumber"":12,""page"":211,""subjectSlug"":""chemistry-12""}",
"chemistry-12","12-nitrogen-compounds","Nitrogen Compounds","12-2-basicity-of-amines","12.2 Basicity of Amines","m178gs5skt2ev9kb0tf9d2dzv585qee1","true","Federal Board",,"[""Basicity depends on lone pair availability on nitrogen for proton acceptance"",""Secondary amines have optimal balance: lone pair accessible with moderate steric hindrance"",""Tertiary amines have three bulky alkyl groups causing steric hindrance around nitrogen, preventing proton approach"",""Conjugate acid stability: R₂NH₂⁺ stabilized by hydrogen bonding with water better than R₃NH⁺"",""Primary amines intermediate: lone pair less shielded but more steric hindrance than secondary amines""]",,"false","3","The basic strength of amines follows the order: Secondary amine > Primary amine > Tertiary amine because basicity depends on the availability of the lone pair on nitrogen for proton acceptance. In primary amines (RNH₂), the lone pair is less hindered. In secondary amines (R₂NH), the lone pair is more accessible and less shielded by alkyl groups, making them the strongest bases. In tertiary amines (R₃N), although there is a lone pair, the three bulky alkyl groups create significant steric hindrance around the nitrogen atom, preventing effective approach of the proton (H⁺). Additionally, in solution, the conjugate acid of a secondary amine (R₂NH₂⁺) is stabilized by hydrogen bonding with water molecules better than the conjugate acids of primary or tertiary amines, further enhancing the basicity of secondary amines. The steric crowding in tertiary amines makes proton acceptance difficult, resulting in the weakest basicity among the three types.",,"B","short","20","annual","Explain why the basic strength of amines follows the order: Secondary amine > Primary amine > Tertiary amine","ms73qcbtv8x18vbgf616fe44ys85q7nj","2025",,,,,
"chemistry-12","12-nitrogen-compounds","Nitrogen Compounds","12-2-basicity-of-amines","12.2 Basicity of Amines","m175re27g3j3s856sf68zbxsv585qgad","true","Federal Board",,"[""Basicity depends on availability of lone pair on nitrogen for proton acceptance"",""Alkyl groups are electron-donating, increasing electron density on nitrogen atom"",""Greater alkyl substitution (ethylamine > methylamine) increases basicity"",""Ammonia lacks electron-donating alkyl groups, making it weakest base"",""Order: CH₃CH₂NH₂ > CH₃NH₂ > NH₃ based on Kb values and ionization extent""]",,"false","3","The basicity order is: **CH₃-CH₂-NH₂ > CH₃-NH₂ > NH₃**. Aliphatic amines are stronger bases than ammonia because alkyl groups are electron-donating, increasing electron density on nitrogen and enhancing lone pair availability for proton acceptance. Ethylamine is more basic than methylamine due to greater alkyl substitution providing stronger electron-donating effects. Ammonia is weakest as it lacks alkyl groups to enhance the basicity of the lone pair.",,"B","short","11","annual","Compare **basicity** of following compounds by giving reasons:
a. $CH_3-CH_2-NH_2$
b. $NH_3$
c. $CH_3-NH_2$","ms73qcbtv8x18vbgf616fe44ys85q7nj","2022",,,,,
"chemistry-12","12-nitrogen-compounds","Nitrogen Compounds","12-2-basicity-of-amines","12.2 Basicity of Amines","m179229b975gtnqp79aw75g9zs85qeq5","false","Federal Board","To determine which is more basic, compare the base dissociation constants ($K_b$) or the availability of lone pairs for proton acceptance. A larger $K_b$ indicates a stronger base. For amines, aliphatic amines (like ethylamine) are more basic than ammonia, which is more basic than phenylamine, because the lone pair on nitrogen in phenylamine is delocalized into the benzene ring's π system, reducing its availability for proton donation.","[""Basicity depends on the extent of ionization, quantified by $K_b$ (larger $K_b$ = stronger base)"",""Lone pair availability on nitrogen determines basicity; delocalization reduces basicity"",""Order of basicity: Aliphatic amines > Ammonia > Phenylamine"",""Phenylamine is weakest because lone pair is delocalized into benzene ring π system through resonance"",""Compare $K_b$ values or degree of ionization to identify the more basic compound""]",,"false","1","To determine which is more basic, compare the base dissociation constants ($K_b$) or the availability of lone pairs for proton acceptance. A larger $K_b$ indicates a stronger base. For amines, aliphatic amines (like ethylamine) are more basic than ammonia, which is more basic than phenylamine, because the lone pair on nitrogen in phenylamine is delocalized into the benzene ring's π system, reducing its availability for proton donation.","[{""key"":""A"",""text"":""Ammonia""},{""key"":""B"",""text"":""Methyl amine""},{""key"":""C"",""text"":""Dimethyl amine""},{""key"":""D"",""text"":""Trimethyl amine""}]","MCQ","unclassified","7","annual","Which of the following is more basic?","ms73qcbtv8x18vbgf616fe44ys85q7nj","2022",,,,,
"chemistry-12","12-nitrogen-compounds","Nitrogen Compounds","12-2-basicity-of-amines","12.2 Basicity of Amines","m17ftve8prbs5h79z33285sfhx85q3pv","false","Federal Board","Phenylamine is a much weaker base than aliphatic amines because the lone pair on nitrogen is delocalized into the π system of the benzene ring through resonance, reducing its availability for proton acceptance. In contrast, aliphatic amines have localized lone pairs that are readily available for bonding with protons, making them stronger bases. Therefore, ethylamine is more basic than phenylamine.","[""Lone pair delocalization into benzene ring π system weakens basicity of phenylamine"",""Aliphatic amines have localized lone pairs readily available for proton acceptance"",""Resonance stabilization reduces electron pair donor ability in aromatic amines"",""Order of basicity: Aliphatic amines > Ammonia > Phenylamine"",""Comparison based on extent of ionization/protonation ability in water""]",,"false","1","Phenylamine is a much weaker base than aliphatic amines because the lone pair on nitrogen is delocalized into the π system of the benzene ring through resonance, reducing its availability for proton acceptance. In contrast, aliphatic amines have localized lone pairs that are readily available for bonding with protons, making them stronger bases. Therefore, ethylamine is more basic than phenylamine.","[{""key"":""A"",""text"":""$CH_3-CH_2-NH_2$""},{""key"":""B"",""text"":""$CH_3-NH-CH_3$""},{""key"":""C"",""text"":""$(CH_3)_3N$""},{""key"":""D"",""text"":""$NH_3$""}]","MCQ","unclassified","10","annual","Predict which of the following compound is more basic:","ms73qcbtv8x18vbgf616fe44ys85q7nj","2024",,,,,"A"
"chemistry-12","12-nitrogen-compounds","Nitrogen Compounds","12-2-basicity-of-amines","12.2 Basicity of Amines","m17cpvd2ptw8ddkc2wbn4gtz6n8dys0k",,,,,,"false",,,,,"short","v",,"Explain why amides are much weaker bases than amines. What structural aspect contributes to this difference?","ms73qcbtv8x18vbgf616fe44ys85q7nj",,"xd73en2dthrr6y4ym00hw6z75s8dy38w","Short Answer Questions","exercise","{""blockIndex"":9,""chapterNumber"":12,""page"":211,""subjectSlug"":""chemistry-12""}",
"chemistry-12","12-nitrogen-compounds","Nitrogen Compounds","12-3-formation-of-nitriles","12.3 Formation of Nitriles","m17f7wybkb0wf5v2q235azh0mx85pf86","true","Federal Board",,"[""Acyl chlorides undergo nucleophilic acyl substitution with carboxylic acids to form anhydrides and HCl"",""Esters are reduced by LiAlH₄ (strong reducing agent) to produce primary alcohols from both acyl and alkyl portions"",""Grignard reagents add to nitriles forming imine intermediates that hydrolyze to ketones"",""Correct identification of functional group transformations and reaction mechanisms"",""Proper balancing of equations with all products identified""]",,"false","3","a. $CH_3COCl + CH_3COOH \rightarrow CH_3CO-O-COCH_3 + HCl$ (acetic anhydride formation)

b. $CH_3COOC_2H_5 + LiAlH_4 \rightarrow CH_3CH_2OH + C_2H_5OH$ (ester reduction to primary alcohols)

c. $CH_3MgBr + CH_3CN \rightarrow CH_3C(=NMgBr)CH_3 \rightarrow CH_3COCH_3$ (Grignard addition to nitrile, forming ketone after hydrolysis)",,"B","short","27","annual","Complete the given chemical equations:
a. $CH_3COCl + CH_3COOH \rightarrow$
b. $CH_3COOC_2H_5 + LiAlH_4 \rightarrow$
c. $CH_3MgBr + CH_3CN \rightarrow$","ms7ckdspv6ad7wdf9w669savfs85qchc","2025",,,,,
"chemistry-12","12-nitrogen-compounds","Nitrogen Compounds","12-3-formation-of-nitriles","12.3 Formation of Nitriles","m174888ddq5sdryg0yhxh26jx58dznf7",,,,,,"false",,,"[{""key"":""A"",""text"":""$\\mathrm{H}_{2} \\mathrm{O}, \\mathrm{H}_{2} \\mathrm{SO}_{4}$, heat""},{""key"":""B"",""text"":""$\\mathrm{HCN}, \\mathrm{KCN}$ as a catalyst, heat""},{""key"":""C"",""text"":""$\\mathrm{NH}_{3}$ in ethanol, heated under pressure""},{""key"":""D"",""text"":""$\\mathrm{Br}_{2}$, light, room temperature""}]","MCQ","mcq","ii",,"Which of the following produces hydroxyl nitriles from aldehydes and ketones?","ms7ckdspv6ad7wdf9w669savfs85qchc",,"xd77xqzbpdjqwkx2fdkjj0dkj58dz1s6","Multiple Choice Questions (MCQs)","exercise","{""blockIndex"":1,""chapterNumber"":12,""page"":211,""subjectSlug"":""chemistry-12""}",
"chemistry-12","12-nitrogen-compounds","Nitrogen Compounds","12-4-hydrolysis-of-nitriles","12.4 Hydrolysis of Nitriles","m175ewr9pdjebh1m4j1k8cv09d85p6bv","true","Federal Board",,"[""PbCl₄ unstable: Pb⁴⁺ has high charge density causing polarized Pb-Cl bonds that break easily"",""Inert pair effect: Pb²⁺ is more stable oxidation state than Pb⁴⁺"",""PbCl₂ stable: Pb²⁺ is the favored oxidation state for lead"",""CCl₄ no hydrolysis: Carbon lacks d-orbitals for intermediate formation"",""Strong non-polar C-Cl bonds resist nucleophilic attack by water""]",,"false","3","a. PbCl₄ is thermally unstable because lead in the +4 oxidation state has a high charge density, making the Pb-Cl bonds highly polarized and easily broken. Additionally, Pb²⁺ is more stable than Pb⁴⁺ due to the inert pair effect, where the outermost s-electrons are reluctant to participate in bonding. In contrast, PbCl₂ is stable because Pb²⁺ is the favored oxidation state for lead.

b. CCl₄ does not undergo hydrolysis because carbon lacks accessible d-orbitals in its valence shell, preventing the formation of intermediate species necessary for hydrolysis. Additionally, the C-Cl bonds are very strong and non-polar due to similar electronegativities, making them resistant to nucleophilic attack by water molecules.",,"B","short","3","annual","a. Why is PbCl₄ thermally unstable whereas PbCl₂ is stable?
b. Why does CCl₄ not undergo hydrolysis?","ms7c68q4c5abv3mam8j814cxq585p7tx","2022",,,,,
"chemistry-12","12-nitrogen-compounds","Nitrogen Compounds","12-4-hydrolysis-of-nitriles","12.4 Hydrolysis of Nitriles","m178hs3tnr1g2n0jddy3x0n15d85p2mz","true","Federal Board",,"[""Grignard reagent reacts with $CO_2$ followed by acidification to form carboxylic acid"",""Nitrile undergoes acid hydrolysis with dilute acid under heat to break $C\\equiv N$ bond"",""Primary alcohol is oxidized using strong oxidizing agents like acidified $KMnO_4$ or $K_2Cr_2O_7$"",""All three methods produce $CH_3COOH$ with correct reagents and conditions"",""Understanding of functional group transformations and reaction mechanisms""]",,"false","3","**a. From a Grignard reagent:** A Grignard reagent (RMgX) reacts with carbon dioxide ($CO_2$) followed by acidification with dilute acid to form a carboxylic acid. For acetic acid: $CH_3MgX + CO_2 \rightarrow CH_3CO_2^-MgX^+ \xrightarrow{H_3O^+} CH_3COOH$

**b. From a nitrile:** Acetonitrile ($CH_3C\equiv N$) is hydrolyzed by heating with dilute acid (e.g., dilute $HCl$ or $H_2SO_4$). The $C\equiv N$ triple bond is broken and water is added, forming acetic acid: $CH_3C\equiv N + H_2O \xrightarrow{\text{dilute acid, heat}} CH_3COOH + NH_4^+$

**c. From an alcohol:** Ethanol ($CH_3CH_2OH$) is oxidized using an oxidizing agent such as acidified potassium permanganate ($KMnO_4/H^+$) or acidified potassium dichromate ($K_2Cr_2O_7/H^+$). The primary alcohol is first oxidized to acetaldehyde, then further oxidized to acetic acid: $CH_3CH_2OH \xrightarrow{\text{oxidation}} CH_3COOH$",,"B","short","15","annual","How can $CH_3COOH$ be prepared from:
a. A Grignard reagent
b. A Nitrile
c. An Alcohol","ms7c68q4c5abv3mam8j814cxq585p7tx","2022",,,,,
"chemistry-12","12-nitrogen-compounds","Nitrogen Compounds","12-4-hydrolysis-of-nitriles","12.4 Hydrolysis of Nitriles","m1729e3hecgczgjpgykjhqs07n8dyxj4",,,,,,"false",,,"[{""key"":""A"",""text"":""Alcohol""},{""key"":""B"",""text"":""Ketone""},{""key"":""C"",""text"":""Carboxylic acid""},{""key"":""D"",""text"":""Aldehyde""}]","MCQ","mcq","v",,"What is the final product of the hydrolysis of nitriles with dilute acid?","ms7c68q4c5abv3mam8j814cxq585p7tx",,"xd77xqzbpdjqwkx2fdkjj0dkj58dz1s6","Multiple Choice Questions (MCQs)","exercise","{""blockIndex"":1,""chapterNumber"":12,""page"":211,""subjectSlug"":""chemistry-12""}",
"chemistry-12","12-nitrogen-compounds","Nitrogen Compounds","12-4-hydrolysis-of-nitriles","12.4 Hydrolysis of Nitriles","m177m0x5dzwcddbac58yk502hd8dyhwk",,,,,,"false",,,"[{""key"":""A"",""text"":""Amides""},{""key"":""B"",""text"":""Carboxylic acids""},{""key"":""C"",""text"":""Alcohols""},{""key"":""D"",""text"":""Amines""}]","MCQ","mcq","xi",,"Hydrolysis of nitriles with dilute acid produces:","ms7c68q4c5abv3mam8j814cxq585p7tx",,"xd77xqzbpdjqwkx2fdkjj0dkj58dz1s6","Multiple Choice Questions (MCQs)","exercise","{""blockIndex"":9,""chapterNumber"":12,""page"":211,""subjectSlug"":""chemistry-12""}",
"chemistry-12","12-nitrogen-compounds","Nitrogen Compounds","12-4-hydrolysis-of-nitriles","12.4 Hydrolysis of Nitriles","m178hazvg3k21kf96rzsq79gfn8dzrat",,,,,,"false",,,,,"short","ii",,"Describe the hydrolysis of amides using aqueous acid or aqueous alkali. What is the final product of this reaction?","ms7c68q4c5abv3mam8j814cxq585p7tx",,"xd73en2dthrr6y4ym00hw6z75s8dy38w","Short Answer Questions","exercise","{""blockIndex"":9,""chapterNumber"":12,""page"":211,""subjectSlug"":""chemistry-12""}",
"chemistry-12","12-nitrogen-compounds","Nitrogen Compounds","12-4-hydrolysis-of-nitriles","12.4 Hydrolysis of Nitriles","m1799s76q9j9c60pnc1nv03jxs8dyj0m",,,,,,"false",,,,,"short","ii",,"Describe the hydrolysis of an amide under acidic and basic conditions.","ms7c68q4c5abv3mam8j814cxq585p7tx",,"xd73en2dthrr6y4ym00hw6z75s8dy38w","Short Answer Questions","exercise","{""blockIndex"":9,""chapterNumber"":12,""page"":211,""subjectSlug"":""chemistry-12""}",
"chemistry-12","12-nitrogen-compounds","Nitrogen Compounds","12-4-hydrolysis-of-nitriles","12.4 Hydrolysis of Nitriles","m17cvxfqb92r9cxr1fxxdmvcth8dymre",,,,,,"false",,,,,"long","i",,"Describe the steps and conditions involved in the hydrolysis of nitriles with dilute acid or alkali followed by acidification. What is the final product of this reaction?","ms7c68q4c5abv3mam8j814cxq585p7tx",,"xd71xf606tf7pvtwht2fjqcras8dywnd","Long Answer Questions","exercise","{""blockIndex"":11,""chapterNumber"":12,""page"":211,""subjectSlug"":""chemistry-12""}",
"chemistry-12","12-nitrogen-compounds","Nitrogen Compounds","12-5-phenylamine-and-azo-compounds","12.5 Phenylamine and Azo Compounds","m173pyrr75eda7fc53taz5qkhd85qee9","true","Federal Board",,"[""Nitrobenzene reduction converts -NO₂ group to -NH₂ group using reducing agents (Sn/HCl or Fe/CH₃COOH)"",""Acetamide hydrolysis breaks the C-N amide bond under basic or acidic conditions with heat"",""Acetamide can alternatively be reduced using strong reducing agents like LiAlH₄ to form methylamine"",""Both conversions involve breaking or modifying functional groups to produce primary amines"",""Reaction conditions (temperature, reagents, pH) are critical for successful conversion""]",,"false","3","a. Nitrobenzene → Aniline: Nitrobenzene is reduced using a reducing agent (such as tin and hydrochloric acid, or iron and acetic acid) to produce aniline (phenylamine). The nitro group (-NO₂) is converted to an amino group (-NH₂).

b. Acetamide → Methylamine: Acetamide is hydrolyzed under acidic or basic conditions. Under basic hydrolysis with NaOH and heat, the amide bond is broken, producing methylamine (CH₃NH₂) and sodium acetate. Alternatively, acetamide can be reduced using a reducing agent like LiAlH₄ to produce methylamine.",,"B","short","1","annual","How can the following conversions be carried out?
a. Nitrobenzene $\rightarrow$ Aniline
b. Acetamide $\rightarrow$ Methylamine","ms7ems2pm9j5vwfrrxr4rybk0585qztc","2023",,,,,
"chemistry-12","12-nitrogen-compounds","Nitrogen Compounds","12-5-phenylamine-and-azo-compounds","12.5 Phenylamine and Azo Compounds","m17fjd96tq5qfy2qt8jzwve2p18dzawx",,,,,,"false",,,"[{""key"":""A"",""text"":""$\\mathrm{R}_{1}-\\mathrm{N}=\\mathrm{N}-\\mathrm{R}_{2}$""},{""key"":""B"",""text"":""$\\mathrm{R}_{1}-\\mathrm{C} \\equiv \\mathrm{N}-\\mathrm{R}_{2}$""},{""key"":""C"",""text"":""$\\mathrm{R}_{1}-\\mathrm{NH}_{2}-\\mathrm{R}_{2}$""},{""key"":""D"",""text"":""$\\mathrm{R}_{1}-\\mathrm{O}-\\mathrm{R}_{2}$""}]","MCQ","mcq","vi",,"What is the structure of the azo group in azo compounds?","ms7ems2pm9j5vwfrrxr4rybk0585qztc",,"xd77xqzbpdjqwkx2fdkjj0dkj58dz1s6","Multiple Choice Questions (MCQs)","exercise","{""blockIndex"":1,""chapterNumber"":12,""page"":211,""subjectSlug"":""chemistry-12""}",
"chemistry-12","12-nitrogen-compounds","Nitrogen Compounds","12-5-phenylamine-and-azo-compounds","12.5 Phenylamine and Azo Compounds","m172vkdw7atdf7z04ppnycykxd8dyef6",,,,,,"false",,,"[{""key"":""A"",""text"":""Phenol""},{""key"":""B"",""text"":""Phenylamine bromide""},{""key"":""C"",""text"":""2,4,6-tribromophenylamine""},{""key"":""D"",""text"":""An azo compound""}]","MCQ","mcq","vii",,"What product is formed when phenylamine reacts with $\mathrm{Br}_{2(\mathrm{aq})}$ at room temperature?","ms7ems2pm9j5vwfrrxr4rybk0585qztc",,"xd77xqzbpdjqwkx2fdkjj0dkj58dz1s6","Multiple Choice Questions (MCQs)","exercise","{""blockIndex"":1,""chapterNumber"":12,""page"":211,""subjectSlug"":""chemistry-12""}",
"chemistry-12","12-nitrogen-compounds","Nitrogen Compounds","12-5-phenylamine-and-azo-compounds","12.5 Phenylamine and Azo Compounds","m175fck0r3ecdtqpqrwmv385ad8dzwc2",,,,,,"false",,,"[{""key"":""A"",""text"":""Ethylamine > Aqueous ammonia > Phenylamine""},{""key"":""B"",""text"":""Phenylamine > Ethylamine > Aqueous ammonia""},{""key"":""C"",""text"":""Aqueous ammonia > Ethylamine > Phenylamine""},{""key"":""D"",""text"":""Aqueous ammonia > Phenylamine > Ethylamine""}]","MCQ","mcq","viii",,"What is the basicity order among aqueous ammonia, ethylamine, and phenylamine?","ms7ems2pm9j5vwfrrxr4rybk0585qztc",,"xd77xqzbpdjqwkx2fdkjj0dkj58dz1s6","Multiple Choice Questions (MCQs)","exercise","{""blockIndex"":2,""chapterNumber"":12,""page"":211,""subjectSlug"":""chemistry-12""}",
"chemistry-12","12-nitrogen-compounds","Nitrogen Compounds","12-5-phenylamine-and-azo-compounds","12.5 Phenylamine and Azo Compounds","m17d445bk6f7fvpahre4h9y4558dz5ns",,,,,,"false",,,"[{""key"":""A"",""text"":""Trihalogenated product""},{""key"":""B"",""text"":""Monohalogenated product""},{""key"":""C"",""text"":""Dihalogenated product""},{""key"":""D"",""text"":""No reaction""}]","MCQ","mcq","xii",,"Phenylamine reacts with $\mathrm{Br}_{2(\mathrm{aq})}$ at room temperature to give:","ms7ems2pm9j5vwfrrxr4rybk0585qztc",,"xd77xqzbpdjqwkx2fdkjj0dkj58dz1s6","Multiple Choice Questions (MCQs)","exercise","{""blockIndex"":1,""chapterNumber"":12,""page"":211,""subjectSlug"":""chemistry-12""}",
"chemistry-12","12-nitrogen-compounds","Nitrogen Compounds","12-5-phenylamine-and-azo-compounds","12.5 Phenylamine and Azo Compounds","m17d5etff0zhcm4w9sq7r4ne058dzatx",,,,,,"false",,,,,"short","i",,"Explain the conditions and reagents required for the reaction between a halogenoalkane and KCN to form a nitrile.","ms7ems2pm9j5vwfrrxr4rybk0585qztc",,"xd73en2dthrr6y4ym00hw6z75s8dy38w","Short Answer Questions","exercise","{""blockIndex"":9,""chapterNumber"":12,""page"":211,""subjectSlug"":""chemistry-12""}",
"chemistry-12","12-nitrogen-compounds","Nitrogen Compounds","12-5-phenylamine-and-azo-compounds","12.5 Phenylamine and Azo Compounds","m176980ph4bwex85b8myxjknqh8dz14k",,,,,,"false",,,,,"short","iii",,"Discuss the reaction of phenylamine with $\mathrm{HNO}_{2}$ and dilute acid below $5^{\circ} \mathrm{C}$. What is the major product formed?","ms7ems2pm9j5vwfrrxr4rybk0585qztc",,"xd73en2dthrr6y4ym00hw6z75s8dy38w","Short Answer Questions","exercise","{""blockIndex"":9,""chapterNumber"":12,""page"":211,""subjectSlug"":""chemistry-12""}",
"chemistry-12","12-nitrogen-compounds","Nitrogen Compounds","12-5-phenylamine-and-azo-compounds","12.5 Phenylamine and Azo Compounds","m171bpvq2rcr31nqttwhb0kmqd8dzhpw",,,,,,"false",,,,,"short","vi",,"Compare the basicity of aqueous ammonia, ethylamine, and phenylamine, and explain the observed trends","ms7ems2pm9j5vwfrrxr4rybk0585qztc",,"xd73en2dthrr6y4ym00hw6z75s8dy38w","Short Answer Questions","exercise","{""blockIndex"":9,""chapterNumber"":12,""page"":211,""subjectSlug"":""chemistry-12""}",
"chemistry-12","12-nitrogen-compounds","Nitrogen Compounds","12-5-phenylamine-and-azo-compounds","12.5 Phenylamine and Azo Compounds","m178atn8s26v3pdmj1emt6j9gd8dysyr",,,,,,"false",,,,,"long","ii",,"Explain the relative basicities of aqueous ammonia, ethylamine, and phenylamine. What factors contribute to these differences in basicity?","ms7ems2pm9j5vwfrrxr4rybk0585qztc",,"xd71xf606tf7pvtwht2fjqcras8dywnd","Long Answer Questions","exercise","{""blockIndex"":11,""chapterNumber"":12,""page"":211,""subjectSlug"":""chemistry-12""}",
"chemistry-12","12-nitrogen-compounds","Nitrogen Compounds","12-5-phenylamine-and-azo-compounds","12.5 Phenylamine and Azo Compounds","m1718tae2xt47b1ena52h29qd18dy51h",,,,,,"false",,,,,"long","iv",,"Describe the reaction of phenylamine with $\mathrm{HNO}_{2}$ and dilute acid below $1^{\circ} \mathrm{C}$ to produce the diazonium salt. What is the significance of this reaction in organic chemistry?","ms7ems2pm9j5vwfrrxr4rybk0585qztc",,"xd71xf606tf7pvtwht2fjqcras8dywnd","Long Answer Questions","exercise","{""blockIndex"":11,""chapterNumber"":12,""page"":211,""subjectSlug"":""chemistry-12""}",
"chemistry-12","12-nitrogen-compounds","Nitrogen Compounds","12-6-reactions-of-benzene-diazonium-chloride","12.6 Reactions of Benzene Diazonium Chloride","m17e11vba9h5tvk6nad9z29x6x85pc2n","true","Federal Board",,"[""Notes do not contain relevant content on nucleophilic addition reactions of carbonyl compounds"",""No information provided on hydrazine or hydrazone formation"",""Question requires content from a different section (likely Chapter 11 on carbonyl compounds) not included in provided notes"",""Cannot generate accurate FBISE-aligned answer without appropriate source material""]",,"false","6","The provided notes contain information about phenol preparation, phenylamine, and benzene diazonium chloride reactions, but do not include content on nucleophilic addition reactions of carbonyl compounds with hydrazine derivatives. The notes do not cover acetone, acetaldehyde, formaldehyde, phenyl hydrazine, or 2,4-dinitrophenyl hydrazine reactions. Therefore, a model answer cannot be provided based on the given note content.",,"C","long","6","annual","Provide the chemical equations for the Nucleophilic addition reactions between:
a. Acetone and Phenyl Hydrazine
b. Acetaldehyde and 2,4-Dinitrophenyl Hydrazine
c. Formaldehyde and Hydrazine","ms75ntvv2eht7tarky5m0kyqas85qqzg","2025",,,,,
"chemistry-12","12-nitrogen-compounds","Nitrogen Compounds","12-6-reactions-of-benzene-diazonium-chloride","12.6 Reactions of Benzene Diazonium Chloride","m17cet30vcqqtfxwwgj6tng8cn85qrmw","true","Federal Board",,"[""Diazonium salts contain the $-N_2^+$ group; benzene diazonium chloride is formed from aniline"",""Preparation requires $NaNO_2 + HCl$ at 0–5°C (below 10°C) to prevent decomposition"",""Above 10°C, diazonium salt hydrolyzes to form phenol, $N_2$ gas, and $HCl$"",""$-N_2^+$ acts as excellent leaving group, replaced by $-OH$ in hydrolysis reaction"",""Temperature control is critical: low temperature for formation, warming for hydrolysis""]",,"false","3","Diazonium salts are organic compounds containing the diazonium group ($-N_2^+$), with benzene diazonium chloride ($C_6H_5N_2^+Cl^-$) being a key example. Aniline is converted to benzene diazonium chloride through diazotization: $C_6H_5NH_2 + NaNO_2 + 2HCl \xrightarrow{0-5°C} C_6H_5N_2^+Cl^- + NaCl + 2H_2O$. The reaction uses sodium nitrite and hydrochloric acid (generating nitrous acid in situ) at temperatures below 10°C to prevent decomposition. When heated above 10°C, the diazonium salt undergoes hydrolysis: $C_6H_5N_2^+Cl^- + H_2O \xrightarrow{\text{warm}} C_6H_5OH + N_2 + HCl$, producing phenol, nitrogen gas, and hydrochloric acid. The $-N_2^+$ group acts as an excellent leaving group, departing as stable $N_2$ gas and being replaced by a hydroxyl group.",,"B","short","10","annual","What are diazonium salts? How can this salt be prepared from Aniline? What happens when this salt is heated above 10°C?","ms75ntvv2eht7tarky5m0kyqas85qqzg","2022",,,,,
"chemistry-12","12-nitrogen-compounds","Nitrogen Compounds","12-6-reactions-of-benzene-diazonium-chloride","12.6 Reactions of Benzene Diazonium Chloride","m1705vbav7kwqf4z5eb2tg100n8dzbwc",,,,,,"false",,,"[{""key"":""A"",""text"":""Formation of phenylhydrazine""},{""key"":""B"",""text"":""Formation of an azo compound""},{""key"":""C"",""text"":""Formation of a nitro compound""},{""key"":""D"",""text"":""Formation of an ester""}]","MCQ","mcq","ix",,"What happens when benzenediazonium chloride reacts with phenol in $\mathrm{NaOH}_{(\mathrm{aq})}$ ?","ms75ntvv2eht7tarky5m0kyqas85qqzg",,"xd77xqzbpdjqwkx2fdkjj0dkj58dz1s6","Multiple Choice Questions (MCQs)","exercise","{""blockIndex"":2,""chapterNumber"":12,""page"":211,""subjectSlug"":""chemistry-12""}",
"chemistry-12","12-nitrogen-compounds","Nitrogen Compounds","12-6-reactions-of-benzene-diazonium-chloride","12.6 Reactions of Benzene Diazonium Chloride","m17brczm1b8f0asgyemyxw3hp98dzgj7",,,,,,"false",,,,,"short","ii",,"Analyse the significance of diazonium salts in synthetic organic chemistry.","ms75ntvv2eht7tarky5m0kyqas85qqzg",,"xd73en2dthrr6y4ym00hw6z75s8dy38w","Short Answer Questions","exercise","{""blockIndex"":9,""chapterNumber"":12,""page"":211,""subjectSlug"":""chemistry-12""}",
"chemistry-12","12-nitrogen-compounds","Nitrogen Compounds","12-7-preparation-of-amides","12.7 Preparation and Reactions of Amides","m172eyy6ngmdq8xd59fnvzh0rx85qjsw","false","Federal Board","The organic compound is **ethyl ethanoate** (CH₃COOC₂H₅), an ester formed by the reaction of ethanoyl chloride with ethanol at room temperature: $\text{CH}_3\text{COCl} + \text{C}_2\text{H}_5\text{OH} \rightarrow \text{CH}_3\text{COOC}_2\text{H}_5 + \text{HCl}$. This is a nucleophilic acyl substitution reaction where no catalyst or heating is required.","[""Correct identification of ester functional group (–COO–) and molecular formula"",""Recognition of acyl chloride + alcohol reaction mechanism at room temperature"",""Correct naming using IUPAC nomenclature (ethyl ethanoate)"",""Identification of products: ester and hydrogen chloride gas"",""Understanding that reaction is vigorous and requires no catalyst or heating""]",,"false","1","The organic compound is **ethyl ethanoate** (CH₃COOC₂H₅), an ester formed by the reaction of ethanoyl chloride with ethanol at room temperature: $\text{CH}_3\text{COCl} + \text{C}_2\text{H}_5\text{OH} \rightarrow \text{CH}_3\text{COOC}_2\text{H}_5 + \text{HCl}$. This is a nucleophilic acyl substitution reaction where no catalyst or heating is required.","[{""key"":""A"",""text"":""$NH_4CNO$""},{""key"":""B"",""text"":""$NH_2CONH_2$""},{""key"":""C"",""text"":""$CO_2$""},{""key"":""D"",""text"":""CO""}]","MCQ","unclassified","7","annual","Identify the organic compound:","ms7d26591qwf738x85dk7y5n1185pnt7","2025",,,,,"A"
"chemistry-12","12-nitrogen-compounds","Nitrogen Compounds","12-7-preparation-of-amides","12.7 Preparation and Reactions of Amides","m176dczxp1pq1k7dxrn5rkndvx85pgyt","true","Federal Board","When acetic acid is reacted with ammonia and the resulting compound is strongly heated, **ethanenitrile (acetonitrile, CH₃CN)** is formed. The reaction proceeds in two stages: first, acetic acid reacts with ammonia to form ethanamide (CH₃CONH₂), and upon strong heating, ethanamide undergoes dehydration to produce ethanenitrile and water.","[""Acetic acid reacts with ammonia to form ethanamide (primary amide)"",""Strong heating causes dehydration of ethanamide"",""Ethanenitrile (CH₃CN) is the final product formed"",""Water is eliminated during the dehydration process"",""This is a two-step process: amide formation followed by thermal dehydration""]",,"false","1","When acetic acid is reacted with ammonia and the resulting compound is strongly heated, **ethanenitrile (acetonitrile, CH₃CN)** is formed. The reaction proceeds in two stages: first, acetic acid reacts with ammonia to form ethanamide (CH₃CONH₂), and upon strong heating, ethanamide undergoes dehydration to produce ethanenitrile and water.","[{""key"":""A"",""text"":""$CH_3-NH_2$""},{""key"":""B"",""text"":""$CH_3-CONH_2$""},{""key"":""C"",""text"":""$CH_3-CHO$""},{""key"":""D"",""text"":""$CH_3-C\\equiv N$""}]","MCQ","mcq","13","annual","Acetic acid is reacted with $NH_3$ and the resulting compound is strongly heated. Identify the compound formed.","ms7d26591qwf738x85dk7y5n1185pnt7","2022",,,,,"D"
"chemistry-12","12-nitrogen-compounds","Nitrogen Compounds","12-7-preparation-of-amides","12.7 Preparation and Reactions of Amides","m17f02y49dqpxfrc0wwj316k6d85pdkb","true","Federal Board",,"[""Definition of homologous series: same functional group, differ by CH₂, gradual change in physical properties, similar chemical properties"",""Correct structural formulas for all four members with proper amide functional group (–CONH₂)"",""Identification of CH₂ increment between successive members"",""Correct IUPAC naming: methanamide, ethanamide, propanamide, butanamide""]",,"false","3","A homologous series is a group of organic compounds with the same functional group, differing by CH₂ units, showing a gradual change in physical properties and similar chemical properties. The first four members of the acid amides homologous series are: (1) Methanamide: HCONH₂, (2) Ethanamide: CH₃CONH₂, (3) Propanamide: CH₃CH₂CONH₂, (4) Butanamide: CH₃CH₂CH₂CONH₂. Each member differs by a CH₂ unit and contains the amide functional group (–CONH₂).",,"B","short","5","annual","What is **homologous series**? Draw structures of first four members of homologous series of **acid amides**.","ms7d26591qwf738x85dk7y5n1185pnt7","2022",,,,,
"chemistry-12","12-nitrogen-compounds","Nitrogen Compounds","12-7-preparation-of-amides","12.7 Preparation and Reactions of Amides","m171xsw48vvrdx0dgnjcywht1n85pnzj",,"Federal Board",,"[""Reaction with water produces carboxylic acid (acetic acid)"",""Reaction with alcohol produces ester (ethyl ethanoate) and carboxylic acid"",""Reaction with ammonia produces primary amide (ethanamide) and ammonium salt"",""All reactions are nucleophilic acyl substitution occurring at room temperature"",""Acetic anhydride is highly reactive due to electrophilic carbonyl carbon""]",,"false","3","Acetic anhydride (ethanoic anhydride) undergoes nucleophilic acyl substitution reactions:

**a. With Water:** $(CH_3CO)_2O + H_2O \rightarrow 2CH_3COOH$ (Acetic acid is formed)

**b. With Ethanol:** $(CH_3CO)_2O + C_2H_5OH \rightarrow CH_3COOC_2H_5 + CH_3COOH$ (Ethyl ethanoate and acetic acid are formed)

**c. With Ammonia:** $(CH_3CO)_2O + 2NH_3 \rightarrow CH_3CONH_2 + CH_3COONH_4$ (Ethanamide and ammonium ethanoate are formed)

All reactions occur readily at room temperature. Acetic anhydride is highly reactive due to the electron-withdrawing carbonyl groups making the carbonyl carbon electrophilic, facilitating nucleophilic acyl substitution.",,"B","short","15","annual","Write down the reactions of **Acetic anhydride** with:
a. $H_2O$
b. $C_2H_5OH$
c. $NH_3$","ms7d26591qwf738x85dk7y5n1185pnt7","2022",,,,,
"chemistry-12","12-nitrogen-compounds","Nitrogen Compounds","12-7-preparation-of-amides","12.7 Preparation and Reactions of Amides","m17dvjkx2w20v7j98kvfns3swh85pga6","true","Federal Board",,"[""Reduction of $CH_3COOH$ to $CH_3CH_2OH$ using LiAlH$_4$ or BH$_3$ reduces the carbonyl carbon to a primary alcohol"",""Conversion to amide involves formation of acyl chloride intermediate using SOCl$_2$ or PCl$_5$, followed by nucleophilic acyl substitution with NH$_3$"",""Both reactions involve modification of the carboxyl group (-COOH) functional group"",""Reduction is a redox reaction; amide formation is a nucleophilic acyl substitution reaction"",""Appropriate reagents and conditions must be specified for each conversion pathway""]",,"false","3","a. **Conversion to $CH_3CH_2OH$ (Ethanol):** $CH_3COOH$ is reduced using a reducing agent such as LiAlH$_4$ (lithium aluminium hydride) or BH$_3$ (borane). The carboxylic acid is converted to a primary alcohol through reduction of the carbonyl group.

b. **Conversion to $CH_3CONH_2$ (Ethanamide):** $CH_3COOH$ is first converted to an acyl chloride ($CH_3COCl$) using SOCl$_2$ or PCl$_5$, then treated with ammonia (NH$_3$) to form the primary amide. Alternatively, the carboxylic acid can be directly converted to the amide through reaction with ammonia under heating with a dehydrating agent.",,"B","short","16","annual","How can $CH_3COOH$ be converted into:
a. $CH_3CH_2OH$
b. $CH_3CONH_2$","ms7d26591qwf738x85dk7y5n1185pnt7","2022",,,,,
"chemistry-12","12-nitrogen-compounds","Nitrogen Compounds","12-7-preparation-of-amides","12.7 Preparation and Reactions of Amides","m179kwc96p8cj00de6mgddzmd985pz0b","true","Federal Board","The reactant $X$ is $\mathrm{LiAlH_4}$ (lithium aluminium hydride) or a strong reducing agent. Primary amides are reduced by $\mathrm{LiAlH_4}$ to produce primary amines: $\mathrm{CH_3CONH_2} + \mathrm{LiAlH_4} \rightarrow \mathrm{CH_3NH_2}$. The carbonyl group is reduced to a methylene group, converting the amide to the corresponding amine.","[""Identifies $X$ as $\\mathrm{LiAlH_4}$ or strong reducing agent"",""Recognizes this as reduction of primary amide to primary amine"",""Shows understanding that carbonyl carbon is reduced to $\\mathrm{CH_2}$ group"",""Correctly represents the conversion of amide functional group to amine""]",,"false","1","The reactant $X$ is $\mathrm{LiAlH_4}$ (lithium aluminium hydride) or a strong reducing agent. Primary amides are reduced by $\mathrm{LiAlH_4}$ to produce primary amines: $\mathrm{CH_3CONH_2} + \mathrm{LiAlH_4} \rightarrow \mathrm{CH_3NH_2}$. The carbonyl group is reduced to a methylene group, converting the amide to the corresponding amine.","[{""key"":""A"",""text"":""$LiAlH_4$""},{""key"":""B"",""text"":""$Br_2 / KOH$""},{""key"":""C"",""text"":""$Sn / HCl$""},{""key"":""D"",""text"":""$Fe / H_2SO_4$""}]","MCQ","unclassified","9","annual","Identify the reactant $X$ in the following conversion: $CH_3-CO-NH_2 + X \rightarrow CH_3-NH_2$","ms7d26591qwf738x85dk7y5n1185pnt7","2022",,,,,
"chemistry-12","12-nitrogen-compounds","Nitrogen Compounds","12-7-preparation-of-amides","12.7 Preparation and Reactions of Amides","m17a0ba4x68ebphs08nppmh08n85ptjx","true","Federal Board",,"[""Hofmann degradation of acetamide produces primary amine with loss of carbonyl group"",""Acetic anhydride formation from acetyl chloride requires nucleophilic acyl substitution with acetate source"",""Dry distillation of calcium acetate involves thermal decomposition to ketone and salt"",""Correct chemical equations with proper reactants, products, and conditions"",""Understanding of carboxylic acid derivative transformations""]",,"false","3","a. **Acetamide into Ethylamine:** Acetamide ($\mathrm{CH_3CONH_2}$) undergoes Hofmann degradation when treated with bromine in alkaline solution, producing ethylamine ($\mathrm{C_2H_5NH_2}$) and carbon dioxide. $\mathrm{CH_3CONH_2 + Br_2 + 4NaOH \rightarrow C_2H_5NH_2 + Na_2CO_3 + 2NaBr + 2H_2O}$

b. **Acetyl chloride into Acetic anhydride:** Two molecules of acetyl chloride ($\mathrm{CH_3COCl}$) react with sodium acetate to form acetic anhydride ($\mathrm{(CH_3CO)_2O}$). $\mathrm{2CH_3COCl + 2CH_3COONa \rightarrow (CH_3CO)_2O + 2NaCl}$ Alternatively, acetyl chloride reacts with acetic acid: $\mathrm{CH_3COCl + CH_3COOH \rightarrow (CH_3CO)_2O + HCl}$

c. **Calcium acetate into Acetone:** Calcium acetate ($\mathrm{(CH_3COO)_2Ca}$) undergoes dry distillation (heating without solvent) to produce acetone ($\mathrm{CH_3COCH_3}$) and calcium carbonate. $\mathrm{(CH_3COO)_2Ca \xrightarrow{\Delta} CH_3COCH_3 + CaCO_3}$",,"B","short","14","annual","Write down the reactions for following conversions:
a. Acetamide into Ethyl amine
b. Acetyl chloride into acetic anhydride
c. Calcium acetate into acetone","ms7d26591qwf738x85dk7y5n1185pnt7","2022",,,,,
"chemistry-12","12-nitrogen-compounds","Nitrogen Compounds","12-7-preparation-of-amides","12.7 Preparation and Reactions of Amides","m17am23z4tyx6h6r3kh07ve7v985pazs","true","Federal Board",,"[""Acid halides have $-COX$ group (X = halogen); amides have $-CONH_2$ or $-CONHR$ group"",""Ethers have $R-O-R'$ structure without carbonyl; esters have $-COOR'$ with carbonyl group"",""Aldehydes have terminal $-CHO$ group; ketones have internal $-CO-$ group between two carbons"",""Functional group differences determine reactivity and chemical properties of each pair"",""Correct identification of functional groups is essential for classifying organic compounds""]",,"false","3","a. **Acid halides** contain the functional group $-COX$ (where X = halogen, typically Cl), while **acid amides** contain the functional group $-CONH_2$ (or $-CONHR$, $-CONR_2$). The key difference is that acid halides have a halogen atom bonded to the carbonyl carbon, whereas amides have a nitrogen-containing group bonded to the carbonyl carbon.

b. **Ethers** contain the functional group $R-O-R'$ (oxygen bonded to two carbon atoms), while **esters** contain the functional group $-COOR'$ (carbonyl group bonded to oxygen, which is bonded to another carbon). Esters have a carbonyl group; ethers do not.

c. **Aldehydes** contain the functional group $-CHO$ (carbonyl group bonded to hydrogen and one carbon), while **ketones** contain the functional group $-CO-$ (carbonyl group bonded to two carbon atoms). The position of the carbonyl group differs: aldehydes have it at the terminal position, ketones have it within the carbon chain.",,"B","short","2","annual","What is the difference between the functional groups present in the following pairs of compounds?
a. Acid halides and Acid amides
b. Ethers and Esters
c. Aldehydes and Ketones","ms7d26591qwf738x85dk7y5n1185pnt7","2024",,,,,
"chemistry-12","12-nitrogen-compounds","Nitrogen Compounds","12-7-preparation-of-amides","12.7 Preparation and Reactions of Amides","m1795n6wbzzyjvvc3dbgdvma9d8dzf3s",,,,,,"false",,,,,"short","i",,"Outline the steps and conditions required to hydrolyze a nitrile to a carboxylic acid using dilute acid.","ms7d26591qwf738x85dk7y5n1185pnt7",,"xd73en2dthrr6y4ym00hw6z75s8dy38w","Short Answer Questions","exercise","{""blockIndex"":9,""chapterNumber"":12,""page"":211,""subjectSlug"":""chemistry-12""}",
"chemistry-12","12-nitrogen-compounds","Nitrogen Compounds","12-7-preparation-of-amides","12.7 Preparation and Reactions of Amides","m1709xmq8pef2k2tx7zhkzmdy58dz8zv",,,,,,"false",,,,,"short","i",,"Compare the reduction of nitriles and amides using $\mathrm{LiAlH}_{4}$.","ms7d26591qwf738x85dk7y5n1185pnt7",,"xd73en2dthrr6y4ym00hw6z75s8dy38w","Short Answer Questions","exercise","{""blockIndex"":9,""chapterNumber"":12,""page"":211,""subjectSlug"":""chemistry-12""}",
"chemistry-12","12-nitrogen-compounds","Nitrogen Compounds","12-8-amino-acids","12.8 Amino Acids","m177k3qzd9gfhss82585ymt8gx8dznqz",,,,,,"false",,,"[{""key"":""A"",""text"":""Provide structural support""},{""key"":""B"",""text"":""Store energy""},{""key"":""C"",""text"":""Link amino acids""},{""key"":""D"",""text"":""Bind with DNA""}]","MCQ","mcq","x",,"What is the role of peptide bonds in proteins?","ms72wykqx0hsc0sqj9zt85xymd85qhkx",,"xd77xqzbpdjqwkx2fdkjj0dkj58dz1s6","Multiple Choice Questions (MCQs)","exercise","{""blockIndex"":3,""chapterNumber"":12,""page"":211,""subjectSlug"":""chemistry-12""}",
"chemistry-12","12-nitrogen-compounds","Nitrogen Compounds","12-8-amino-acids","12.8 Amino Acids","m179qsvfe15k76cq4bjx2pr7z98dyr7g",,,,,,"false",,,,,"short","iv",,"Describe the acid-base properties of amino acids and how they can form zwitterions.","ms72wykqx0hsc0sqj9zt85xymd85qhkx",,"xd73en2dthrr6y4ym00hw6z75s8dy38w","Short Answer Questions","exercise","{""blockIndex"":9,""chapterNumber"":12,""page"":211,""subjectSlug"":""chemistry-12""}",
"chemistry-12","12-nitrogen-compounds","Nitrogen Compounds","12-8-amino-acids","12.8 Amino Acids","m178rsm8t4q97739w5z4k64ahh8dz17a",,,,,,"false",,,,,"short","vii",,"Predict the results of electrophoresis on mixtures of amino acids at pH 3 and pH 11 .","ms72wykqx0hsc0sqj9zt85xymd85qhkx",,"xd73en2dthrr6y4ym00hw6z75s8dy38w","Short Answer Questions","exercise","{""blockIndex"":9,""chapterNumber"":12,""page"":211,""subjectSlug"":""chemistry-12""}",
"chemistry-12","12-nitrogen-compounds","Nitrogen Compounds","12-8-amino-acids","12.8 Amino Acids","m17dwtvzj3c6r5gwp9v1ym6shx8dztgn",,,,,,"false",,,,,"long","iii",,"Discuss the formation of amide (peptide) bonds between amino acids to give di- and tripeptides. What role do these bonds play in biological systems?","ms72wykqx0hsc0sqj9zt85xymd85qhkx",,"xd71xf606tf7pvtwht2fjqcras8dywnd","Long Answer Questions","exercise","{""blockIndex"":11,""chapterNumber"":12,""page"":211,""subjectSlug"":""chemistry-12""}",
"chemistry-12","12-nitrogen-compounds","Nitrogen Compounds","12-8-amino-acids","12.8 Amino Acids","m17f21g263whxz0zy5ryahqr4s8dy8vn",,,,,,"false",,,,,"long","v",,"Predict the results of electrophoresis on mixtures of amino acids and dipeptides at different pH . What changes might you observe at different pH, and why?","ms72wykqx0hsc0sqj9zt85xymd85qhkx",,"xd71xf606tf7pvtwht2fjqcras8dywnd","Long Answer Questions","exercise","{""blockIndex"":11,""chapterNumber"":12,""page"":211,""subjectSlug"":""chemistry-12""}",
"chemistry-12","12-nitrogen-compounds","Nitrogen Compounds","12-8-amino-acids","12.8 Amino Acids","m17bcjszbnxhk2aaf11vrr5qzs8dzbav",,,,,,"false",,,,,"long","vi",,"Describe the acid-base properties of amino acids and the formation of zwitterions. Discuss the significance of zwitterions in the behavior of amino acids in different pH environments.","ms72wykqx0hsc0sqj9zt85xymd85qhkx",,"xd71xf606tf7pvtwht2fjqcras8dywnd","Long Answer Questions","exercise","{""blockIndex"":11,""chapterNumber"":12,""page"":211,""subjectSlug"":""chemistry-12""}",
"chemistry-12","12-nitrogen-compounds","Nitrogen Compounds","12-8-amino-acids","12.8 Amino Acids","m17em7tsy6jra54e1gs7r7t7sd8dy9vg",,,,,,"false",,,,,"long","vii",,"Describe the formation of amide (peptide) bonds between amino acids to give di- and tripeptides","ms72wykqx0hsc0sqj9zt85xymd85qhkx",,"xd71xf606tf7pvtwht2fjqcras8dywnd","Long Answer Questions","exercise","{""blockIndex"":11,""chapterNumber"":12,""page"":211,""subjectSlug"":""chemistry-12""}",
"chemistry-12","12-nitrogen-compounds","Nitrogen Compounds","12-8-amino-acids","12.8 Amino Acids","m17at1dtq9k0znc248p717eq1h8dykbc",,,,,,"false",,,,,"long","viii",,"Predict and explain the results of electrophoresis on mixtures of amino acids and dipeptides at different pH. Discuss how the charge and size of the molecules affect their migration during electrophoresis.
## POLYMERS","ms72wykqx0hsc0sqj9zt85xymd85qhkx",,"xd71xf606tf7pvtwht2fjqcras8dywnd","Long Answer Questions","exercise","{""blockIndex"":11,""chapterNumber"":12,""page"":211,""subjectSlug"":""chemistry-12""}",