subjectSlug,chapterSlug,chapterTitle,topicSlug,topicTitle,_id,exerciseId,exerciseTitle,lastAttempt,locked,options,origin,partType,questionKind,questionNumber,stem,topicId,correctKey,correctKeyVerified,examBoard,session,year,keyPoints,marks,modelAnswer
"biology-10","06-reproduction","Reproduction","6-1-role-of-hormones-in-male-and-female-sexual-development","6.1 Role of Hormones in Male and Female Sexual Development","m17cwsms7zq5pdakk5nay3p7b58cshw8","xd71ht7mehxx6bjtcx3tjryra18crxcx","Section I: Multiple Choice Questions",,"false","[{""key"":""A"",""text"":""Birth""},{""key"":""B"",""text"":""Puberty""},{""key"":""C"",""text"":""Childhood""},{""key"":""D"",""text"":""Adulthood""}]","exercise","A","unclassified","1","What marks the functional beginning of the reproductive system?","ms78979tfjpja578wfj3e4p87d8bvece",,,,,,,,
"biology-10","06-reproduction","Reproduction","6-1-role-of-hormones-in-male-and-female-sexual-development","6.1 Role of Hormones in Male and Female Sexual Development","m172mf7yepq05zfs87aphp74x98csbc5","xd71ht7mehxx6bjtcx3tjryra18crxcx","Section I: Multiple Choice Questions",,"false","[{""key"":""A"",""text"":""Survival of an individual""},{""key"":""B"",""text"":""Survival and continuation of a species""},{""key"":""C"",""text"":""Growth and development of organs""},{""key"":""D"",""text"":""Production of hormones""}]","exercise","A","unclassified","2","What is the primary function of reproduction in living organisms?","ms78979tfjpja578wfj3e4p87d8bvece",,,,,,,,
"biology-10","06-reproduction","Reproduction","6-1-role-of-hormones-in-male-and-female-sexual-development","6.1 Role of Hormones in Male and Female Sexual Development","m179dmq0qs9xf28yec38drtp0x8cr85s","xd71ht7mehxx6bjtcx3tjryra18crxcx","Section I: Multiple Choice Questions",,"false","[{""key"":""A"",""text"":""Estrogen""},{""key"":""B"",""text"":""Testosterone""},{""key"":""C"",""text"":""Progesterone""},{""key"":""D"",""text"":""Luteinizing hormone (LH)""}]","exercise","A","unclassified","3","Which hormone is primarily responsible for male sexual development?","ms78979tfjpja578wfj3e4p87d8bvece",,,,,,,,
"biology-10","06-reproduction","Reproduction","6-1-role-of-hormones-in-male-and-female-sexual-development","6.1 Role of Hormones in Male and Female Sexual Development","m17cwshetwpqg64ebrasjg5q2h8cs9e6","xd71ht7mehxx6bjtcx3tjryra18crxcx","Section I: Multiple Choice Questions",,"false","[{""key"":""A"",""text"":""Sertoli cells""},{""key"":""B"",""text"":""Interstitial (Leydig) cells""},{""key"":""C"",""text"":""Follicular cells""},{""key"":""D"",""text"":""Endocrine cells""}]","exercise","A","unclassified","4","In males, testosterone is produced by which cells?","ms78979tfjpja578wfj3e4p87d8bvece",,,,,,,,
"biology-10","06-reproduction","Reproduction","6-1-role-of-hormones-in-male-and-female-sexual-development","6.1 Role of Hormones in Male and Female Sexual Development","m179zf4wbvcve3pzewe9mhbt7s8cr1mv","xd71ht7mehxx6bjtcx3tjryra18crxcx","Section I: Multiple Choice Questions",,"false","[{""key"":""A"",""text"":""Low levels of estrogen""},{""key"":""B"",""text"":""High levels of estrogen""},{""key"":""C"",""text"":""Ovulation""},{""key"":""D"",""text"":""Menstruation""}]","exercise","A","unclassified","5","What triggers the release of luteinizing hormone (LH) in females?","ms78979tfjpja578wfj3e4p87d8bvece",,,,,,,,
"biology-10","06-reproduction","Reproduction","6-1-role-of-hormones-in-male-and-female-sexual-development","6.1 Role of Hormones in Male and Female Sexual Development","m1736kxmqqyn7tvmhgxzytwfq58cr9a0","xd73k0g4v74f91f0h9mjb84bzx8crm6f","Section II: Short Answer Questions",,"false",,"exercise","B","unclassified","1","What is the primary purpose of reproduction in living organisms?","ms78979tfjpja578wfj3e4p87d8bvece",,,,,,,,
"biology-10","06-reproduction","Reproduction","6-1-role-of-hormones-in-male-and-female-sexual-development","6.1 Role of Hormones in Male and Female Sexual Development","m17cz8br5d69dn65a56n0g2zbx8cs14b","xd73k0g4v74f91f0h9mjb84bzx8crm6f","Section II: Short Answer Questions",,"false",,"exercise","B","unclassified","2","What are the two main types of reproduction?","ms78979tfjpja578wfj3e4p87d8bvece",,,,,,,,
"biology-10","06-reproduction","Reproduction","6-1-role-of-hormones-in-male-and-female-sexual-development","6.1 Role of Hormones in Male and Female Sexual Development","m171qmazm7cn19dsa90ps3k6wh8crn50","xd73k0g4v74f91f0h9mjb84bzx8crm6f","Section II: Short Answer Questions",,"false",,"exercise","B","unclassified","3","At what stage of human development does the reproductive system become functional?","ms78979tfjpja578wfj3e4p87d8bvece",,,,,,,,
"biology-10","06-reproduction","Reproduction","6-1-role-of-hormones-in-male-and-female-sexual-development","6.1 Role of Hormones in Male and Female Sexual Development","m17d6e8jhnh485895d64tw9tv18csg0c","xd73k0g4v74f91f0h9mjb84bzx8crm6f","Section II: Short Answer Questions",,"false",,"exercise","B","unclassified","4","Which hormone is primarily responsible for the development of male secondary sexual characteristics?","ms78979tfjpja578wfj3e4p87d8bvece",,,,,,,,
"biology-10","06-reproduction","Reproduction","6-1-role-of-hormones-in-male-and-female-sexual-development","6.1 Role of Hormones in Male and Female Sexual Development","m1725tyqjake98ew0j28d7ew958crny1","xd73k0g4v74f91f0h9mjb84bzx8crm6f","Section II: Short Answer Questions",,"false",,"exercise","B","unclassified","7","Which hormone is primarily responsible for the development of female secondary sexual characteristics?","ms78979tfjpja578wfj3e4p87d8bvece",,,,,,,,
"biology-10","06-reproduction","Reproduction","6-1-role-of-hormones-in-male-and-female-sexual-development","6.1 Role of Hormones in Male and Female Sexual Development","m174tnm6vagwk6y9ehgkg0v6w18crca6","xd73k0g4v74f91f0h9mjb84bzx8crm6f","Section II: Short Answer Questions",,"false",,"exercise","B","unclassified","8","What triggers ovulation in the female reproductive cycle?","ms78979tfjpja578wfj3e4p87d8bvece",,,,,,,,
"biology-10","06-reproduction","Reproduction","6-1-role-of-hormones-in-male-and-female-sexual-development","6.1 Role of Hormones in Male and Female Sexual Development","m177kczjx157wx90zejgwewnd98crnf7","xd73k0g4v74f91f0h9mjb84bzx8crm6f","Section II: Short Answer Questions",,"false",,"exercise","B","unclassified","9","Where is progesterone produced in the female reproductive system after ovulation?","ms78979tfjpja578wfj3e4p87d8bvece",,,,,,,,
"biology-10","06-reproduction","Reproduction","6-2-gametogenesis-and-fertilization","6.2 Gametogenesis and Fertilization","m179p7z3fvkbwjejp3kxm0sbt58crn3m","xd71ht7mehxx6bjtcx3tjryra18crxcx","Section I: Multiple Choice Questions",,"false","[{""key"":""A"",""text"":""Fertilization""},{""key"":""B"",""text"":""Development""},{""key"":""C"",""text"":""Gametogenesis""},{""key"":""D"",""text"":""Ovulation""}]","exercise","A","unclassified","7","What is the first step in sexual reproduction?","ms76ffx3mve3pggj0j922w6trh8bv807",,,,,,,,
"biology-10","06-reproduction","Reproduction","6-2-gametogenesis-and-fertilization","6.2 Gametogenesis and Fertilization","m1703cyw9jwscq51njjcj9kjns8cs4ec","xd73k0g4v74f91f0h9mjb84bzx8crm6f","Section II: Short Answer Questions",,"false",,"exercise","B","unclassified","10","What is the term for the process of sperm cell production?","ms76ffx3mve3pggj0j922w6trh8bv807",,,,,,,,
"biology-10","06-reproduction","Reproduction","6-2-gametogenesis-and-fertilization","6.2 Gametogenesis and Fertilization","m17etx6bvz5b50hvccmx0vs6js8csne4","xd7bjm9vph90aq7nek6sgevc2x8cs3fr","Section III: Extensive Answer Questions",,"false",,"exercise","C","unclassified","8","Explain the significance of gametogenesis in sexual reproduction. How does meiosis contribute to genetic variation in offspring, and why is this variation important for the survival and evolution of species?
![](./images/a3b215b9-737a-4a11-b5bc-d86e227b6aca-090_1255_1984_0_29.jpg)","ms76ffx3mve3pggj0j922w6trh8bv807",,,,,,,,
"biology-10","06-reproduction","Reproduction","6-3-mechanism-of-reproduction-in-animals","6.3 Mechanism of Reproduction in Animals","m17cf98yfb5ec2fp2wvcmrxyr18c7b1h",,,,"false","[{""key"":""A"",""text"":""Parthenogenesis""},{""key"":""B"",""text"":""Fragmentation""},{""key"":""C"",""text"":""Budding""},{""key"":""D"",""text"":""Binary fission""}]","exam","MCQ","mcq","1(ii)","Which one is the modified form of sexual reproduction?","ms7cdw29gw41wqcebk8r1e3tz18btvy9","A","true","fbise","model","2026",,,
"biology-10","06-reproduction","Reproduction","6-3-mechanism-of-reproduction-in-animals","6.3 Mechanism of Reproduction in Animals","m17e1jds8zgzrpagbecc60hd2d8caam6",,,,"false","[{""key"":""A"",""text"":""Parthenogenesis""},{""key"":""B"",""text"":""Fragmentation""},{""key"":""C"",""text"":""Budding""},{""key"":""D"",""text"":""Binary fission""}]","exam","MCQ","mcq","2","Which one is the modified form of sexual reproduction?","ms7cdw29gw41wqcebk8r1e3tz18btvy9","A","true","fbise","model","2026",,,
"biology-10","06-reproduction","Reproduction","6-3-mechanism-of-reproduction-in-animals","6.3 Mechanism of Reproduction in Animals","m17d6s9banvdr7yq7e9dje9csh8cdpvr",,,,"false",,"exam","B","short","2(ii)","Differentiate between external and internal fertilization with examples.","ms7cdw29gw41wqcebk8r1e3tz18btvy9",,,"fbise","annual","2024","[""Internal fertilization occurs inside the female body; humans are an example."",""External fertilization occurs outside the female body, commonly in aquatic animals such as fish and amphibians."",""The two modes differ in offspring number, survival rate, and parental care.""]","1.5","Internal fertilization occurs inside the female body, such as in humans, while external fertilization occurs outside the female body, usually in water, such as in fish and amphibians. Internal fertilization generally involves fewer offspring with higher survival and more parental care; external fertilization generally involves many offspring with lower survival and less parental care."
"biology-10","06-reproduction","Reproduction","6-3-mechanism-of-reproduction-in-animals","6.3 Mechanism of Reproduction in Animals","m1799ysyqg4s2nbx7mqxfqywks8cd5fq",,,,"false",,"exam","B","short","2(xi)","Briefly rationalize parthenogenesis as a type of asexual reproduction. Give one example.","ms7cdw29gw41wqcebk8r1e3tz18btvy9",,,"fbise","annual","2024","[""An unfertilized egg develops into a new individual."",""No fertilization occurs, so it is asexual reproduction."",""Some insects, including bees, provide examples.""]","2","Parthenogenesis is a form of reproduction in which an unfertilized egg develops into a new individual, so it is asexual reproduction because no sperm fertilizes the egg. One example is parthenogenesis in some insects, such as bees."
"biology-10","06-reproduction","Reproduction","6-3-mechanism-of-reproduction-in-animals","6.3 Mechanism of Reproduction in Animals","m176nhamexvsh1cgqgjcg9jnqh8cc0ej",,,,"false",,"exam","C","long","Q.3","Describe the process of binary fission in prokaryotes and eukaryotes with diagrams.","ms7cdw29gw41wqcebk8r1e3tz18btvy9",,,"fbise","annual","2024",,"2.5",
"biology-10","06-reproduction","Reproduction","6-3-mechanism-of-reproduction-in-animals","6.3 Mechanism of Reproduction in Animals","m170ff2wqht678z05mt40e6bf18crpyh","xd71ht7mehxx6bjtcx3tjryra18crxcx","Section I: Multiple Choice Questions",,"false","[{""key"":""A"",""text"":""Epididymis""},{""key"":""B"",""text"":""Vas deferens""},{""key"":""C"",""text"":""Seminiferous tubules""},{""key"":""D"",""text"":""Prostate gland""}]","exercise","A","unclassified","6","In which part of the male reproductive system does spermatogenesis occur?","ms7cdw29gw41wqcebk8r1e3tz18btvy9",,,,,,,,
"biology-10","06-reproduction","Reproduction","6-3-mechanism-of-reproduction-in-animals","6.3 Mechanism of Reproduction in Animals","m17ajwx90974t3yyxcmd5k9jvh8cr6ck","xd71ht7mehxx6bjtcx3tjryra18crxcx","Section I: Multiple Choice Questions",,"false","[{""key"":""A"",""text"":""Uterus""},{""key"":""B"",""text"":""Fallopian tubes""},{""key"":""C"",""text"":""Ovaries""},{""key"":""D"",""text"":""Vagina""}]","exercise","A","unclassified","8","Where does fertilization occur in humans?","ms7cdw29gw41wqcebk8r1e3tz18btvy9",,,,,,,,
"biology-10","06-reproduction","Reproduction","6-3-mechanism-of-reproduction-in-animals","6.3 Mechanism of Reproduction in Animals","m17eb6ne8xs8k2xz6sgz6s4j658crx47","xd71ht7mehxx6bjtcx3tjryra18crxcx","Section I: Multiple Choice Questions",,"false","[{""key"":""A"",""text"":""Fish""},{""key"":""B"",""text"":""Birds""},{""key"":""C"",""text"":""Humans""},{""key"":""D"",""text"":""Reptiles""}]","exercise","A","unclassified","9","Which of the following organisms is viviparous?","ms7cdw29gw41wqcebk8r1e3tz18btvy9",,,,,,,,
"biology-10","06-reproduction","Reproduction","6-3-mechanism-of-reproduction-in-animals","6.3 Mechanism of Reproduction in Animals","m170tsp9ja3tx6qh9xb34cg73s8cshp5","xd71ht7mehxx6bjtcx3tjryra18crxcx","Section I: Multiple Choice Questions",,"false","[{""key"":""A"",""text"":""Budding""},{""key"":""B"",""text"":""Binary fission""},{""key"":""C"",""text"":""Parthenogenesis""},{""key"":""D"",""text"":""Fragmentation""}]","exercise","A","unclassified","10","Which asexual reproduction method involves an organism splitting into two equal parts?","ms7cdw29gw41wqcebk8r1e3tz18btvy9",,,,,,,,
"biology-10","06-reproduction","Reproduction","6-3-mechanism-of-reproduction-in-animals","6.3 Mechanism of Reproduction in Animals","m17dm6j5tsnccdrn508jb604kn8crb3n","xd71ht7mehxx6bjtcx3tjryra18crxcx","Section I: Multiple Choice Questions",,"false","[{""key"":""A"",""text"":""It requires two parents.""},{""key"":""B"",""text"":""It leads to genetic diversity.""},{""key"":""C"",""text"":""It produces clones.""},{""key"":""D"",""text"":""It involves the fusion of gametes.""}]","exercise","A","unclassified","14","Which of the following is true about asexual reproduction?","ms7cdw29gw41wqcebk8r1e3tz18btvy9",,,,,,,,
"biology-10","06-reproduction","Reproduction","6-3-mechanism-of-reproduction-in-animals","6.3 Mechanism of Reproduction in Animals","m176t0txfncqjmgp9v6zdcz0f98csb6v","xd71ht7mehxx6bjtcx3tjryra18crxcx","Section I: Multiple Choice Questions",,"false","[{""key"":""A"",""text"":""Producing sperm""},{""key"":""B"",""text"":""Transporting sperm""},{""key"":""C"",""text"":""Adding fluids to sperm""},{""key"":""D"",""text"":""Housing the testes""}]","exercise","A","unclassified","15","What is the role of the scrotum in the male reproductive system of a rabbit?","ms7cdw29gw41wqcebk8r1e3tz18btvy9",,,,,,,,
"biology-10","06-reproduction","Reproduction","6-3-mechanism-of-reproduction-in-animals","6.3 Mechanism of Reproduction in Animals","m17d6504n2veg636gk0r50h9618crpsd","xd73k0g4v74f91f0h9mjb84bzx8crm6f","Section II: Short Answer Questions",,"false",,"exercise","B","unclassified","11","In which part of the male reproductive system does spermatogenesis occur?","ms7cdw29gw41wqcebk8r1e3tz18btvy9",,,,,,,,
"biology-10","06-reproduction","Reproduction","6-3-mechanism-of-reproduction-in-animals","6.3 Mechanism of Reproduction in Animals","m1711exj01q6ve7yz22ache1318crp35","xd73k0g4v74f91f0h9mjb84bzx8crm6f","Section II: Short Answer Questions",,"false",,"exercise","B","unclassified","12","Where does fertilization typically occur in the female reproductive system?","ms7cdw29gw41wqcebk8r1e3tz18btvy9",,,,,,,,
"biology-10","06-reproduction","Reproduction","6-3-mechanism-of-reproduction-in-animals","6.3 Mechanism of Reproduction in Animals","m17c6432xnsb5a6xsf87s92j5h8cr3n2","xd73k0g4v74f91f0h9mjb84bzx8crm6f","Section II: Short Answer Questions",,"false",,"exercise","B","unclassified","13","What is the genetic outcome of offspring produced through asexual reproduction?","ms7cdw29gw41wqcebk8r1e3tz18btvy9",,,,,,,,
"biology-10","06-reproduction","Reproduction","6-3-mechanism-of-reproduction-in-animals","6.3 Mechanism of Reproduction in Animals","m171yq4w9pqkqjtb9jem9yxqm18csvek","xd73k0g4v74f91f0h9mjb84bzx8crm6f","Section II: Short Answer Questions",,"false",,"exercise","B","unclassified","14","What role does the scrotum play in the reproductive system of a male rabbit?","ms7cdw29gw41wqcebk8r1e3tz18btvy9",,,,,,,,
"biology-10","06-reproduction","Reproduction","6-3-mechanism-of-reproduction-in-animals","6.3 Mechanism of Reproduction in Animals","m17ajvvr5e5nsnqz0bjqgm30058cs4db","xd73k0g4v74f91f0h9mjb84bzx8crm6f","Section II: Short Answer Questions",,"false",,"exercise","B","unclassified","15","Which part of the female reproductive system in rabbits is the typical site for fertilization?","ms7cdw29gw41wqcebk8r1e3tz18btvy9",,,,,,,,
"biology-10","06-reproduction","Reproduction","6-3-mechanism-of-reproduction-in-animals","6.3 Mechanism of Reproduction in Animals","m17c5v9nzn167dmm5bbhbs31n58csqq7","xd7bjm9vph90aq7nek6sgevc2x8cs3fr","Section III: Extensive Answer Questions",,"false",,"exercise","C","unclassified","4","Outline the key steps involved in sexual reproduction, using the rabbit as an example to describe the male and female reproductive systems, fertilization, and subsequent development.
5.Describe the mechanisms of asexual reproduction in animals. Provide examples of binary fission, budding, fragmentation, regeneration, and parthenogenesis, explaining how each process contributes to the reproduction of organisms.","ms7cdw29gw41wqcebk8r1e3tz18btvy9",,,,,,,,
"biology-10","06-reproduction","Reproduction","6-4-sex-determination-in-human","6.4 Sex Determination in Human","m173wc9jz71c4xags71nk1dved8cs1av","xd71ht7mehxx6bjtcx3tjryra18crxcx","Section I: Multiple Choice Questions",,"false","[{""key"":""A"",""text"":""$25 \\%$""},{""key"":""B"",""text"":""$50 \\%$""},{""key"":""C"",""text"":""$75 \\%$""},{""key"":""D"",""text"":""$100 \\%$""}]","exercise","A","unclassified","13","What is the probability of a couple having a son during each pregnancy?","ms7cy1b5rbfrf34kc68edd6vh58btw4x",,,,,,,,
"biology-10","06-reproduction","Reproduction","6-4-sex-determination-in-human","6.4 Sex Determination in Human","m173he8rqt4aq3n8ah2xnxa6c58crjfq","xd71ht7mehxx6bjtcx3tjryra18crxcx","Section I: Multiple Choice Questions",,"false","[{""key"":""A"",""text"":""$X Y$""},{""key"":""B"",""text"":""XX""},{""key"":""C"",""text"":""$X$""},{""key"":""D"",""text"":""YY""}]","exercise","A","unclassified","11","In sex determination in humans, what combination of sex chromosomes results in a female?","ms7cy1b5rbfrf34kc68edd6vh58btw4x",,,,,,,,
"biology-10","06-reproduction","Reproduction","6-4-sex-determination-in-human","6.4 Sex Determination in Human","m1779f7nv4h7n9wnb2wdsnt2wn8csjqw","xd71ht7mehxx6bjtcx3tjryra18crxcx","Section I: Multiple Choice Questions",,"false","[{""key"":""A"",""text"":""SRY gene""},{""key"":""B"",""text"":""LH gene""},{""key"":""C"",""text"":""FSH gene""},{""key"":""D"",""text"":""Estrogen gene""}]","exercise","A","unclassified","12","Which gene on the $Y$ chromosome triggers the development of male characteristics?","ms7cy1b5rbfrf34kc68edd6vh58btw4x",,,,,,,,
"biology-10","06-reproduction","Reproduction","6-4-sex-determination-in-human","6.4 Sex Determination in Human","m176xjfa4akdbvks8291ytftzh8crzs4","xd7bjm9vph90aq7nek6sgevc2x8cs3fr","Section III: Extensive Answer Questions",,"false",,"exercise","C","unclassified","6","Explain the process of sex determination in humans. What is the chromosomal basis for determining the sex of an individual, and how do sperm and eggs contribute to this process? Discuss the role of the SRY gene in the development of male sex organs.
7.Discuss the differences between viviparous, oviparous, and ovoviviparous animals. Provide examples of each and explain how their reproductive strategies are adapted to their environments.","ms7cy1b5rbfrf34kc68edd6vh58btw4x",,,,,,,,