subjectSlug,chapterSlug,chapterTitle,topicSlug,topicTitle,_id,correctKeyVerified,examBoard,explanation,keyPoints,lastAttempt,locked,marks,modelAnswer,options,partType,questionKind,questionNumber,session,stem,topicId,year,correctKey,exerciseId,exerciseTitle,origin,sectionLabel,sourceRef
"chemistry-11","02-atomic-structure","Atomic Structure","2-1-brief-history-of-atomic-models","2.1 Brief History of Atomic Models","m17aywbgdhw6y54x4xfpqwbx3x85qawz","true","Federal Board","The energy of a photon is calculated using the formula: E = hf, where h is Planck's constant and f is the frequency. Given: f = 4 × 10¹⁵ Hz and h = 6.626 × 10⁻³⁴ Js. Therefore, E = (6.626 × 10⁻³⁴ Js) × (4 × 10¹⁵ Hz) = 26.504 × 10⁻¹⁹ J = 2.65 × 10⁻¹⁸ J (or approximately 2.7 × 10⁻¹⁸ J).","[""Use the photon energy formula: E = hf"",""Multiply Planck's constant by frequency"",""6.626 × 10⁻³⁴ × 4 × 10¹⁵ = 26.504 × 10⁻¹⁹"",""Express in standard form: 2.65 × 10⁻¹⁸ J"",""Energy is directly proportional to frequency""]",,"false","1","The energy of a photon is calculated using the formula: E = hf, where h is Planck's constant and f is the frequency. Given: f = 4 × 10¹⁵ Hz and h = 6.626 × 10⁻³⁴ Js. Therefore, E = (6.626 × 10⁻³⁴ Js) × (4 × 10¹⁵ Hz) = 26.504 × 10⁻¹⁹ J = 2.65 × 10⁻¹⁸ J (or approximately 2.7 × 10⁻¹⁸ J).","[{""key"":""A"",""text"":""$26.5 \\times 10^{-18}\\text{ J}$""},{""key"":""B"",""text"":""$26.5 \\times 10^{-19}\\text{ J}$""},{""key"":""C"",""text"":""$26.5 \\times 10^{19}\\text{ J}$""},{""key"":""D"",""text"":""$26.5 \\times 10^{18}\\text{ J}$""}]","MCQ","unclassified","4","annual","If frequency of Photon is $4 \times 10^{15}\text{ Hz}$, then its energy will be: ($h = 6.626 \times 10^{-34}\text{ Js}$)","ms7ehrq2syjmby3n0y0txkjmk185prf3","2022",,,,,,
"chemistry-11","02-atomic-structure","Atomic Structure","2-1-brief-history-of-atomic-models","2.1 Brief History of Atomic Models","m17chsnz89qag2cackg7f006zx85pcb2","false","Federal Board","According to Moseley's law, when metals having large atomic number are used as an anode, they will produce X-rays of shorter wavelength (higher frequency). Moseley's law states that the frequency of characteristic X-rays is directly proportional to the square of the atomic number (Z) of the anode material: ν = R(Z - σ)²(1/n₁² - 1/n₂²), where R is Rydberg constant and σ is screening constant. As atomic number increases, the frequency increases and wavelength decreases.","[""Moseley's law relates X-ray frequency to atomic number"",""Larger atomic number produces higher frequency X-rays"",""Higher frequency corresponds to shorter wavelength"",""X-ray frequency is proportional to (Z - σ)²"",""Characteristic X-rays have specific frequencies for each element""]",,"false","1","According to Moseley's law, when metals having large atomic number are used as an anode, they will produce X-rays of shorter wavelength (higher frequency). Moseley's law states that the frequency of characteristic X-rays is directly proportional to the square of the atomic number (Z) of the anode material: ν = R(Z - σ)²(1/n₁² - 1/n₂²), where R is Rydberg constant and σ is screening constant. As atomic number increases, the frequency increases and wavelength decreases.","[{""key"":""A"",""text"":""Longer wavelength""},{""key"":""B"",""text"":""Low wave number""},{""key"":""C"",""text"":""Shorter wavelength""},{""key"":""D"",""text"":""Low energy""}]","MCQ","unclassified","5","annual","According to Moseley's law, when metals having large atomic number are used as an anode, they will produce X-rays of:","ms7ehrq2syjmby3n0y0txkjmk185prf3","2022","A",,,,,
"chemistry-11","02-atomic-structure","Atomic Structure","2-1-brief-history-of-atomic-models","2.1 Brief History of Atomic Models","m178g7gkhsqspepgg9fht7a8j985qt8t","true","Federal Board","The values of Balmer series wave number lines lie in the visible region of the electromagnetic spectrum. The Balmer series corresponds to electron transitions from higher energy levels (n ≥ 3) to n = 2 in a hydrogen atom. The wave numbers range approximately from 1.52 × 10⁶ m⁻¹ to 1.097 × 10⁷ m⁻¹, which corresponds to wavelengths in the visible range (approximately 410 nm to 656 nm).","[""Balmer series involves transitions to n = 2 level"",""Wave numbers lie in the visible region of electromagnetic spectrum"",""Wavelength range: approximately 410-656 nm (visible light)"",""Wave number range: approximately 1.52 × 10⁶ to 1.097 × 10⁷ m⁻¹"",""Produces characteristic colored lines visible to the human eye""]",,"false","1","The values of Balmer series wave number lines lie in the visible region of the electromagnetic spectrum. The Balmer series corresponds to electron transitions from higher energy levels (n ≥ 3) to n = 2 in a hydrogen atom. The wave numbers range approximately from 1.52 × 10⁶ m⁻¹ to 1.097 × 10⁷ m⁻¹, which corresponds to wavelengths in the visible range (approximately 410 nm to 656 nm).","[{""key"":""A"",""text"":""U.V""},{""key"":""B"",""text"":""I.R""},{""key"":""C"",""text"":""Visible""},{""key"":""D"",""text"":""Microwaves""}]","MCQ","mcq","2","annual","The values of Balmer series wave number lines lie in:","ms7ehrq2syjmby3n0y0txkjmk185prf3","2022","C",,,,,
"chemistry-11","02-atomic-structure","Atomic Structure","2-1-brief-history-of-atomic-models","2.1 Brief History of Atomic Models","m17arahkj33082ampw31b9h3kd85q3vp","true","Federal Board",,"[""Could not explain fine structure of spectral lines"",""Failed to account for intensities of spectral lines"",""Could not explain spectra of multi-electron atoms"",""Violated Heisenberg's uncertainty principle"",""Only successful for hydrogen atom""]",,"false","3","The three main defects of Bohr's model are: (1) It could not explain the fine structure of spectral lines, which appear as closely spaced lines rather than single lines. (2) It failed to account for the intensities of spectral lines, as it could not explain why some lines are brighter than others. (3) It could not explain the spectra of multi-electron atoms (atoms with more than one electron), as it only successfully predicted hydrogen's spectrum. Additionally, Bohr's model violated Heisenberg's uncertainty principle by assuming electrons follow definite circular orbits with precise positions and velocities simultaneously.",,"B","short","2","annual","Point out the three defects of Bohr's model.","ms7ehrq2syjmby3n0y0txkjmk185prf3","2022",,,,,,
"chemistry-11","02-atomic-structure","Atomic Structure","2-1-brief-history-of-atomic-models","2.1 Brief History of Atomic Models","m1774zph5pdnwnv6y3kr69tf1d85p67f","true","Federal Board",,"[""Energy formula for hydrogen-like ions: En = -13.6Z²/n² eV"",""Energy released: ΔE = 13.6Z²(1/n₁² - 1/n₂²) eV"",""For He⁺: Z = 2 (nuclear charge)"",""Substituting n₁ = 1, n₂ = 3: ΔE = 13.6 × 4 × (8/9) = 48.4 eV"",""Energy is positive, indicating energy is released during transition"",""Can be converted to joules: 1 eV = 1.6 × 10⁻¹⁹ J""]",,"false","6","For a hydrogen-like ion with nuclear charge Z, when an electron transitions from orbit n₂ to n₁, the energy released is derived from Bohr's model.

The energy of an electron in the nth orbit is: En = -13.6 × Z²/n² eV

Energy released when electron drops from n₂ to n₁:
ΔE = E₁ - E₂ = -13.6Z²/n₁² - (-13.6Z²/n₂²)
ΔE = 13.6Z²(1/n₁² - 1/n₂²) eV

For He⁺ ion: Z = 2, n₁ = 1, n₂ = 3

ΔE = 13.6 × (2)² × (1/1² - 1/3²)
ΔE = 13.6 × 4 × (1 - 1/9)
ΔE = 54.4 × (8/9)
ΔE = 48.36 eV

Alternatively: ΔE = 48.4 eV (or 7.74 × 10⁻¹⁸ J if converted)",,"C","long","2","annual","Derive a relationship for energy released ($\Delta E$) when an electron drops from $n_2$ orbit to $n_1$ orbit in $He^+$ ion. Also calculate $\Delta E$ if $n_1=1$ and $n_2=3$ in $He^{+1}$ ion.","ms7ehrq2syjmby3n0y0txkjmk185prf3","2023",,,,,,
"chemistry-11","02-atomic-structure","Atomic Structure","2-1-brief-history-of-atomic-models","2.1 Brief History of Atomic Models","m17f6xnkrf878hg14mbv2tfqm985qwkk","true","Federal Board","The third line of Balmer series appears due to the transition of electron from n=5 to n=2. In the Balmer series, electrons transition to the n=2 energy level. The first line corresponds to n=3→n=2, the second line to n=4→n=2, and the third line to n=5→n=2.","[""Balmer series involves transitions ending at n=2"",""Third line of Balmer series: electron transitions from n=5 to n=2"",""The line number corresponds to the initial energy level minus 2"",""This transition produces a specific wavelength in the visible spectrum""]",,"false","1","The third line of Balmer series appears due to the transition of electron from n=5 to n=2. In the Balmer series, electrons transition to the n=2 energy level. The first line corresponds to n=3→n=2, the second line to n=4→n=2, and the third line to n=5→n=2.","[{""key"":""A"",""text"":""$n_3 \\rightarrow n_1$""},{""key"":""B"",""text"":""$n_4 \\rightarrow n_2$""},{""key"":""C"",""text"":""$n_5 \\rightarrow n_2$""},{""key"":""D"",""text"":""$n_5 \\rightarrow n_1$""}]","MCQ","mcq","5","annual","The third line of Balmer series appears due to the transition of electron from:","ms7ehrq2syjmby3n0y0txkjmk185prf3","2024","A",,,,,
"chemistry-11","02-atomic-structure","Atomic Structure","2-1-brief-history-of-atomic-models","2.1 Brief History of Atomic Models","m178b20xpmn0qga7v6pk6nfx8n85p18k","true","Federal Board",,"[""Wave number calculated using Rydberg formula: ν̄ = R_H [1/n₁² - 1/n₂²]"",""Rydberg constant R_H = 1.097 × 10⁷ m⁻¹"",""Balmer series has n₁ = 2; H_α is first line with n₂ = 3"",""H_α wave number = 1.52 × 10⁶ m⁻¹"",""Paschen series has n₁ = 3; second line has n₂ = 5"",""Paschen second line wave number = 7.79 × 10⁵ m⁻¹""]",,"false","3","The wave number (ν̄) is calculated using the Rydberg formula:

ν̄ = R_H [1/n₁² - 1/n₂²]

where R_H = 1.097 × 10⁷ m⁻¹

**For H_α in Balmer series:**
- Balmer series: n₁ = 2
- H_α is the first line: n₂ = 3

ν̄ = 1.097 × 10⁷ [1/2² - 1/3²]
ν̄ = 1.097 × 10⁷ [1/4 - 1/9]
ν̄ = 1.097 × 10⁷ [0.25 - 0.111]
ν̄ = 1.097 × 10⁷ × 0.139
ν̄ = 1.52 × 10⁶ m⁻¹

**For second line in Paschen series:**
- Paschen series: n₁ = 3
- Second line: n₂ = 5

ν̄ = 1.097 × 10⁷ [1/3² - 1/5²]
ν̄ = 1.097 × 10⁷ [1/9 - 1/25]
ν̄ = 1.097 × 10⁷ [0.111 - 0.04]
ν̄ = 1.097 × 10⁷ × 0.071
ν̄ = 7.79 × 10⁵ m⁻¹",,"B","short","2","annual","Calculate the wave number ($\bar{\nu}$) of $H_\alpha$ in Balmer series and second line in Paschen series of hydrogen spectrum.","ms7ehrq2syjmby3n0y0txkjmk185prf3","2024",,,,,,
"chemistry-11","02-atomic-structure","Atomic Structure","2-1-brief-history-of-atomic-models","2.1 Brief History of Atomic Models","m1708k5k2ettdrtrvgfz0q6er185p6gf",,"Federal Board",,"[""Line spectrum shows discrete bright lines corresponding to specific electron transitions between energy levels"",""Each element produces a characteristic line spectrum used for identification"",""Stark effect demonstrates splitting of spectral lines in an external electric field"",""Stark effect proves quantization of atomic energy levels"",""Continuous spectrum contains all wavelengths in a range with no gaps"",""Continuous spectrum produced by hot solids, liquids, or dense gases"",""Line spectra are discontinuous while continuous spectra are smooth and uninterrupted""]",,"false","3","(i) Line Spectrum: A line spectrum consists of discrete, isolated bright lines of specific wavelengths on a dark background. It is produced when light from excited atoms or ions is passed through a prism or diffraction grating. Each line corresponds to a specific energy transition between electron energy levels. Line spectra are characteristic of individual elements and are used for identification.

(ii) Stark Effect: The Stark effect is the splitting or shifting of spectral lines when an external electric field is applied to excited atoms or molecules. The electric field causes the energy levels to split into multiple sub-levels, resulting in the splitting of a single spectral line into multiple lines. This demonstrates the quantization of energy levels.

(iii) Continuous Spectrum: A continuous spectrum consists of all wavelengths of light within a certain range, appearing as a continuous band of colors without any gaps. It is produced by incandescent solids, liquids, or dense gases at high temperature. Unlike line spectra, continuous spectra do not have discrete lines and show a smooth gradation of colors from one end to the other.",,"B","short","9","annual","Briefly describe the following: (i) Line spectrum (ii) Stark effect (iii) Continuous spectrum","ms7ehrq2syjmby3n0y0txkjmk185prf3","2024",,,,,,
"chemistry-11","02-atomic-structure","Atomic Structure","2-1-brief-history-of-atomic-models","2.1 Brief History of Atomic Models","m17b3jv90qxnav3g2z4713edtn8e1cns",,,,"[""Mg2+ has 10 electrons (Mg atomic number 12, minus 2)."",""Al3+ has 10 electrons (Al atomic number 13, minus 3)."",""S2- has 18 electrons (S atomic number 16, plus 2).""]",,"false",,,,,"numerical","2.1-1",,"How many electrons are present in the following species: Mg2+, Al3+, S2- ?","ms7ehrq2syjmby3n0y0txkjmk185prf3",,,"xd71yxypqrmnyrafe9n0ec0w7n8e2e61","Numerical Problems","exercise","Worked Practice","{""blockIndex"":1,""chapterNumber"":2,""subjectSlug"":""chemistry-11""}"
"chemistry-11","02-atomic-structure","Atomic Structure","2-1-brief-history-of-atomic-models","2.1 Brief History of Atomic Models","m174xq5d8mfxvx9404hamqfrsh8e0fbs",,,,"[""Mg2+: 12 protons, 10 electrons, 12 neutrons."",""Cl-: 17 protons, 18 electrons, 18 neutrons (approx., using Cl-35)."",""Al3+: 13 protons, 10 electrons, 14 neutrons (approx., using Al-27)."",""S2-: 16 protons, 18 electrons, 16 neutrons (approx., using S-32).""]",,"false",,,,,"numerical","2.1-2",,"Find out the number of electrons, protons and neutrons of the following species using the atomic number (use the periodic table): Mg2+, Cl-, Al3+, S2-.","ms7ehrq2syjmby3n0y0txkjmk185prf3",,,"xd71yxypqrmnyrafe9n0ec0w7n8e2e61","Numerical Problems","exercise","Worked Practice","{""blockIndex"":2,""chapterNumber"":2,""subjectSlug"":""chemistry-11""}"
"chemistry-11","02-atomic-structure","Atomic Structure","2-1-brief-history-of-atomic-models","2.1 Brief History of Atomic Models","m174jm9ax338j9ec328yy0dfzd8e0k8x",,,,"[""Atomic radius decreases across a period (increasing nuclear charge) and increases down a group (added electron shells)."",""A cation's ionic radius is smaller than its parent atom's (fewer electrons, sometimes lost shell)."",""Down a group, both cation and anion ionic radii increase."",""Nonmetals tend to form anions (negative ions) with larger ionic radii than their neutral atoms.""]",,"false",,,,,"long","2.2-blanks",,"Fill in the blanks about periodic trends in atomic and ionic radius: (1) Across a period left to right, atomic radius generally ___. (2) Down a group, atomic radius tends to ___. (3) When an atom loses electrons to become a cation, its ionic radius ___ compared to its atomic radius. (4) Down a group, the ionic radius of cations tends to ___, while the ionic radius of anions tends to ___. (5) Nonmetals tend to form ___ ions with ___ ionic radii compared to their atomic radii.","ms7ehrq2syjmby3n0y0txkjmk185prf3",,,"xd7cyhafvwm8mgkmqp1bdcnnad8e1gjb","Worked Practice","exercise","Worked Practice","{""blockIndex"":4,""chapterNumber"":2,""subjectSlug"":""chemistry-11""}"
"chemistry-11","02-atomic-structure","Atomic Structure","2-1-brief-history-of-atomic-models","2.1 Brief History of Atomic Models","m1761m0jdr471f5nmjz42xmy358e11vy",,,,,,"false",,"Bohr's model introduced the idea of fixed energy-level orbits for electrons, correctly explaining hydrogen's line spectrum and laying the foundation for quantum mechanical models of the atom.",,,"short","(i)",,"What is the importance of Bohr's atomic model in modern atomic structure?","ms7ehrq2syjmby3n0y0txkjmk185prf3",,,"xd7b9sb533kw68d7ncjg0v39358e1bv1","Exercise 2: Give Short Answer","exercise","Give Short Answer","{""blockIndex"":22,""chapterNumber"":2,""subjectSlug"":""chemistry-11""}"
"chemistry-11","02-atomic-structure","Atomic Structure","2-1-brief-history-of-atomic-models","2.1 Brief History of Atomic Models","m1788qxfe9fp2g5dn81abwkgt98e0n3v",,,,,,"false",,"Protons carry a +1 charge and a mass of about 1 amu; neutrons are neutral (no charge) with a mass of about 1 amu; electrons carry a -1 charge and a negligible mass (about 1/1836 amu).",,,"short","(ii)",,"Explain the charge and mass of the fundamental subatomic particles.","ms7ehrq2syjmby3n0y0txkjmk185prf3",,,"xd7b9sb533kw68d7ncjg0v39358e1bv1","Exercise 2: Give Short Answer","exercise","Give Short Answer","{""blockIndex"":22,""chapterNumber"":2,""subjectSlug"":""chemistry-11""}"
"chemistry-11","02-atomic-structure","Atomic Structure","2-1-brief-history-of-atomic-models","2.1 Brief History of Atomic Models","m174e5hmc7j32pgj6dhbp0yke58e0a5m",,,,,,"false",,"Atomic radius decreases across a period because increasing nuclear charge pulls the same-shell electrons in more tightly; it increases down a group because each element adds a new outer electron shell.",,,"short","(iii)",,"Explain the periodic trends of atomic radius, with justification.","ms7ehrq2syjmby3n0y0txkjmk185prf3",,,"xd7b9sb533kw68d7ncjg0v39358e1bv1","Exercise 2: Give Short Answer","exercise","Give Short Answer","{""blockIndex"":22,""chapterNumber"":2,""subjectSlug"":""chemistry-11""}"
"chemistry-11","02-atomic-structure","Atomic Structure","2-1-brief-history-of-atomic-models","2.1 Brief History of Atomic Models","m17b7jpfgtmhsz694g6ncnryn58e07y2",,,,,,"false",,"Going down a group, more inner electron shells shield the valence electrons from the nucleus, reducing effective nuclear charge felt by them, so atomic radius increases.",,,"short","(iv)",,"How does the shielding effect change the radius of an atom in a group from top to bottom?","ms7ehrq2syjmby3n0y0txkjmk185prf3",,,"xd7b9sb533kw68d7ncjg0v39358e1bv1","Exercise 2: Give Short Answer","exercise","Give Short Answer","{""blockIndex"":22,""chapterNumber"":2,""subjectSlug"":""chemistry-11""}"
"chemistry-11","02-atomic-structure","Atomic Structure","2-1-brief-history-of-atomic-models","2.1 Brief History of Atomic Models","m17d8ar9ms0wdh9zvdnhkz5q4x8e045e",,,,,,"false",,"A cation has lost electrons, reducing electron-electron repulsion and often removing a shell entirely, so remaining electrons are pulled in more tightly. An anion has gained electrons, increasing repulsion and expanding the electron cloud.",,,"short","(v)",,"Why is a cation always smaller than its parent atom, and an anion bigger than its parent atom?","ms7ehrq2syjmby3n0y0txkjmk185prf3",,,"xd7b9sb533kw68d7ncjg0v39358e1bv1","Exercise 2: Give Short Answer","exercise","Give Short Answer","{""blockIndex"":22,""chapterNumber"":2,""subjectSlug"":""chemistry-11""}"
"chemistry-11","02-atomic-structure","Atomic Structure","2-1-brief-history-of-atomic-models","2.1 Brief History of Atomic Models","m17ftcmc225zzqaaw3ad6xgzj98e0j0q",,,,,,"false",,"Each spectral series (Lyman, Balmer, Paschen, Brackett, Pfund) arises from electron transitions ending at a particular energy level (n=1, 2, 3, 4, 5 respectively); the energy released as a photon when the electron falls to that level determines the series.",,,"short","(vi)",,"Explain how different spectral series originate in the hydrogen spectrum.","ms7ehrq2syjmby3n0y0txkjmk185prf3",,,"xd7b9sb533kw68d7ncjg0v39358e1bv1","Exercise 2: Give Short Answer","exercise","Give Short Answer","{""blockIndex"":22,""chapterNumber"":2,""subjectSlug"":""chemistry-11""}"
"chemistry-11","02-atomic-structure","Atomic Structure","2-1-brief-history-of-atomic-models","2.1 Brief History of Atomic Models","m17001h1kjxmwevbn1q2rn8yh98e1kst",,,,"[""An artistic representation should show the nucleus (protons and neutrons) and electrons arranged in shells/orbitals around it."",""Encourages visualising relative sizes and the shell structure of an atom.""]",,"false",,,,,"long","1",,"Express the atomic structure through art.","ms7ehrq2syjmby3n0y0txkjmk185prf3",,,"xd7b2yhp06kr8s08sgsvpb5c918e0f56","Activity","exercise","Activity","{""blockIndex"":23,""chapterNumber"":2,""subjectSlug"":""chemistry-11""}"
"chemistry-11","02-atomic-structure","Atomic Structure","2-2-quantum-numbers","2.2 Quantum Numbers","m173s4cxn4frsns3zt6cgttp4185q11f",,"Federal Board",,"[""Shell defined by principal quantum number $n$ with capacity $2n^2$ electrons"",""Sub-shell defined by azimuthal quantum number $l$ (s, p, d, f) within each shell"",""Orbital is the probability region with specific shape determined by quantum numbers"",""Hierarchical relationship: shell contains sub-shells, sub-shells contain orbitals""]",,"false","3","A **shell** is the main energy level of an atom, designated by the principal quantum number $n$ (where $n = 1, 2, 3, ...$), with maximum capacity of $2n^2$ electrons. A **sub-shell** is a subdivision within a shell, characterized by the azimuthal quantum number $l$ (s, p, d, f), each holding a specific maximum number of electrons. An **orbital** is the three-dimensional region around the nucleus where the probability of finding an electron is maximum, with distinct shapes (spherical for s, dumbbell for p, cloverleaf for d) determined by quantum numbers.",,"B","short","10","annual","Briefly describe the terms 'shell', 'sub-shell' and 'orbital'.","ms7aj8q22dbqpz4hvt7xatpgt185q2mx","2025",,,,,,
"chemistry-11","02-atomic-structure","Atomic Structure","2-2-quantum-numbers","2.2 Quantum Numbers","m174qpf6d40jkr107mfjx64p9185pdk5","true","Federal Board","Option A is correct: $n=2, l=0, m=0$.","[""Principal quantum number n must be ≥ 1"",""Azimuthal quantum number l must satisfy: 0 ≤ l < n"",""Magnetic quantum number ml must satisfy: -l ≤ ml ≤ +l"",""Spin quantum number ms can only be +1/2 or -1/2"",""The most common error is l ≥ n or ml outside its allowed range"",""Each set must satisfy all four quantum number rules simultaneously""]",,"false","1","To determine which set of quantum numbers is incorrect, we must apply the rules for quantum numbers:

1. Principal quantum number (n): n = 1, 2, 3, ...
2. Azimuthal quantum number (l): l = 0, 1, 2, ..., (n-1)
3. Magnetic quantum number (ml): ml = -l, -l+1, ..., 0, ..., +l-1, +l
4. Spin quantum number (ms): ms = +1/2 or -1/2

Without seeing the specific options provided in the question, the most common incorrect sets involve:
- l ≥ n (violates the rule that l must be less than n)
- ml values outside the range -l to +l
- ms values other than ±1/2
- n = 0 (n must be at least 1)

For example, if one option is (n=2, l=2, ml=0, ms=+1/2), this would be incorrect because l cannot equal n; l must be less than n.

To answer this question accurately, please provide the answer options given in the original question.","[{""key"":""A"",""text"":""$n=2, l=0, m=0$""},{""key"":""B"",""text"":""$n=3, l=1, m=0$""},{""key"":""C"",""text"":""$n=3, l=2, m=2$""},{""key"":""D"",""text"":""$n=4, l=1, m=2$""}]","MCQ","mcq","3","annual","Which of the following sets of quantum numbers is incorrect for an electron?","ms7aj8q22dbqpz4hvt7xatpgt185q2mx","2022","A",,,,,
"chemistry-11","02-atomic-structure","Atomic Structure","2-2-quantum-numbers","2.2 Quantum Numbers","m17dwwbefq8h9k9kvdxcgnjmd985qtem","true","Federal Board",,"[""Azimuthal quantum number (l) determines orbital shape and angular momentum"",""Values range from 0 to (n-1)"",""Corresponds to subshells: s(0), p(1), d(2), f(3)"",""Number of orbitals in subshell = 2l+1"",""Maximum electrons in subshell = 2(2l+1)"",""Each orbital holds maximum 2 electrons"",""Helps predict electron capacity of each subshell""]",,"false","3","The azimuthal quantum number (l) is a quantum number that determines the shape of an orbital and the angular momentum of an electron in an atom. It can take values from 0 to (n-1), where n is the principal quantum number. Different values of l correspond to different subshells: l=0 (s), l=1 (p), l=2 (d), and l=3 (f). Each subshell contains a specific number of orbitals determined by the formula (2l+1). Since each orbital can hold a maximum of 2 electrons, the maximum number of electrons in a subshell is 2(2l+1). For example, in a p subshell (l=1): number of orbitals = 2(1)+1 = 3, so maximum electrons = 2×3 = 6 electrons. Similarly, in a d subshell (l=2): number of orbitals = 2(2)+1 = 5, so maximum electrons = 2×5 = 10 electrons.",,"B","short","5","annual","Briefly explain **azimuthal quantum number**. How does it help to determine the number of electrons in a subshell?","ms7aj8q22dbqpz4hvt7xatpgt185q2mx","2022",,,,,,
"chemistry-11","02-atomic-structure","Atomic Structure","2-2-quantum-numbers","2.2 Quantum Numbers","m17f6xnkrf878hg14mbv2tfqm985qwkk","true","Federal Board","The third line of Balmer series appears due to the transition of electron from n=5 to n=2. In the Balmer series, electrons transition to the n=2 energy level. The first line corresponds to n=3→n=2, the second line to n=4→n=2, and the third line to n=5→n=2.","[""Balmer series involves transitions ending at n=2"",""Third line of Balmer series: electron transitions from n=5 to n=2"",""The line number corresponds to the initial energy level minus 2"",""This transition produces a specific wavelength in the visible spectrum""]",,"false","1","The third line of Balmer series appears due to the transition of electron from n=5 to n=2. In the Balmer series, electrons transition to the n=2 energy level. The first line corresponds to n=3→n=2, the second line to n=4→n=2, and the third line to n=5→n=2.","[{""key"":""A"",""text"":""$n_3 \\rightarrow n_1$""},{""key"":""B"",""text"":""$n_4 \\rightarrow n_2$""},{""key"":""C"",""text"":""$n_5 \\rightarrow n_2$""},{""key"":""D"",""text"":""$n_5 \\rightarrow n_1$""}]","MCQ","mcq","5","annual","The third line of Balmer series appears due to the transition of electron from:","ms7aj8q22dbqpz4hvt7xatpgt185q2mx","2024","A",,,,,
"chemistry-11","02-atomic-structure","Atomic Structure","2-2-quantum-numbers","2.2 Quantum Numbers","m178b20xpmn0qga7v6pk6nfx8n85p18k","true","Federal Board",,"[""Wave number calculated using Rydberg formula: ν̄ = R_H [1/n₁² - 1/n₂²]"",""Rydberg constant R_H = 1.097 × 10⁷ m⁻¹"",""Balmer series has n₁ = 2; H_α is first line with n₂ = 3"",""H_α wave number = 1.52 × 10⁶ m⁻¹"",""Paschen series has n₁ = 3; second line has n₂ = 5"",""Paschen second line wave number = 7.79 × 10⁵ m⁻¹""]",,"false","3","The wave number (ν̄) is calculated using the Rydberg formula:

ν̄ = R_H [1/n₁² - 1/n₂²]

where R_H = 1.097 × 10⁷ m⁻¹

**For H_α in Balmer series:**
- Balmer series: n₁ = 2
- H_α is the first line: n₂ = 3

ν̄ = 1.097 × 10⁷ [1/2² - 1/3²]
ν̄ = 1.097 × 10⁷ [1/4 - 1/9]
ν̄ = 1.097 × 10⁷ [0.25 - 0.111]
ν̄ = 1.097 × 10⁷ × 0.139
ν̄ = 1.52 × 10⁶ m⁻¹

**For second line in Paschen series:**
- Paschen series: n₁ = 3
- Second line: n₂ = 5

ν̄ = 1.097 × 10⁷ [1/3² - 1/5²]
ν̄ = 1.097 × 10⁷ [1/9 - 1/25]
ν̄ = 1.097 × 10⁷ [0.111 - 0.04]
ν̄ = 1.097 × 10⁷ × 0.071
ν̄ = 7.79 × 10⁵ m⁻¹",,"B","short","2","annual","Calculate the wave number ($\bar{\nu}$) of $H_\alpha$ in Balmer series and second line in Paschen series of hydrogen spectrum.","ms7aj8q22dbqpz4hvt7xatpgt185q2mx","2024",,,,,,
"chemistry-11","02-atomic-structure","Atomic Structure","2-2-quantum-numbers","2.2 Quantum Numbers","m170c9pqp22r96qjweacqphzbx85q6v4","true","Federal Board",,"[""Azimuthal quantum number (l) determines the number of orbitals in a subshell: l = 0 for s (1 orbital), l = 1 for p (3 orbitals)"",""Each orbital can hold maximum 2 electrons with opposite spins (Pauli exclusion principle)"",""s-orbital: 1 orbital × 2 electrons = 2 electrons maximum"",""p-orbitals: 3 orbitals × 2 electrons each = 6 electrons maximum"",""The three p-orbitals (px, py, pz) are oriented along mutually perpendicular axes""]",,"false","3","The azimuthal quantum number (l) determines the shape and number of orbitals within a subshell. For s-orbitals, l = 0, meaning there is only one s-orbital per shell. Since each orbital can hold a maximum of 2 electrons (one with spin up and one with spin down), s-orbitals accommodate 2 electrons maximum. For p-orbitals, l = 1, which allows three distinct p-orbitals (px, py, pz) oriented along three perpendicular axes. With 2 electrons per orbital, three p-orbitals can accommodate 3 × 2 = 6 electrons maximum.",,"B","short","4","annual","Justify the following statements with reference to azimuthal quantum number: (i) s-orbital has maximum two e⁻ (ii) p-orbital can accommodate maximum six electrons.","ms7aj8q22dbqpz4hvt7xatpgt185q2mx","2024",,,,,,
"chemistry-11","02-atomic-structure","Atomic Structure","2-2-quantum-numbers","2.2 Quantum Numbers","m179jav4wada6ga96c0w4tnwjx8e18hv",,,"The magnetic quantum number (ml) describes the orientation of an orbital in 3D space.",,,"false",,,"[{""key"":""A"",""text"":""principal quantum number""},{""key"":""B"",""text"":""azimuthal quantum number""},{""key"":""C"",""text"":""magnetic quantum number""},{""key"":""D"",""text"":""spin quantum number""}]","MCQ","mcq","(x)",,"Which quantum number explains the splitting (orientation) of orbitals in three-dimensional space?","ms7aj8q22dbqpz4hvt7xatpgt185q2mx",,"C","xd76eg7k32rq12ebnk4061x30h8e1d94","Exercise 2: Choose the Correct Answer","exercise","Choose the Correct Answer","{""blockIndex"":22,""chapterNumber"":2,""subjectSlug"":""chemistry-11""}"
"chemistry-11","02-atomic-structure","Atomic Structure","2-2-quantum-numbers","2.2 Quantum Numbers","m17ee2dwqe5hweprc2eecjbyz98e1rth",,,,,,"false",,"The magnetic quantum number (ml) describes the orientation of an orbital in space, ranging from -l to +l. For an s orbital, l=0, so ml can only be 0, meaning there is only one possible orientation (spherical, no directional preference).",,,"short","(vii)",,"Explain the magnetic quantum number in detail. Why does the s orbital have only one value of the magnetic quantum number?","ms7aj8q22dbqpz4hvt7xatpgt185q2mx",,,"xd7b9sb533kw68d7ncjg0v39358e1bv1","Exercise 2: Give Short Answer","exercise","Give Short Answer","{""blockIndex"":22,""chapterNumber"":2,""subjectSlug"":""chemistry-11""}"
"chemistry-11","02-atomic-structure","Atomic Structure","2-2-quantum-numbers","2.2 Quantum Numbers","m170e8x6r6ra0pshc982mwdrsn8e0qbb",,,,"[""Principal quantum number (n): the shell number and overall energy level."",""Azimuthal quantum number (l): the subshell/orbital shape (s, p, d, f)."",""Magnetic quantum number (ml): the orientation of the orbital in space."",""Spin quantum number (ms): the electron's spin direction, +1/2 or -1/2.""]",,"false",,,,,"long","3",,"Explain quantum numbers in detail.","ms7aj8q22dbqpz4hvt7xatpgt185q2mx",,,"xd7dwax07myg8m18pk4dfxvmh58e0kv2","Exercise 2: Long Answer","exercise","Long Answer","{""blockIndex"":22,""chapterNumber"":2,""subjectSlug"":""chemistry-11""}"
"chemistry-11","02-atomic-structure","Atomic Structure","2-3-rules-of-electronic-configuration","2.3 Rules of Electronic Configuration","m17aq5rp00ky1nxtb9ypqdzwdn85qtrh","true","Federal Board",,"[""Correctly identifies atomic number and determines electron count for neutral atom"",""For cations: removes electrons from outermost shell first (4s before 3d)"",""For anions: adds electrons to outermost shell"",""Writes complete or noble gas notation correctly"",""Applies aufbau principle and orbital filling order accurately""]",,"false","3","**$_{29}Cu^{+2}$:** Start with neutral Cu (29 electrons): $1s^2 2s^2 2p^6 3s^2 3p^6 3d^{10} 4s^1$. Remove 2 electrons from the outermost shell (4s first, then 3d): $1s^2 2s^2 2p^6 3s^2 3p^6 3d^9$ or $[Ar] 3d^9$

**$_{33}As$:** Neutral arsenic has 33 electrons: $1s^2 2s^2 2p^6 3s^2 3p^6 3d^{10} 4s^2 4p^3$ or $[Ar] 3d^{10} 4s^2 4p^3$

**$_{35}Br^{-1}$:** Start with neutral Br (35 electrons): $1s^2 2s^2 2p^6 3s^2 3p^6 3d^{10} 4s^2 4p^5$. Add 1 electron to the outermost shell (4p): $1s^2 2s^2 2p^6 3s^2 3p^6 3d^{10} 4s^2 4p^6$ or $[Ar] 3d^{10} 4s^2 4p^6$ or $[Kr]$",,"B","short","1","annual","Write down electronic configuration of: $_{29}Cu^{+2}$, $_{33}As$, $_{35}Br^{-1}$","ms74z9sy4ygn2xday4k1qwkdqh85pp2p","2025",,,,,,
"chemistry-11","02-atomic-structure","Atomic Structure","2-3-rules-of-electronic-configuration","2.3 Rules of Electronic Configuration","m1719s2dhrdccra9hd50xqjkk985q958","true","Federal Board",,"[""Correctly calculates n+l values for each orbital pair"",""Applies rule that lower n+l value indicates lower energy"",""When n+l values are equal, correctly identifies orbital with lower n as having lower energy"",""Identifies correct lower-energy orbital in all three pairs: 4s, 2p, and 4s respectively""]",,"false","3","The **n+l rule** (Aufbau principle) states that orbitals with lower values of (n+l) have lower energy; if (n+l) values are equal, the orbital with lower n has lower energy. Applying this rule: (i) 3d: n+l = 3+2 = 5; 4s: n+l = 4+0 = 4. Since 4 < 5, **4s has lower energy**. (ii) 2p: n+l = 2+1 = 3; 3s: n+l = 3+0 = 3. Both equal 3, so lower n wins: **2p has lower energy**. (iii) 6p: n+l = 6+1 = 7; 4s: n+l = 4+0 = 4. Since 4 < 7, **4s has lower energy**.",,"B","short","20","annual","Apply the **$n+l$ rule** and pick the orbital with the lower energy from each of the given pairs: (i) $3d, 4s$ (ii) $2p, 3s$ (iii) $6p, 4s$.","ms74z9sy4ygn2xday4k1qwkdqh85pp2p","2022",,,,,,
"chemistry-11","02-atomic-structure","Atomic Structure","2-3-rules-of-electronic-configuration","2.3 Rules of Electronic Configuration","m170c9pqp22r96qjweacqphzbx85q6v4","true","Federal Board",,"[""Azimuthal quantum number (l) determines the number of orbitals in a subshell: l = 0 for s (1 orbital), l = 1 for p (3 orbitals)"",""Each orbital can hold maximum 2 electrons with opposite spins (Pauli exclusion principle)"",""s-orbital: 1 orbital × 2 electrons = 2 electrons maximum"",""p-orbitals: 3 orbitals × 2 electrons each = 6 electrons maximum"",""The three p-orbitals (px, py, pz) are oriented along mutually perpendicular axes""]",,"false","3","The azimuthal quantum number (l) determines the shape and number of orbitals within a subshell. For s-orbitals, l = 0, meaning there is only one s-orbital per shell. Since each orbital can hold a maximum of 2 electrons (one with spin up and one with spin down), s-orbitals accommodate 2 electrons maximum. For p-orbitals, l = 1, which allows three distinct p-orbitals (px, py, pz) oriented along three perpendicular axes. With 2 electrons per orbital, three p-orbitals can accommodate 3 × 2 = 6 electrons maximum.",,"B","short","4","annual","Justify the following statements with reference to azimuthal quantum number: (i) s-orbital has maximum two e⁻ (ii) p-orbital can accommodate maximum six electrons.","ms74z9sy4ygn2xday4k1qwkdqh85pp2p","2024",,,,,,
"chemistry-11","02-atomic-structure","Atomic Structure","2-3-rules-of-electronic-configuration","2.3 Rules of Electronic Configuration","m17cmw2ahz75t2hn29p9h5sm1n8e12ak",,,,"[""Filling order by Aufbau principle: 1s(2), 2s(2), 2p(6), 3s(2) accounts for electrons 1-10; the 11th electron enters the 3s orbital (sodium's configuration ends 3s1).""]",,"false",,,,,"long","2.4-1",,"In which orbital of the atom will the 11th electron be configured?","ms74z9sy4ygn2xday4k1qwkdqh85pp2p",,,"xd7cyhafvwm8mgkmqp1bdcnnad8e1gjb","Worked Practice","exercise","Worked Practice","{""blockIndex"":6,""chapterNumber"":2,""subjectSlug"":""chemistry-11""}"
"chemistry-11","02-atomic-structure","Atomic Structure","2-3-rules-of-electronic-configuration","2.3 Rules of Electronic Configuration","m17263qh4hrtqfvpp6f9dndtzs8e09ww",,,,"[""Using the (n+l) rule, the increasing energy order is 4s < 3d < 4p < 5s.""]",,"false",,,,,"long","2.4-2",,"Place these orbitals in increasing energy order: 5s, 4p, 4s, 3d.","ms74z9sy4ygn2xday4k1qwkdqh85pp2p",,,"xd7cyhafvwm8mgkmqp1bdcnnad8e1gjb","Worked Practice","exercise","Worked Practice","{""blockIndex"":6,""chapterNumber"":2,""subjectSlug"":""chemistry-11""}"
"chemistry-11","02-atomic-structure","Atomic Structure","2-3-rules-of-electronic-configuration","2.3 Rules of Electronic Configuration","m178ba6dcqb8jbx0jap54h0b7d8e1h9f",,,,"[""Using (n+l) values, 3d (n+l=5) is lower energy than 4s is filled first but 3d has higher (n+l); for comparison pairs given (5f/6p, 5s/4d) apply the same (n+l) rule to rank energy.""]",,"false",,,,,"long","2.5-q",,"Which of the following orbitals have greater energy? 1. 4s or 3d, 2. 4p or 4d","ms74z9sy4ygn2xday4k1qwkdqh85pp2p",,,"xd7cyhafvwm8mgkmqp1bdcnnad8e1gjb","Worked Practice","exercise","Worked Practice","{""blockIndex"":8,""chapterNumber"":2,""subjectSlug"":""chemistry-11""}"
"chemistry-11","02-atomic-structure","Atomic Structure","2-3-rules-of-electronic-configuration","2.3 Rules of Electronic Configuration","m171jwb3jtftjmarnas5yv5cdx8e1n4z",,,,"[""(n+l) for 5f = 5+3 = 8; for 6p = 6+1 = 7. Lower (n+l) means lower energy, so 6p is lower energy and 5f is higher energy.""]",,"false",,,,,"long","2.5-3",,"Which has greater energy, 5f or 6p?","ms74z9sy4ygn2xday4k1qwkdqh85pp2p",,,"xd7cyhafvwm8mgkmqp1bdcnnad8e1gjb","Worked Practice","exercise","Worked Practice","{""blockIndex"":9,""chapterNumber"":2,""subjectSlug"":""chemistry-11""}"
"chemistry-11","02-atomic-structure","Atomic Structure","2-3-rules-of-electronic-configuration","2.3 Rules of Electronic Configuration","m1745fsgpd189z2raemayachxd8e0ty6",,,,"[""(n+l) for 5s = 5+0 = 5; for 4d = 4+2 = 6. Lower (n+l) means lower energy, so 5s is lower energy and 4d is higher energy.""]",,"false",,,,,"long","2.5-4",,"Which has greater energy, 5s or 4d?","ms74z9sy4ygn2xday4k1qwkdqh85pp2p",,,"xd7cyhafvwm8mgkmqp1bdcnnad8e1gjb","Worked Practice","exercise","Worked Practice","{""blockIndex"":9,""chapterNumber"":2,""subjectSlug"":""chemistry-11""}"
"chemistry-11","02-atomic-structure","Atomic Structure","2-3-rules-of-electronic-configuration","2.3 Rules of Electronic Configuration","m176zfr4j9qce43bwyd5am75a58e1vjc",,,"A d subshell has 5 orbitals, each holding 2 electrons, for a maximum of 10.",,,"false",,,"[{""key"":""A"",""text"":""s""},{""key"":""B"",""text"":""p""},{""key"":""C"",""text"":""d""},{""key"":""D"",""text"":""f""}]","MCQ","mcq","(ii)",,"Which subshell can hold a maximum of 10 electrons?","ms74z9sy4ygn2xday4k1qwkdqh85pp2p",,"C","xd76eg7k32rq12ebnk4061x30h8e1d94","Exercise 2: Choose the Correct Answer","exercise","Choose the Correct Answer","{""blockIndex"":21,""chapterNumber"":2,""subjectSlug"":""chemistry-11""}"
"chemistry-11","02-atomic-structure","Atomic Structure","2-3-rules-of-electronic-configuration","2.3 Rules of Electronic Configuration","m17azkh1ww5g4whpgztak5dsqn8e11tb",,,"By Hund's rule, all 5 electrons in 3d5 occupy separate orbitals with parallel spin, giving 5 unpaired electrons.",,,"false",,,"[{""key"":""A"",""text"":""0""},{""key"":""B"",""text"":""1""},{""key"":""C"",""text"":""2""},{""key"":""D"",""text"":""5""}]","MCQ","mcq","(iii)",,"How many unpaired electrons are there in the electron configuration 3d5?","ms74z9sy4ygn2xday4k1qwkdqh85pp2p",,"D","xd76eg7k32rq12ebnk4061x30h8e1d94","Exercise 2: Choose the Correct Answer","exercise","Choose the Correct Answer","{""blockIndex"":21,""chapterNumber"":2,""subjectSlug"":""chemistry-11""}"
"chemistry-11","02-atomic-structure","Atomic Structure","2-3-rules-of-electronic-configuration","2.3 Rules of Electronic Configuration","m1793x3kpmnse300tc6ztq1c418e07kv",,,"Hund's rule states electrons occupy degenerate orbitals singly, with parallel spins, before pairing.",,,"false",,,"[{""key"":""A"",""text"":""Auf Bau principle""},{""key"":""B"",""text"":""Pauli exclusion principle""},{""key"":""C"",""text"":""Hund's rule""},{""key"":""D"",""text"":""Fajan's rule""}]","MCQ","mcq","(ix)",,"Electrons tend to reside separately in degenerate orbitals; this is called:","ms74z9sy4ygn2xday4k1qwkdqh85pp2p",,"C","xd76eg7k32rq12ebnk4061x30h8e1d94","Exercise 2: Choose the Correct Answer","exercise","Choose the Correct Answer","{""blockIndex"":22,""chapterNumber"":2,""subjectSlug"":""chemistry-11""}"
"chemistry-11","02-atomic-structure","Atomic Structure","2-3-rules-of-electronic-configuration","2.3 Rules of Electronic Configuration","m17c156tmysay81s7g3k57vv4n8e0rej",,,,,,"false",,"By the Pauli exclusion principle, no two electrons in an atom can have identical sets of all four quantum numbers; two electrons in the same orbital share n, l and ml, so they must have opposite spins to remain distinguishable.",,,"short","(viii)",,"Why can two electrons with the same spin not reside in the same orbital?","ms74z9sy4ygn2xday4k1qwkdqh85pp2p",,,"xd7b9sb533kw68d7ncjg0v39358e1bv1","Exercise 2: Give Short Answer","exercise","Give Short Answer","{""blockIndex"":22,""chapterNumber"":2,""subjectSlug"":""chemistry-11""}"
"chemistry-11","02-atomic-structure","Atomic Structure","2-3-rules-of-electronic-configuration","2.3 Rules of Electronic Configuration","m17c8qr5en1kxzepdfd6xz971n8e1wy2",,,,,,"false",,"By the (n+l) rule, 4s has n+l = 4+0 = 4, while 3d has n+l = 3+2 = 5; a lower (n+l) sum means lower energy, so 4s fills before 3d and has lower energy than 3d.",,,"short","(ix)",,"Why does the 3d orbital have greater energy than the 4s orbital? Explain using the (n+l) rule.","ms74z9sy4ygn2xday4k1qwkdqh85pp2p",,,"xd7b9sb533kw68d7ncjg0v39358e1bv1","Exercise 2: Give Short Answer","exercise","Give Short Answer","{""blockIndex"":22,""chapterNumber"":2,""subjectSlug"":""chemistry-11""}"
"chemistry-11","02-atomic-structure","Atomic Structure","2-3-rules-of-electronic-configuration","2.3 Rules of Electronic Configuration","m173mj7jh0b83jp9yxc48b9cp18e1r6b",,,,"[""Aufbau principle: electrons fill orbitals in order of increasing energy (n+l rule)."",""Pauli exclusion principle: no two electrons in an atom can share all four quantum numbers."",""Hund's rule: electrons occupy degenerate orbitals singly with parallel spin before pairing.""]",,"false",,,,,"long","5",,"Describe the different rules adopted for the electronic configuration of elements.","ms74z9sy4ygn2xday4k1qwkdqh85pp2p",,,"xd7dwax07myg8m18pk4dfxvmh58e0kv2","Exercise 2: Long Answer","exercise","Long Answer","{""blockIndex"":22,""chapterNumber"":2,""subjectSlug"":""chemistry-11""}"
"chemistry-11","02-atomic-structure","Atomic Structure","2-4-determination-of-electronic-configuration-of-atoms-and-ions-with-proton-or-electron-number-and-charge","2.4 Determining Electronic Configuration of Atoms and Ions","m17enwnnqps5nkpnrq0eyb79zx85p7qm","true","Federal Board","The element has atomic number 14 (total electrons: 2 + 8 + 4 = 14), which is Silicon (Si). It is located in **Period 3, Group 14** of the periodic table. Silicon has 4 valence electrons in its outermost shell (3s²3p²), placing it in Group 14 (or Group IVA in older notation).","[""Correctly counts total electrons from configuration: 1s² (2) + 2s²2p⁶ (8) + 3s²3p² (4) = 14 electrons"",""Identifies atomic number as 14, corresponding to Silicon (Si)"",""Correctly identifies Period 3 (highest principal quantum number n=3)"",""Correctly identifies Group 14 (4 valence electrons in outermost shell)"",""Recognizes that valence configuration 3s²3p² determines group placement""]",,"false","1","The element has atomic number 14 (total electrons: 2 + 8 + 4 = 14), which is Silicon (Si). It is located in **Period 3, Group 14** of the periodic table. Silicon has 4 valence electrons in its outermost shell (3s²3p²), placing it in Group 14 (or Group IVA in older notation).","[{""key"":""A"",""text"":""In Group-1 (I-A)""},{""key"":""B"",""text"":""In Group-2 (II-A)""},{""key"":""C"",""text"":""In Group-13 (III-A)""},{""key"":""D"",""text"":""In Group-14 (IV-A)""}]","MCQ","unclassified","8","annual","Position of an element in periodic table with electronic configuration $1s^2, 2s^2p^6, 3s^2p^2$ is:","ms756ftvbxxq2kjqnr8h4bppm185qwde","2025",,,,,,
"chemistry-11","02-atomic-structure","Atomic Structure","2-4-determination-of-electronic-configuration-of-atoms-and-ions-with-proton-or-electron-number-and-charge","2.4 Determining Electronic Configuration of Atoms and Ions","m17aq5rp00ky1nxtb9ypqdzwdn85qtrh","true","Federal Board",,"[""Correctly identifies atomic number and determines electron count for neutral atom"",""For cations: removes electrons from outermost shell first (4s before 3d)"",""For anions: adds electrons to outermost shell"",""Writes complete or noble gas notation correctly"",""Applies aufbau principle and orbital filling order accurately""]",,"false","3","**$_{29}Cu^{+2}$:** Start with neutral Cu (29 electrons): $1s^2 2s^2 2p^6 3s^2 3p^6 3d^{10} 4s^1$. Remove 2 electrons from the outermost shell (4s first, then 3d): $1s^2 2s^2 2p^6 3s^2 3p^6 3d^9$ or $[Ar] 3d^9$

**$_{33}As$:** Neutral arsenic has 33 electrons: $1s^2 2s^2 2p^6 3s^2 3p^6 3d^{10} 4s^2 4p^3$ or $[Ar] 3d^{10} 4s^2 4p^3$

**$_{35}Br^{-1}$:** Start with neutral Br (35 electrons): $1s^2 2s^2 2p^6 3s^2 3p^6 3d^{10} 4s^2 4p^5$. Add 1 electron to the outermost shell (4p): $1s^2 2s^2 2p^6 3s^2 3p^6 3d^{10} 4s^2 4p^6$ or $[Ar] 3d^{10} 4s^2 4p^6$ or $[Kr]$",,"B","short","1","annual","Write down electronic configuration of: $_{29}Cu^{+2}$, $_{33}As$, $_{35}Br^{-1}$","ms756ftvbxxq2kjqnr8h4bppm185qwde","2025",,,,,,
"chemistry-11","02-atomic-structure","Atomic Structure","2-4-determination-of-electronic-configuration-of-atoms-and-ions-with-proton-or-electron-number-and-charge","2.4 Determining Electronic Configuration of Atoms and Ions","m1723rkp2ds83gtmbdq868v8bh8e1svb",,,,"[""Sc (Z=21): [Ar] 3d1 4s2; last electron n=3, l=2, ml=-2, ms=+1/2."",""Cr (Z=24): [Ar] 3d5 4s1 (exception, half-filled stability); last electron n=3, l=2, ml=+2, ms=+1/2."",""Mn (Z=25): [Ar] 3d5 4s2; last electron n=3, l=2, ml=+2, ms=-1/2."",""Zn (Z=30): [Ar] 3d10 4s2; last electron n=3, l=2, ml=+2, ms=-1/2 (completing 3d10).""]",,"false",,,,,"long","2.5b-1",,"Write down the electronic configuration of the following elements, representing all four quantum numbers for the last electron: (a) Sc (Z=21) (b) Cr (Z=24) (c) Mn (Z=25) (d) Zn (Z=30).","ms756ftvbxxq2kjqnr8h4bppm185qwde",,,"xd7cyhafvwm8mgkmqp1bdcnnad8e1gjb","Worked Practice","exercise","Worked Practice","{""blockIndex"":11,""chapterNumber"":2,""subjectSlug"":""chemistry-11""}"
"chemistry-11","02-atomic-structure","Atomic Structure","2-4-determination-of-electronic-configuration-of-atoms-and-ions-with-proton-or-electron-number-and-charge","2.4 Determining Electronic Configuration of Atoms and Ions","m175td6zd2w8b036gdzchqyzk98e0egg",,,,"[""Na+: 1s2 2s2 2p6 (10 electrons, same as Ne)."",""Cl-: 1s2 2s2 2p6 3s2 3p6 (18 electrons, same as Ar)."",""Ca2+: 1s2 2s2 2p6 3s2 3p6 (18 electrons, same as Ar).""]",,"false",,,,,"long","2.5b-2",,"Write down the electronic configuration of the following ions: (a) Na+ (b) Cl- (c) Ca2+.","ms756ftvbxxq2kjqnr8h4bppm185qwde",,,"xd7cyhafvwm8mgkmqp1bdcnnad8e1gjb","Worked Practice","exercise","Worked Practice","{""blockIndex"":11,""chapterNumber"":2,""subjectSlug"":""chemistry-11""}"
"chemistry-11","02-atomic-structure","Atomic Structure","2-4-determination-of-electronic-configuration-of-atoms-and-ions-with-proton-or-electron-number-and-charge","2.4 Determining Electronic Configuration of Atoms and Ions","m170yb4jawchet94hmhy00rthn8e0e8v",,,"1s2 2s2 2p6 is 10 electrons total, the configuration of neon.",,,"false",,,"[{""key"":""A"",""text"":""Carbon (C)""},{""key"":""B"",""text"":""Oxygen (O)""},{""key"":""C"",""text"":""Neon (Ne)""},{""key"":""D"",""text"":""Helium (He)""}]","MCQ","mcq","(i)",,"What does the electron configuration 1s2 2s2 2p6 represent?","ms756ftvbxxq2kjqnr8h4bppm185qwde",,"C","xd76eg7k32rq12ebnk4061x30h8e1d94","Exercise 2: Choose the Correct Answer","exercise","Choose the Correct Answer","{""blockIndex"":21,""chapterNumber"":2,""subjectSlug"":""chemistry-11""}"
"chemistry-11","02-atomic-structure","Atomic Structure","2-4-determination-of-electronic-configuration-of-atoms-and-ions-with-proton-or-electron-number-and-charge","2.4 Determining Electronic Configuration of Atoms and Ions","m17a8kkavp67ygp5erjxkmzp6n8e1pxa",,,"Total electrons = 28, matching nickel (Z=28), whose configuration ends 4s2 3d8.",,,"false",,,"[{""key"":""A"",""text"":""Iron (Fe)""},{""key"":""B"",""text"":""Zinc (Zn)""},{""key"":""C"",""text"":""Nickel (Ni)""},{""key"":""D"",""text"":""Copper (Cu)""}]","MCQ","mcq","(iv)",,"Which element has the electron configuration 1s2 2s2 2p6 3s2 3p6 4s2 3d8?","ms756ftvbxxq2kjqnr8h4bppm185qwde",,"C","xd76eg7k32rq12ebnk4061x30h8e1d94","Exercise 2: Choose the Correct Answer","exercise","Choose the Correct Answer","{""blockIndex"":21,""chapterNumber"":2,""subjectSlug"":""chemistry-11""}"
"chemistry-11","02-atomic-structure","Atomic Structure","2-4-determination-of-electronic-configuration-of-atoms-and-ions-with-proton-or-electron-number-and-charge","2.4 Determining Electronic Configuration of Atoms and Ions","m1759fsppnx6kkyvtf9vn15m8h8e11bh",,,"Cl- has 18 electrons (17 + 1), giving the argon-like configuration 1s2 2s2 2p6 3s2 3p6.",,,"false",,,"[{""key"":""A"",""text"":""1s2 2s2 2p6 3s2 3p6""},{""key"":""B"",""text"":""1s2 2s2 2p6 3s2 3p5""},{""key"":""C"",""text"":""1s2 2s2 2p6 3s2 3p7""},{""key"":""D"",""text"":""1s2 2s2 2p6 3s2 3p8""}]","MCQ","mcq","(v)",,"What is the electron configuration of a chlorine ion (Cl-)?","ms756ftvbxxq2kjqnr8h4bppm185qwde",,"A","xd76eg7k32rq12ebnk4061x30h8e1d94","Exercise 2: Choose the Correct Answer","exercise","Choose the Correct Answer","{""blockIndex"":21,""chapterNumber"":2,""subjectSlug"":""chemistry-11""}"
"chemistry-11","02-atomic-structure","Atomic Structure","2-4-determination-of-electronic-configuration-of-atoms-and-ions-with-proton-or-electron-number-and-charge","2.4 Determining Electronic Configuration of Atoms and Ions","m17dg6sxqk203fghy61xc9n1fn8e0b7z",,,,"[""Requires applying the Aufbau principle sequentially from hydrogen (Z=1) through xenon (Z=54), filling 1s through 5p subshells in (n+l) order.""]",,"false",,,,,"long","3",,"Draw the electronic configuration of all elements up to xenon (Xe).","ms756ftvbxxq2kjqnr8h4bppm185qwde",,,"xd7b2yhp06kr8s08sgsvpb5c918e0f56","Activity","exercise","Activity","{""blockIndex"":23,""chapterNumber"":2,""subjectSlug"":""chemistry-11""}"
"chemistry-11","02-atomic-structure","Atomic Structure","2-5-shapes-of-orbitals","2.5 Shapes of Orbitals","m173s4cxn4frsns3zt6cgttp4185q11f",,"Federal Board",,"[""Shell defined by principal quantum number $n$ with capacity $2n^2$ electrons"",""Sub-shell defined by azimuthal quantum number $l$ (s, p, d, f) within each shell"",""Orbital is the probability region with specific shape determined by quantum numbers"",""Hierarchical relationship: shell contains sub-shells, sub-shells contain orbitals""]",,"false","3","A **shell** is the main energy level of an atom, designated by the principal quantum number $n$ (where $n = 1, 2, 3, ...$), with maximum capacity of $2n^2$ electrons. A **sub-shell** is a subdivision within a shell, characterized by the azimuthal quantum number $l$ (s, p, d, f), each holding a specific maximum number of electrons. An **orbital** is the three-dimensional region around the nucleus where the probability of finding an electron is maximum, with distinct shapes (spherical for s, dumbbell for p, cloverleaf for d) determined by quantum numbers.",,"B","short","10","annual","Briefly describe the terms 'shell', 'sub-shell' and 'orbital'.","ms79r2y88nk20hkhx97fr1n3f585qsqq","2025",,,,,,
"chemistry-11","02-atomic-structure","Atomic Structure","2-5-shapes-of-orbitals","2.5 Shapes of Orbitals","m17c2y1j0md1ayfbj678fvccyn8e0db3",,,"A p orbital has a dumbbell (sausage-like, two-lobed) shape.",,,"false",,,"[{""key"":""A"",""text"":""s""},{""key"":""B"",""text"":""p""},{""key"":""C"",""text"":""d""},{""key"":""D"",""text"":""f""}]","MCQ","mcq","(viii)",,"Which orbital is sausage (dumbbell) shaped?","ms79r2y88nk20hkhx97fr1n3f585qsqq",,"B","xd76eg7k32rq12ebnk4061x30h8e1d94","Exercise 2: Choose the Correct Answer","exercise","Choose the Correct Answer","{""blockIndex"":22,""chapterNumber"":2,""subjectSlug"":""chemistry-11""}"
"chemistry-11","02-atomic-structure","Atomic Structure","2-5-shapes-of-orbitals","2.5 Shapes of Orbitals","m17awb5wz8rdpdqmwd3g82sh418e0v9h",,,,"[""The five d orbitals (dxy, dxz, dyz, dx2-y2, dz2) have distinct cloverleaf shapes, except dz2 which has a dumbbell with a torus."",""Building physical models reinforces understanding of orbital geometry beyond flat diagrams.""]",,"false",,,,,"long","2",,"With the help of clay, try to form the shapes of the 5 d orbitals.","ms79r2y88nk20hkhx97fr1n3f585qsqq",,,"xd7b2yhp06kr8s08sgsvpb5c918e0f56","Activity","exercise","Activity","{""blockIndex"":23,""chapterNumber"":2,""subjectSlug"":""chemistry-11""}"
"chemistry-11","02-atomic-structure","Atomic Structure","2-6-ionization-energy","2.6 Ionization Energy","m1746cmk5md12ayhfdbjkhq8es85p573","true","Federal Board","The element belongs to Group 13 (or Group IIIA). When the third electron is removed from a Group 13 element, the stable, filled p-orbital of the previous noble gas configuration is disrupted, requiring significantly more energy than removing the first two valence electrons. This sharp increase in ionization potential indicates the transition from removing valence electrons to removing core electrons from a stable inner shell.","[""Third ionization potential is much higher because it involves removing an electron from a stable, filled inner shell (noble gas configuration)"",""First and second ionization potentials remove valence electrons which are easier to remove"",""Group 13 elements have electronic configuration ending in $ns^2np^1$, so third ionization removes from the stable $ns^2$ pair"",""The significant jump in ionization potential marks the boundary between valence and core electrons"",""This pattern is characteristic of elements at the beginning of a new group after a noble gas configuration""]",,"false","1","The element belongs to Group 13 (or Group IIIA). When the third electron is removed from a Group 13 element, the stable, filled p-orbital of the previous noble gas configuration is disrupted, requiring significantly more energy than removing the first two valence electrons. This sharp increase in ionization potential indicates the transition from removing valence electrons to removing core electrons from a stable inner shell.","[{""key"":""A"",""text"":""Group-1 (I-A)""},{""key"":""B"",""text"":""Group-2 (II-A)""},{""key"":""C"",""text"":""Group-17 (VII-A)""},{""key"":""D"",""text"":""Group-18 (VIII-A)""}]","MCQ","unclassified","1","annual","The third ionization potential value of an element is significantly high as compared to its 1st and 2nd ionization potentials. The element belongs to:","ms744qtx1jvz7d8scff1fcgdrn85qzf1","2025",,,,,,
"chemistry-11","02-atomic-structure","Atomic Structure","2-6-ionization-energy","2.6 Ionization Energy","m173brrserbs94zpmqa85f4s2x8e0r0g",,,,"[""Ionization energy generally increases across a period because effective nuclear charge increases while atomic radius decreases, pulling valence electrons in more tightly and making them harder to remove.""]",,"false",,,,,"long","2.6-1",,"How does the trend in ionization energy across a period of the periodic table reflect changes in atomic structure and effective nuclear charge?","ms744qtx1jvz7d8scff1fcgdrn85qzf1",,,"xd7cyhafvwm8mgkmqp1bdcnnad8e1gjb","Worked Practice","exercise","Worked Practice","{""blockIndex"":13,""chapterNumber"":2,""subjectSlug"":""chemistry-11""}"
"chemistry-11","02-atomic-structure","Atomic Structure","2-6-ionization-energy","2.6 Ionization Energy","m176vza9frvy783bhz182g1pn18e0s19",,,,"[""Down a group, atomic radius increases (more shells), and increased shielding by inner electrons reduces effective nuclear charge felt by valence electrons, so ionization energy decreases.""]",,"false",,,,,"long","2.6-2",,"What factors contribute to the general decrease in ionization energy down a group?","ms744qtx1jvz7d8scff1fcgdrn85qzf1",,,"xd7cyhafvwm8mgkmqp1bdcnnad8e1gjb","Worked Practice","exercise","Worked Practice","{""blockIndex"":13,""chapterNumber"":2,""subjectSlug"":""chemistry-11""}"
"chemistry-11","02-atomic-structure","Atomic Structure","2-6-ionization-energy","2.6 Ionization Energy","m17f60rm0bsjv98gttds9vbf2s8e0xpp",,,,"[""Noble gases have a full valence shell (stable octet) and the highest effective nuclear charge in their period, making it very hard to remove an electron."",""This high ionization energy corresponds to their very low chemical reactivity, since they have no tendency to lose electrons.""]",,"false",,,,,"long","2.6-3",,"In terms of ionization energy, why do noble gases possess the highest values among their respective periods, and how does this relate to their chemical reactivity?","ms744qtx1jvz7d8scff1fcgdrn85qzf1",,,"xd7cyhafvwm8mgkmqp1bdcnnad8e1gjb","Worked Practice","exercise","Worked Practice","{""blockIndex"":13,""chapterNumber"":2,""subjectSlug"":""chemistry-11""}"
"chemistry-11","02-atomic-structure","Atomic Structure","2-6-ionization-energy","2.6 Ionization Energy","m174f8x7p7e6fsnmcrdk1fhzcx8e0mgb",,,,,,"false",,"Effective nuclear charge is the net positive charge experienced by an electron in a multi-electron atom, equal to the actual nuclear charge reduced by the shielding effect of other electrons.",,,"short","(xi)",,"What is effective nuclear charge?","ms744qtx1jvz7d8scff1fcgdrn85qzf1",,,"xd7b9sb533kw68d7ncjg0v39358e1bv1","Exercise 2: Give Short Answer","exercise","Give Short Answer","{""blockIndex"":22,""chapterNumber"":2,""subjectSlug"":""chemistry-11""}"
"chemistry-11","02-atomic-structure","Atomic Structure","2-6-ionization-energy","2.6 Ionization Energy","m172b5rqwjefysw496d43fc7wx8e1ak2",,,,,,"false",,"Magnesium's first two electrons come from the outer 3s2 subshell, but the third electron must be removed from the full, stable inner 2p6 shell, requiring much more energy, hence the large jump.",,,"short","(xiii)",,"Why is there a large ionization energy gap between the second and third ionization energies of magnesium?","ms744qtx1jvz7d8scff1fcgdrn85qzf1",,,"xd7b9sb533kw68d7ncjg0v39358e1bv1","Exercise 2: Give Short Answer","exercise","Give Short Answer","{""blockIndex"":22,""chapterNumber"":2,""subjectSlug"":""chemistry-11""}"
"chemistry-11","02-atomic-structure","Atomic Structure","2-6-ionization-energy","2.6 Ionization Energy","m17dbds1cgx0fgmyhtk0mm1gex8e01fb",,,,"[""Ionization energy generally increases across a period (increasing effective nuclear charge) and decreases down a group (increasing atomic radius and shielding)."",""Anomalies occur, e.g. Group IIA > Group IIIA (stable filled s subshell) and Group VA > Group VIA (stable half-filled p subshell).""]",,"false",,,,,"long","6",,"Explain ionization energy trends in the periodic table, with justifications of these trends and anomalies.","ms744qtx1jvz7d8scff1fcgdrn85qzf1",,,"xd7dwax07myg8m18pk4dfxvmh58e0kv2","Exercise 2: Long Answer","exercise","Long Answer","{""blockIndex"":22,""chapterNumber"":2,""subjectSlug"":""chemistry-11""}"
"chemistry-11","02-atomic-structure","Atomic Structure","2-7-mass-spectrometry","2.7 Mass Spectrometry","m17betcg6v5r8awa94dp95sx9585pt3n","true","Federal Board",,"[""Mass spectrometry measures mass-to-charge ratio ($m/z$) to determine molecular composition"",""Four stages: ionization, acceleration, mass analysis (magnetic field separation), and detection"",""Lighter ions deflect more in magnetic field; separation based on $m/z$ differences"",""Average atomic mass calculated as: $\\sum(\\text{mass} \\times \\text{abundance})/100$ using spectrum data"",""Peak positions indicate isotopic masses; peak heights indicate relative abundances""]",,"false","7","Mass spectrometry is an analytical technique that determines molecular composition by measuring the mass-to-charge ratio ($m/z$) of ions. A mass spectrometer consists of four main stages: ionization (converting neutral atoms to ions), acceleration (using electric fields to accelerate ions), mass analysis (separating ions by $m/z$ in a magnetic field), and detection (measuring ion abundance). The working principle involves: (1) vaporizing and ionizing the sample using electron bombardment, (2) accelerating ions through a potential difference, (3) deflecting ions in a magnetic field where lighter ions deflect more than heavier ones, and (4) detecting separated ions to produce a mass spectrum. Average atomic mass is calculated using the formula: $\text{Average Atomic Mass} = \frac{\sum(\text{mass of isotope} \times \text{relative abundance})}{100}$, where relative abundance is expressed as a percentage. The mass spectrum shows peaks at different $m/z$ values with heights proportional to isotope abundance. By identifying peak positions (isotopic masses) and their relative heights (abundances), we can calculate the weighted average, which represents the average atomic mass of the element as it occurs naturally.",,"C","long","1","annual","What is mass spectrometry? Explain the construction and working of a mass spectrometer. How can average atomic mass of an element be calculated from data obtained?","ms778kzjfzg5qcbt7kqhtybhn985p59r","2025",,,,,,
"chemistry-11","02-atomic-structure","Atomic Structure","2-7-mass-spectrometry","2.7 Mass Spectrometry","m1745zp3m3tetm7ewv9an3qtss85p4tm","true","Federal Board",,"[""Solute reduces vapour pressure of solvent by lowering mole fraction of solvent molecules at surface"",""Boiling point elevation formula: $\\Delta T_b = K_b \\times m$ where $K_b$ is ebullioscopic constant and $m$ is molality"",""Derivation showing $\\Delta T_b = \\frac{K_b \\times w}{M_{solute} \\times m_{solvent}}$ proves inverse proportionality to molar mass"",""For fixed solute mass, smaller molar mass produces more particles and greater boiling point elevation"",""Inverse relationship ($\\Delta T_b \\propto \\frac{1}{M_{solute}}$) is characteristic of colligative properties""]",,"false","6","The addition of solute increases the boiling point of a solution because solute particles reduce the vapour pressure of the solvent. According to Raoult's Law, the presence of non-volatile solute molecules lowers the mole fraction of solvent molecules at the liquid surface, decreasing the number of solvent molecules that can escape into the vapour phase. Consequently, a higher temperature is required to restore the vapour pressure to atmospheric pressure, resulting in boiling point elevation. The elevation of boiling point ($\Delta T_b$) is given by: $\Delta T_b = K_b \times m$, where $K_b$ is the ebullioscopic constant and $m$ is the molality of the solution. Since molality is defined as $m = \frac{n_{solute}}{M_{solute} \times m_{solvent}}$, where $n_{solute}$ is the number of moles and $M_{solute}$ is the molar mass of solute, we can derive: $\Delta T_b = \frac{K_b \times w}{M_{solute} \times m_{solvent}}$, where $w$ is the mass of solute. This equation demonstrates that $\Delta T_b$ is inversely proportional to the molar mass of the solute ($\Delta T_b \propto \frac{1}{M_{solute}}$). For a fixed mass of solute, a smaller molar mass produces more solute particles, resulting in greater boiling point elevation. Conversely, a larger molar mass produces fewer particles and less elevation. This inverse relationship is fundamental to colligative properties and is used in molar mass determination through boiling point elevation experiments.",,"C","long","6","annual","Why does the addition of solute increase the boiling point of a solution? Explain the quantitative aspects of elevation of boiling point and prove that $\Delta T_b$ is inversely proportional to the molar mass of the solute.","ms778kzjfzg5qcbt7kqhtybhn985p59r","2022",,,,,,
"chemistry-11","02-atomic-structure","Atomic Structure","2-7-mass-spectrometry","2.7 Mass Spectrometry","m176mccjvbsxv0pb9p4tt80a8s8e0db4",,,,"[""Average atomic mass is calculated as the weighted sum of each isotope's mass multiplied by its fractional abundance."",""For Mg (approx. 79% Mg-24, 10% Mg-25, 11% Mg-26), the weighted average comes out close to the accepted atomic mass of 24.3 u.""]",,"false",,,,,"numerical","2.7-mg",,"Calculate the average atomic mass of magnesium using its mass spectrogram (relative abundances of Mg-24, Mg-25, Mg-26).","ms778kzjfzg5qcbt7kqhtybhn985p59r",,,"xd71yxypqrmnyrafe9n0ec0w7n8e2e61","Numerical Problems","exercise","Worked Practice","{""blockIndex"":14,""chapterNumber"":2,""subjectSlug"":""chemistry-11""}"
"chemistry-11","02-atomic-structure","Atomic Structure","2-7-mass-spectrometry","2.7 Mass Spectrometry","m178hr3ys96e84r0vc3aazfc2d8e04r8",,,"Magnesium has 3 stable naturally occurring isotopes: Mg-24, Mg-25, Mg-26.",,,"false",,,"[{""key"":""A"",""text"":""1""},{""key"":""B"",""text"":""2""},{""key"":""C"",""text"":""3""},{""key"":""D"",""text"":""4""}]","MCQ","mcq","(vi)",,"Magnesium has how many naturally occurring isotopes?","ms778kzjfzg5qcbt7kqhtybhn985p59r",,"C","xd76eg7k32rq12ebnk4061x30h8e1d94","Exercise 2: Choose the Correct Answer","exercise","Choose the Correct Answer","{""blockIndex"":21,""chapterNumber"":2,""subjectSlug"":""chemistry-11""}"
"chemistry-11","02-atomic-structure","Atomic Structure","2-7-mass-spectrometry","2.7 Mass Spectrometry","m17f17ky714adkgdwv2q9kfvkn8e1bzy",,,"In mass spectrometry, ions are deflected by a magnetic field according to their mass-to-charge ratio.",,,"false",,,"[{""key"":""A"",""text"":""electric field""},{""key"":""B"",""text"":""magnetic field""},{""key"":""C"",""text"":""velocity of ions""},{""key"":""D"",""text"":""grid strength""}]","MCQ","mcq","(vii)",,"What is the basis on which molecular ions are split (deflected) in mass spectrometry?","ms778kzjfzg5qcbt7kqhtybhn985p59r",,"B","xd76eg7k32rq12ebnk4061x30h8e1d94","Exercise 2: Choose the Correct Answer","exercise","Choose the Correct Answer","{""blockIndex"":21,""chapterNumber"":2,""subjectSlug"":""chemistry-11""}"
"chemistry-11","02-atomic-structure","Atomic Structure","2-7-mass-spectrometry","2.7 Mass Spectrometry","m178zhggm1vmfk49grqfx3129s8e1s3p",,,,,,"false",,"Average atomic mass = sum of (isotope mass x fractional abundance) over all isotopes; using Mg-24 (~79%), Mg-25 (~10%), Mg-26 (~11%), the weighted average comes to approximately 24.3 u.",,,"numerical","(x)",,"Calculate the average atomic mass of magnesium, keeping in view the relative abundance of its isotopes.","ms778kzjfzg5qcbt7kqhtybhn985p59r",,,"xd71yxypqrmnyrafe9n0ec0w7n8e2e61","Numerical Problems","exercise","Give Short Answer","{""blockIndex"":22,""chapterNumber"":2,""subjectSlug"":""chemistry-11""}"
"chemistry-11","02-atomic-structure","Atomic Structure","2-7-mass-spectrometry","2.7 Mass Spectrometry","m17a8spy0dkm5evqd7zkcyhf698e0qek",,,,"[""Mass spectrometry ionises a sample, accelerates the ions through an electric field, then deflects them using a magnetic field according to their mass-to-charge ratio."",""Ions of different m/z hit the detector at different positions/times, producing a spectrum of peaks."",""The position and intensity (relative abundance) of each peak identifies isotopes present and their relative proportions, used to calculate average atomic mass.""]",,"false",,,,,"long","4",,"What is mass spectrometry? Explain its working and how the data is analysed.","ms778kzjfzg5qcbt7kqhtybhn985p59r",,,"xd7dwax07myg8m18pk4dfxvmh58e0kv2","Exercise 2: Long Answer","exercise","Long Answer","{""blockIndex"":22,""chapterNumber"":2,""subjectSlug"":""chemistry-11""}"
"chemistry-11","02-atomic-structure","Atomic Structure","2-7-mass-spectrometry","2.7 Mass Spectrometry","m172x3dm2e2pm74ba9nytg78wx8e1vt5",,,,"[""Used to identify elements present in a sample by their characteristic emission line spectra (e.g. flame tests, astronomical spectroscopy)."",""Applied in quality control, environmental monitoring (detecting trace metals), and forensic analysis.""]",,"false",,,,,"long","7",,"Explore the practical applications of atomic emission spectroscopy.","ms778kzjfzg5qcbt7kqhtybhn985p59r",,,"xd7dwax07myg8m18pk4dfxvmh58e0kv2","Exercise 2: Long Answer","exercise","Long Answer","{""blockIndex"":23,""chapterNumber"":2,""subjectSlug"":""chemistry-11""}"
"chemistry-11","02-atomic-structure","Atomic Structure","2-7-mass-spectrometry","2.7 Mass Spectrometry","m1758jtqkvd50m6saza4jv0et58e1h65",,,,"[""An element's atomic mass on the periodic table is a weighted average of the masses of all its naturally occurring isotopes, weighted by relative abundance."",""This is why atomic masses are rarely whole numbers, reflecting the mixture of isotopes rather than a single atom's mass.""]",,"false",,,,,"long","8",,"Explore the impact of isotopes on atomic mass calculation.","ms778kzjfzg5qcbt7kqhtybhn985p59r",,,"xd7dwax07myg8m18pk4dfxvmh58e0kv2","Exercise 2: Long Answer","exercise","Long Answer","{""blockIndex"":23,""chapterNumber"":2,""subjectSlug"":""chemistry-11""}"
"chemistry-11","02-atomic-structure","Atomic Structure","2-8-electronic-configuration-of-modern-electronic-materials","2.8 Electronic Configuration of Modern Electronic Materials","m17bjb9tygbhh677r4tqhgn63s8e1n73",,,,"[""A semiconductor has an electrical conductivity between that of a conductor and an insulator, due to a small band gap between its valence and conduction bands that allows conductivity to be controlled (e.g. by doping or temperature).""]",,"false",,,,,"long","2.8-1",,"What is the key characteristic that defines a material as a semiconductor?","ms7c1mxqyjkd3mc1rp8qc3yxpd85p4e9",,,"xd7cyhafvwm8mgkmqp1bdcnnad8e1gjb","Worked Practice","exercise","Worked Practice","{""blockIndex"":17,""chapterNumber"":2,""subjectSlug"":""chemistry-11""}"
"chemistry-11","02-atomic-structure","Atomic Structure","2-8-electronic-configuration-of-modern-electronic-materials","2.8 Electronic Configuration of Modern Electronic Materials","m17e4ab1a82aah264xmqvjf6h58e0n3q",,,,"[""Silicon (Si) and germanium (Ge) are the two most commonly used semiconductor materials in electronic devices.""]",,"false",,,,,"long","2.8-2",,"Name two commonly used semiconductor materials in electronic devices.","ms7c1mxqyjkd3mc1rp8qc3yxpd85p4e9",,,"xd7cyhafvwm8mgkmqp1bdcnnad8e1gjb","Worked Practice","exercise","Worked Practice","{""blockIndex"":17,""chapterNumber"":2,""subjectSlug"":""chemistry-11""}"
"chemistry-11","02-atomic-structure","Atomic Structure","2-8-electronic-configuration-of-modern-electronic-materials","2.8 Electronic Configuration of Modern Electronic Materials","m17fd911a5vfnhtspnhtykef858e1qqs",,,,,,"false",,"Electronic configuration determines the band structure (valence and conduction bands) of a material, which controls whether it behaves as a semiconductor and how its conductivity can be tuned by doping.",,,"short","(xii)",,"What is the importance of electronic configuration in semiconductor materials?","ms7c1mxqyjkd3mc1rp8qc3yxpd85p4e9",,,"xd7b9sb533kw68d7ncjg0v39358e1bv1","Exercise 2: Give Short Answer","exercise","Give Short Answer","{""blockIndex"":22,""chapterNumber"":2,""subjectSlug"":""chemistry-11""}"