subjectSlug,chapterSlug,chapterTitle,topicSlug,topicTitle,_id,correctKey,explanation,lastAttempt,locked,noteId,options,stem,topicId,sectionId,sectionLabel
"physics-10","13-sound","Sound","13-1-source-of-sound","13.1 Source of Sound","k97ckqj7ga135r5xz8a538g4bh8d2axm","A","The Chapter 13 source passage explains that a vibrating object initiates vibrations in the medium.",,"false","kx7d3gcg6yc49dbg4ngzk5cq758bte36","[{""key"":""C"",""text"":""Emitting only visible light""},{""key"":""D"",""text"":""Stopping molecular motion""},{""key"":""A"",""text"":""Vibrating and causing particles of the medium to vibrate""},{""key"":""B"",""text"":""Removing all particles from the medium""}]","A sound source produces sound by:","ms78yrx0kzw6jebey6qgqprabn8bt9rv",,
"physics-10","13-sound","Sound","13-1-source-of-sound","13.1 Source of Sound","k97fmw6hfpy7df3yay5vfggjm58djgyy","A","The note explains sound waves are mechanical and longitudinal, so they require a medium to propagate.",,"false","kx7d3gcg6yc49dbg4ngzk5cq758bte36","[{""key"":""B"",""text"":""Electromagnetic waves""},{""key"":""D"",""text"":""Waves that only exist in a vacuum""},{""key"":""C"",""text"":""Waves with no energy""},{""key"":""A"",""text"":""Mechanical waves, which require a medium to propagate""}]","Sound waves cannot travel from one place to another without a medium because they are:","ms78yrx0kzw6jebey6qgqprabn8bt9rv","13-1-source-of-sound","13-1-source-of-sound"
"physics-10","13-sound","Sound","13-1-source-of-sound","13.1 Source of Sound","k97fzcvtrdcqp1trkxtg1fa2hn8dkmys","A","The note defines the Source of Sound as the object that is basically the cause of vibration.",,"false","kx7d3gcg6yc49dbg4ngzk5cq758bte36","[{""key"":""C"",""text"":""The ear that receives the sound""},{""key"":""B"",""text"":""Any medium the sound travels through""},{""key"":""D"",""text"":""The echo produced by a reflected sound""},{""key"":""A"",""text"":""The object that is the cause of vibration producing the sound""}]","The 'Source of Sound' is best defined as:","ms78yrx0kzw6jebey6qgqprabn8bt9rv","13-1-source-of-sound","13-1-source-of-sound"
"physics-10","13-sound","Sound","13-1-source-of-sound","13.1 Source of Sound","k975ctdfe8tvephbwg0frkj2xs8dkg0y","A","The note states production of sound totally depends upon vibration of an object, which compels the medium to vibrate.",,"false","kx7d3gcg6yc49dbg4ngzk5cq758bte36","[{""key"":""C"",""text"":""A change in air pressure alone with no vibration""},{""key"":""A"",""text"":""Vibration of an object, which sets the surrounding medium vibrating""},{""key"":""D"",""text"":""The medium's temperature only""},{""key"":""B"",""text"":""The presence of light""}]","Sound production fundamentally depends on:","ms78yrx0kzw6jebey6qgqprabn8bt9rv","13-1-source-of-sound","13-1-source-of-sound"
"physics-10","13-sound","Sound","13-1-source-of-sound","13.1 Source of Sound","k974f1ynvz7kmzmk899kazpek18djprz","A","The note lists plucking a stretched rubber band among experiments showing vibration is essential for sound.",,"false","kx7d3gcg6yc49dbg4ngzk5cq758bte36","[{""key"":""B"",""text"":""Freezing a glass of water""},{""key"":""C"",""text"":""Shining a flashlight""},{""key"":""D"",""text"":""Heating a metal rod""},{""key"":""A"",""text"":""Plucking a stretched rubber band""}]","Which of these is given as an example demonstrating that vibration is essential for sound production?","ms78yrx0kzw6jebey6qgqprabn8bt9rv","13-1-source-of-sound","13-1-source-of-sound"
"physics-10","13-sound","Sound","13-1-source-of-sound","13.1 Source of Sound","k97fzaat0fyx1ks1zzyxpxfrah8djtwt","A","The note states sound is observed due to vibration of the tuning fork with particles of the medium (water molecules).",,"false","kx7d3gcg6yc49dbg4ngzk5cq758bte36","[{""key"":""A"",""text"":""Vibration of the tuning fork transferring to particles of the medium (water)""},{""key"":""B"",""text"":""The glass itself vibrating with no fork involved""},{""key"":""D"",""text"":""The water freezing instantly""},{""key"":""C"",""text"":""Light reflecting off the water""}]","In the tuning-fork-and-water-glass experiment, sound is heard in both positions because it is caused by:","ms78yrx0kzw6jebey6qgqprabn8bt9rv","13-1-source-of-sound","13-1-source-of-sound"
"physics-10","13-sound","Sound","13-2-nature-of-sound-waves","13.2 Nature of Sound Waves","k9785174njnsq89n4jcg8m4fcd8d3fnk","A","The canonical Chapter 13 passage calls sound mechanical, longitudinal, and pressure waves.",,"false","kx71na8w1f6pbczazcez2z6b018bt0v3","[{""key"":""C"",""text"":""Matter particles moving permanently forward""},{""key"":""D"",""text"":""Static electric fields""},{""key"":""A"",""text"":""Mechanical longitudinal waves""},{""key"":""B"",""text"":""Electromagnetic transverse waves""}]","Sound waves are classified as:","ms782nj7c0tp1nx262a467d7pn8bt39h",,
"physics-10","13-sound","Sound","13-2-nature-of-sound-waves","13.2 Nature of Sound Waves","k978w146m6pf6zsenryz45bcpx8djasj","A","The note states sound waves are mechanical longitudinal waves, also called pressure waves.",,"false","kx71na8w1f6pbczazcez2z6b018bt0v3","[{""key"":""C"",""text"":""Waves that need no medium""},{""key"":""D"",""text"":""Purely visual phenomena""},{""key"":""B"",""text"":""Electromagnetic transverse waves""},{""key"":""A"",""text"":""Mechanical longitudinal waves, also called pressure waves""}]","Sound waves are classified as:","ms782nj7c0tp1nx262a467d7pn8bt39h","13-2-nature-of-sound-waves","13-2-nature-of-sound-waves"
"physics-10","13-sound","Sound","13-2-nature-of-sound-waves","13.2 Nature of Sound Waves","k97ew6mpyg5myzjpdsraxt0gf58dkkgv","A","The note defines compression as the high pressure portion of a sound wave where molecules are close together.",,"false","kx71na8w1f6pbczazcez2z6b018bt0v3","[{""key"":""D"",""text"":""Constant velocity with no pressure change""},{""key"":""B"",""text"":""Low pressure, with molecules far apart""},{""key"":""A"",""text"":""High pressure, with molecules close together""},{""key"":""C"",""text"":""Zero pressure""}]","In a sound wave, a compression is a region of:","ms782nj7c0tp1nx262a467d7pn8bt39h","13-2-nature-of-sound-waves","13-2-nature-of-sound-waves"
"physics-10","13-sound","Sound","13-2-nature-of-sound-waves","13.2 Nature of Sound Waves","k97dq1fd20a5kw19vdsd402wjn8dj131","A","The note defines wavelength as the distance between two consecutive crests or troughs.",,"false","kx71na8w1f6pbczazcez2z6b018bt0v3","[{""key"":""B"",""text"":""The source and the listener""},{""key"":""A"",""text"":""Two consecutive crests or troughs within a compression or rarefaction region""},{""key"":""D"",""text"":""The loudest and quietest points""},{""key"":""C"",""text"":""Two different sound sources""}]","In a sound wave, wavelength is measured as the distance between:","ms782nj7c0tp1nx262a467d7pn8bt39h","13-2-nature-of-sound-waves","13-2-nature-of-sound-waves"
"physics-10","13-sound","Sound","13-2-nature-of-sound-waves","13.2 Nature of Sound Waves","k979ngzpq4n6ybv1cxrhxdrbhh8dk2p3","A","The note states amplitude tells about the energy level, with high amplitude indicating high energy.",,"false","kx71na8w1f6pbczazcez2z6b018bt0v3","[{""key"":""D"",""text"":""A change in frequency only""},{""key"":""A"",""text"":""High energy carried by the wave""},{""key"":""B"",""text"":""Low energy carried by the wave""},{""key"":""C"",""text"":""No energy at all""}]","A sound wave with high amplitude indicates:","ms782nj7c0tp1nx262a467d7pn8bt39h","13-2-nature-of-sound-waves","13-2-nature-of-sound-waves"
"physics-10","13-sound","Sound","13-2-nature-of-sound-waves","13.2 Nature of Sound Waves","k97bnpgdzs5jhczba3wbjt6y8d8djjz1","A","The note states frequency's SI unit is hertz.",,"false","kx71na8w1f6pbczazcez2z6b018bt0v3","[{""key"":""C"",""text"":""Second""},{""key"":""D"",""text"":""Newton""},{""key"":""B"",""text"":""Metre""},{""key"":""A"",""text"":""Hertz""}]","The SI unit of frequency of a sound wave is:","ms782nj7c0tp1nx262a467d7pn8bt39h","13-2-nature-of-sound-waves","13-2-nature-of-sound-waves"
"physics-10","13-sound","Sound","13-2-nature-of-sound-waves","13.2 Nature of Sound Waves","k97dg2tf3v9ykage9wgpmqkmnx8djc0f","A","The note states time period's SI unit is second.",,"false","kx71na8w1f6pbczazcez2z6b018bt0v3","[{""key"":""C"",""text"":""Metres""},{""key"":""A"",""text"":""Seconds""},{""key"":""B"",""text"":""Hertz""},{""key"":""D"",""text"":""Decibels""}]","Time Period of a sound wave is measured in:","ms782nj7c0tp1nx262a467d7pn8bt39h","13-2-nature-of-sound-waves","13-2-nature-of-sound-waves"
"physics-10","13-sound","Sound","13-3-ultrasound","13.3 Ultrasound","k97b3c7vk9888qv7kyy2wcrds98d2b71","A","The Chapter 13 ultrasound block places ultrasound above the upper limit of human hearing, around 20 kHz.",,"false","kx7drt8pymyqcgzmh35n16xvbs8bv2rz","[{""key"":""B"",""text"":""Below 20 Hz""},{""key"":""C"",""text"":""Between 20 Hz and 20 kHz only""},{""key"":""D"",""text"":""Exactly 1 Hz""},{""key"":""A"",""text"":""Above about 20 kHz""}]","Ultrasound has a frequency:","ms7c5xw0cd1p94j5ph9ch9m3658btgyk",,
"physics-10","13-sound","Sound","13-3-ultrasound","13.3 Ultrasound","k970as9kej0dy2wm6b8nf2azc18dkghn","A","The note defines ultrasound as frequencies above the upper limit of human hearing, around 20 kHz.",,"false","kx7drt8pymyqcgzmh35n16xvbs8bv2rz","[{""key"":""A"",""text"":""Above about 20 kilohertz (kHz), the upper limit of human hearing""},{""key"":""D"",""text"":""Only in the visible light range""},{""key"":""B"",""text"":""Below 20 hertz""},{""key"":""C"",""text"":""Exactly equal to human speech frequency""}]","Ultrasound refers to sound waves with frequencies:","ms7c5xw0cd1p94j5ph9ch9m3658btgyk","13-3-ultrasound","13-3-ultrasound"
"physics-10","13-sound","Sound","13-3-ultrasound","13.3 Ultrasound","k97c63n6rbwpepzcbsx2da01wh8djz40","A","The note gives prenatal ultrasound scans monitoring fetal development as a diagnostic imaging use of ultrasound.",,"false","kx7drt8pymyqcgzmh35n16xvbs8bv2rz","[{""key"":""D"",""text"":""Producing music""},{""key"":""B"",""text"":""Cleaning surgical tools""},{""key"":""C"",""text"":""Underwater navigation""},{""key"":""A"",""text"":""Diagnostic imaging to monitor fetal development""}]","A prenatal ultrasound scan is an example of ultrasound being used for:","ms7c5xw0cd1p94j5ph9ch9m3658btgyk","13-3-ultrasound","13-3-ultrasound"
"physics-10","13-sound","Sound","13-3-ultrasound","13.3 Ultrasound","k976hc8g9fj9x0y30w0251xpjn8djj5t","A","The note explains ultrasound cleaning uses imploding bubbles created by high-frequency sound waves.",,"false","kx7drt8pymyqcgzmh35n16xvbs8bv2rz","[{""key"":""D"",""text"":""Freeze the liquid around the object""},{""key"":""C"",""text"":""Heat the surface to burn off dirt""},{""key"":""A"",""text"":""Create tiny bubbles in a liquid that implode and produce cleaning shock waves""},{""key"":""B"",""text"":""Directly dissolve dirt chemically""}]","Ultrasound cleaning works because high-frequency sound waves:","ms7c5xw0cd1p94j5ph9ch9m3658btgyk","13-3-ultrasound","13-3-ultrasound"
"physics-10","13-sound","Sound","13-3-ultrasound","13.3 Ultrasound","k971fweynf8m3r2tgv0ay3zb4h8dj0ab","A","The note explains sound waves from the transducer bounce off tissues and return, creating the image.",,"false","kx7drt8pymyqcgzmh35n16xvbs8bv2rz","[{""key"":""B"",""text"":""Pass straight through the body with no reflection""},{""key"":""A"",""text"":""Bounce off internal tissues and return to the transducer""},{""key"":""C"",""text"":""Are absorbed completely by the skin""},{""key"":""D"",""text"":""Are converted directly into X-rays""}]","In medical ultrasound scanning, an image is created because sound waves:","ms7c5xw0cd1p94j5ph9ch9m3658btgyk","13-3-ultrasound","13-3-ultrasound"
"physics-10","13-sound","Sound","13-3-ultrasound","13.3 Ultrasound","k97e75zyv47h1x9q9prsdbg59h8djg3k","A","The note states sonar uses the time for echoes to return to calculate distance to underwater objects.",,"false","kx7drt8pymyqcgzmh35n16xvbs8bv2rz","[{""key"":""D"",""text"":""Direct visual observation""},{""key"":""B"",""text"":""The color of the water""},{""key"":""C"",""text"":""The salinity of the ocean alone""},{""key"":""A"",""text"":""The time taken for sound pulses to echo back after hitting the object""}]","Sonar calculates distance to an underwater object using:","ms7c5xw0cd1p94j5ph9ch9m3658btgyk","13-3-ultrasound","13-3-ultrasound"
"physics-10","13-sound","Sound","13-3-ultrasound","13.3 Ultrasound","k9792mdy4p18qk5m0txxshkc198djf0d","A","The note describes measuring depth by sending sound pulses to the ocean floor and timing the returning echo.",,"false","kx7drt8pymyqcgzmh35n16xvbs8bv2rz","[{""key"":""D"",""text"":""Using light waves instead of sound""},{""key"":""A"",""text"":""Sending sound pulses to the ocean floor and timing the echo's return""},{""key"":""B"",""text"":""Measuring water temperature only""},{""key"":""C"",""text"":""Lowering a physical rope to the seabed""}]","Ultrasound depth measurement from a ship works by:","ms7c5xw0cd1p94j5ph9ch9m3658btgyk","13-3-ultrasound","13-3-ultrasound"
"physics-10","13-sound","Sound","13-4-infrasound","13.4 Infrasound","k974qkn2nqx31r7fte9jaedk0n8d3shw","A","The Chapter 13 infrasound block defines it as sound below the lower limit of human audibility, generally less than 20 Hz.",,"false","kx75cdeks7ysye98yq7epg6k698bt49m","[{""key"":""D"",""text"":""Between 20 Hz and 20 kHz""},{""key"":""A"",""text"":""Below about 20 Hz""},{""key"":""C"",""text"":""Exactly 20 kHz""},{""key"":""B"",""text"":""Above 20 kHz""}]","Infrasound has a frequency:","ms7drhkcc27yrcfmzj8jyvp7xs8btvhc",,
"physics-10","13-sound","Sound","13-4-infrasound","13.4 Infrasound","k973s8ztpermtvhrcqbt6f2p8x8dkycy","A","The note defines infrasound as low-frequency sound below the lower limit of human audibility.",,"false","kx75cdeks7ysye98yq7epg6k698bt49m","[{""key"":""B"",""text"":""Above 20,000 Hz""},{""key"":""A"",""text"":""Below the lower limit of human audibility (generally less than 20 Hz)""},{""key"":""C"",""text"":""Exactly at 20,000 Hz""},{""key"":""D"",""text"":""In the visible spectrum""}]","Infrasound refers to sound waves with a frequency:","ms7drhkcc27yrcfmzj8jyvp7xs8btvhc","13-4-infrasound","13-4-infrasound"
"physics-10","13-sound","Sound","13-4-infrasound","13.4 Infrasound","k97c0yq30v4aj7kqekdwc9fyq18djakh","A","The note states giraffes make murmuring sounds at a very low frequency, hard for humans to hear.",,"false","kx75cdeks7ysye98yq7epg6k698bt49m","[{""key"":""B"",""text"":""They genuinely produce no sound at all""},{""key"":""C"",""text"":""Their sounds are too loud for humans""},{""key"":""D"",""text"":""They only communicate visually""},{""key"":""A"",""text"":""They make murmuring sounds at a frequency too low for humans to hear easily""}]","Giraffes were once believed to be silent because:","ms7drhkcc27yrcfmzj8jyvp7xs8btvhc","13-4-infrasound","13-4-infrasound"
"physics-10","13-sound","Sound","13-4-infrasound","13.4 Infrasound","k972paew5b9chkdzdnqyqjcbwd8dk3wt","A","The note states elephants utilize infrasound to convey messages across vast distances.",,"false","kx75cdeks7ysye98yq7epg6k698bt49m","[{""key"":""D"",""text"":""Regulate their body temperature""},{""key"":""B"",""text"":""Attract prey""},{""key"":""A"",""text"":""Convey messages to each other across vast distances""},{""key"":""C"",""text"":""Navigate using echolocation like bats""}]","Elephants use infrasound mainly to:","ms7drhkcc27yrcfmzj8jyvp7xs8btvhc","13-4-infrasound","13-4-infrasound"
"physics-10","13-sound","Sound","13-4-infrasound","13.4 Infrasound","k977g8jq8djarvm3ygaw6d0vjx8dky0q","A","The note lists volcanic eruptions (along with earthquakes and explosions) as natural generators of infrasound.",,"false","kx75cdeks7ysye98yq7epg6k698bt49m","[{""key"":""D"",""text"":""Ordinary rainfall""},{""key"":""B"",""text"":""A whispered conversation""},{""key"":""C"",""text"":""A dog whistle""},{""key"":""A"",""text"":""Volcanic eruptions""}]","Which of the following naturally generates infrasound, per the note?","ms7drhkcc27yrcfmzj8jyvp7xs8btvhc","13-4-infrasound","13-4-infrasound"
"physics-10","13-sound","Sound","13-5-characteristics-of-sound-wave","13.5 Characteristics of Sound Wave","k976x5k387m4by7rcjr7mjjapn8d39cr","A","The Chapter 13 characteristics block explicitly lists pitch, loudness, and quality.",,"false","kx7aktwe8ddk4776z5nb8kytjx8bvhbf","[{""key"":""A"",""text"":""Pitch, loudness, and quality""},{""key"":""B"",""text"":""Mass, charge, and density""},{""key"":""D"",""text"":""Pressure, volume, and temperature only""},{""key"":""C"",""text"":""Voltage, current, and resistance""}]","Which set lists the main characteristics of sound waves?","ms70f0p7rhvmwphtp7ncsae5x98btbbc",,
"physics-10","13-sound","Sound","13-5-characteristics-of-sound-wave","13.5 Characteristics of Sound Wave","k975eg5rta5fysnh1yfwnk7t3s8djbpj","A","The note states the three main characteristics of sound wave are pitch, loudness and quality.",,"false","kx7aktwe8ddk4776z5nb8kytjx8bvhbf","[{""key"":""A"",""text"":""Pitch, loudness, and quality""},{""key"":""C"",""text"":""Color, texture, and shape""},{""key"":""D"",""text"":""Speed, weight, and density""},{""key"":""B"",""text"":""Wavelength, mass, and volume""}]","The three main characteristics of a sound wave listed in the note are:","ms70f0p7rhvmwphtp7ncsae5x98btbbc","13-5-characteristics-of-sound-wave","13-5-characteristics-of-sound-wave"
"physics-10","13-sound","Sound","13-5-characteristics-of-sound-wave","13.5 Characteristics of Sound Wave","k971f9v1f2v6t6h7re89csn0e18djtre","A","The note states pitch differentiates grave and shrill voices and is not directly measurable, unlike a physical quantity.",,"false","kx7aktwe8ddk4776z5nb8kytjx8bvhbf","[{""key"":""D"",""text"":""Only relevant to musical instruments""},{""key"":""A"",""text"":""A characteristic differentiating grave and shrill voices, not directly measurable""},{""key"":""C"",""text"":""Identical to loudness""},{""key"":""B"",""text"":""A physical quantity measured in metres""}]","Pitch is best described as:","ms70f0p7rhvmwphtp7ncsae5x98btbbc","13-5-characteristics-of-sound-wave","13-5-characteristics-of-sound-wave"
"physics-10","13-sound","Sound","13-5-characteristics-of-sound-wave","13.5 Characteristics of Sound Wave","k977er4c493dcsbqmmw5y0nrkh8dj81g","A","The note gives a bird's high-pitched sound versus a lion's low-pitched roar as an example of frequency-pitch relation.",,"false","kx7aktwe8ddk4776z5nb8kytjx8bvhbf","[{""key"":""D"",""text"":""No pitch at all""},{""key"":""A"",""text"":""A higher pitch, meaning higher frequency""},{""key"":""C"",""text"":""Exactly the same pitch""},{""key"":""B"",""text"":""A lower pitch, meaning lower frequency""}]","Compared to a lion's roar, a bird's chirp has:","ms70f0p7rhvmwphtp7ncsae5x98btbbc","13-5-characteristics-of-sound-wave","13-5-characteristics-of-sound-wave"
"physics-10","13-sound","Sound","13-5-characteristics-of-sound-wave","13.5 Characteristics of Sound Wave","k975mx3ap08fbd6zt0wtf1sr018dj025","A","The note states loudness can be measured on the basis of the amplitude of the sound wave.",,"false","kx7aktwe8ddk4776z5nb8kytjx8bvhbf","[{""key"":""A"",""text"":""The amplitude of the sound wave""},{""key"":""D"",""text"":""The distance travelled by light""},{""key"":""C"",""text"":""The color of the sound source""},{""key"":""B"",""text"":""The frequency of the sound wave only""}]","Loudness of a sound is measured based on:","ms70f0p7rhvmwphtp7ncsae5x98btbbc","13-5-characteristics-of-sound-wave","13-5-characteristics-of-sound-wave"
"physics-10","13-sound","Sound","13-5-characteristics-of-sound-wave","13.5 Characteristics of Sound Wave","k97ayn11tdzhd2yvyt3nmn9qfd8dkrap","A","The note defines quality/timbre as distinguishing sounds that share the same loudness and pitch.",,"false","kx7aktwe8ddk4776z5nb8kytjx8bvhbf","[{""key"":""B"",""text"":""Different loudness only""},{""key"":""A"",""text"":""The same loudness and pitch""},{""key"":""C"",""text"":""Different pitch only""},{""key"":""D"",""text"":""No sound energy at all""}]","Quality (timbre) allows us to distinguish between two sounds that have:","ms70f0p7rhvmwphtp7ncsae5x98btbbc","13-5-characteristics-of-sound-wave","13-5-characteristics-of-sound-wave"
"physics-10","13-sound","Sound","13-5-characteristics-of-sound-wave","13.5 Characteristics of Sound Wave","k97cf9brrkm7rvnca929zej0sx8djdev","A","The note states vibrational amplitude has a direct relation with loudness of sound.",,"false","kx7aktwe8ddk4776z5nb8kytjx8bvhbf","[{""key"":""B"",""text"":""Lower loudness""},{""key"":""C"",""text"":""No change in loudness""},{""key"":""A"",""text"":""Higher loudness""},{""key"":""D"",""text"":""A change in the source's mass""}]","A source of sound vibrating with greater amplitude will produce:","ms70f0p7rhvmwphtp7ncsae5x98btbbc","13-5-characteristics-of-sound-wave","13-5-characteristics-of-sound-wave"
"physics-10","13-sound","Sound","13-6-analyzing-sound-waves","13.6 Analyzing Sound Waves","k972k9drm53entqxb9h3re8a9d8d3kap","A","The Chapter 13 analysis passage identifies an oscilloscope as the device that displays sound waves as traces.",,"false","kx7d6rv7mkmcz7yn9k0dq2bf7s8bv0r9","[{""key"":""C"",""text"":""Ammeter""},{""key"":""A"",""text"":""Oscilloscope""},{""key"":""D"",""text"":""Barometer""},{""key"":""B"",""text"":""Thermometer""}]","Which device displays a sound waveform for analysis?","ms7ag5rpaqcrenfqrv7z3zr7g98bvsdb",,
"physics-10","13-sound","Sound","13-6-analyzing-sound-waves","13.6 Analyzing Sound Waves","k97e66ns7t1q8bbxxscwj1tpx58dkz47","A","The note states an oscilloscope displays a sound wave as a trace on a screen.",,"false","kx7d6rv7mkmcz7yn9k0dq2bf7s8bv0r9","[{""key"":""D"",""text"":""Filtering out all but one frequency""},{""key"":""A"",""text"":""Displaying a sound wave as a visible trace on a screen""},{""key"":""B"",""text"":""Amplifying the sound so it is louder""},{""key"":""C"",""text"":""Converting sound directly into light""}]","An oscilloscope is used to analyze sound by:","ms7ag5rpaqcrenfqrv7z3zr7g98bvsdb","13-6-analyzing-sound-waves","13-6-analyzing-sound-waves"
"physics-10","13-sound","Sound","13-6-analyzing-sound-waves","13.6 Analyzing Sound Waves","k971e5266ajf3mgwvjp0sezkfx8dky3w","A","The note defines timbre as the quality that lets us distinguish instruments/voices even on the same note.",,"false","kx7d6rv7mkmcz7yn9k0dq2bf7s8bv0r9","[{""key"":""A"",""text"":""Different instruments or voices playing the same note""},{""key"":""B"",""text"":""Loud and quiet sounds only""},{""key"":""D"",""text"":""Sound and silence""},{""key"":""C"",""text"":""High-pitched and low-pitched sounds only""}]","Timbre is what allows us to distinguish between:","ms7ag5rpaqcrenfqrv7z3zr7g98bvsdb","13-6-analyzing-sound-waves","13-6-analyzing-sound-waves"
"physics-10","13-sound","Sound","13-6-analyzing-sound-waves","13.6 Analyzing Sound Waves","k976eh3eaw4783nqhdymq3xmtn8djbac","A","The note states a pure tone from a tuning fork produces a smooth, regular sine wave on an oscilloscope.",,"false","kx7d6rv7mkmcz7yn9k0dq2bf7s8bv0r9","[{""key"":""C"",""text"":""No waveform at all""},{""key"":""B"",""text"":""A jagged, irregular waveform""},{""key"":""A"",""text"":""A smooth, regular sine wave""},{""key"":""D"",""text"":""A straight flat line""}]","A tuning fork's pure tone appears on an oscilloscope as:","ms7ag5rpaqcrenfqrv7z3zr7g98bvsdb","13-6-analyzing-sound-waves","13-6-analyzing-sound-waves"
"physics-10","13-sound","Sound","13-6-analyzing-sound-waves","13.6 Analyzing Sound Waves","k976rxmy8jaez75bvdafsdp3ws8djaf5","A","The note states complex waveforms from instruments include multiple frequencies and overtones.",,"false","kx7d6rv7mkmcz7yn9k0dq2bf7s8bv0r9","[{""key"":""B"",""text"":""Has no frequency at all""},{""key"":""D"",""text"":""Cannot be displayed on an oscilloscope""},{""key"":""C"",""text"":""Is always quieter""},{""key"":""A"",""text"":""Includes multiple frequencies and overtones""}]","A note from a piano or violin produces a more complex oscilloscope waveform than a tuning fork because it:","ms7ag5rpaqcrenfqrv7z3zr7g98bvsdb","13-6-analyzing-sound-waves","13-6-analyzing-sound-waves"
"physics-10","13-sound","Sound","13-6-analyzing-sound-waves","13.6 Analyzing Sound Waves","k978m4fmn8743w6qcs1bzhgnch8dj1jc","A","The note states the guitar's oscilloscope trace shows the fundamental frequency and various overtones.",,"false","kx7d6rv7mkmcz7yn9k0dq2bf7s8bv0r9","[{""key"":""A"",""text"":""The fundamental frequency and various overtones""},{""key"":""C"",""text"":""Random noise with no pattern""},{""key"":""B"",""text"":""Only a single flat line with no features""},{""key"":""D"",""text"":""The exact same waveform as a flute""}]","Plucking a guitar string produces an oscilloscope trace showing:","ms7ag5rpaqcrenfqrv7z3zr7g98bvsdb","13-6-analyzing-sound-waves","13-6-analyzing-sound-waves"
"physics-10","13-sound","Sound","13-7-speed-of-sound","13.7 Speed of Sound","k978pd35b7y793y8y087wjc5a98d3tzz","A","The Chapter 13 speed passage states that sound is fastest in solids, slower in liquids, and slowest in gases.",,"false","kx75zjgdxmdnbspmmdgbew0aan8bvm7j","[{""key"":""C"",""text"":""Gases""},{""key"":""B"",""text"":""Liquids""},{""key"":""A"",""text"":""Solids""},{""key"":""D"",""text"":""A vacuum""}]","Sound generally travels fastest through:","ms777js1nn8kztbc8r8szysqf98bv56w",,
"physics-10","13-sound","Sound","13-7-speed-of-sound","13.7 Speed of Sound","k97bp7hzfaccanszan52w0bb0s8dknaa","A","The note defines speed of sound as distance covered per unit time.",,"false","kx75zjgdxmdnbspmmdgbew0aan8bvm7j","[{""key"":""B"",""text"":""The maximum amplitude of a sound wave""},{""key"":""A"",""text"":""The distance covered by a sound wave per unit time""},{""key"":""C"",""text"":""The frequency of a sound wave""},{""key"":""D"",""text"":""The pitch of a sound wave""}]","Speed of sound is defined as:","ms777js1nn8kztbc8r8szysqf98bv56w","13-7-speed-of-sound","13-7-speed-of-sound"
"physics-10","13-sound","Sound","13-7-speed-of-sound","13.7 Speed of Sound","k97cdfzvn8me7xtrrer7wtnf9s8dkvav","A","The note states warmer air particles have more energy and move more rapidly, speeding up sound.",,"false","kx75zjgdxmdnbspmmdgbew0aan8bvm7j","[{""key"":""C"",""text"":""Absorb more sound energy""},{""key"":""A"",""text"":""Have more energy and move more rapidly""},{""key"":""D"",""text"":""Become denser than cold air""},{""key"":""B"",""text"":""Are farther apart with no particles at all""}]","Sound travels faster in warmer air mainly because warmer air particles:","ms777js1nn8kztbc8r8szysqf98bv56w","13-7-speed-of-sound","13-7-speed-of-sound"
"physics-10","13-sound","Sound","13-7-speed-of-sound","13.7 Speed of Sound","k972t7rdcvz2hkbmegg9dpkt0s8dkezp","A","The note states sound is fastest in solids, slower in liquids, and slowest in gases.",,"false","kx75zjgdxmdnbspmmdgbew0aan8bvm7j","[{""key"":""C"",""text"":""Gases""},{""key"":""B"",""text"":""Liquids""},{""key"":""D"",""text"":""A vacuum""},{""key"":""A"",""text"":""Solids""}]","Sound travels fastest through:","ms777js1nn8kztbc8r8szysqf98bv56w","13-7-speed-of-sound","13-7-speed-of-sound"
"physics-10","13-sound","Sound","13-7-speed-of-sound","13.7 Speed of Sound","k97cr36ng0gwq3hhcw1svwkwvh8djepr","A","The note attributes fast sound speed in solids to tightly packed particles held by strong forces.",,"false","kx75zjgdxmdnbspmmdgbew0aan8bvm7j","[{""key"":""D"",""text"":""Not vibrating at all""},{""key"":""B"",""text"":""Widely spaced with weak forces""},{""key"":""A"",""text"":""Tightly packed and held together by strong forces""},{""key"":""C"",""text"":""Constantly changing state""}]","Sound travels fastest in solids mainly because their particles are:","ms777js1nn8kztbc8r8szysqf98bv56w","13-7-speed-of-sound","13-7-speed-of-sound"
"physics-10","13-sound","Sound","13-7-speed-of-sound","13.7 Speed of Sound","k97051evwa9mqp4mq73cxdqr7s8dkp69","A","The note places liquid sound speed between gases (slower) and solids (faster).",,"false","kx75zjgdxmdnbspmmdgbew0aan8bvm7j","[{""key"":""B"",""text"":""Faster than in solids""},{""key"":""A"",""text"":""Faster than in gases but slower than in solids""},{""key"":""C"",""text"":""Slower than in gases""},{""key"":""D"",""text"":""At the same speed as in a vacuum""}]","Sound in liquids travels:","ms777js1nn8kztbc8r8szysqf98bv56w","13-7-speed-of-sound","13-7-speed-of-sound"
"physics-10","13-sound","Sound","13-7-speed-of-sound","13.7 Speed of Sound","k972gj4azj8wg6s3se7mjeb6e98djmht","A","The note states widely spaced gas particles make it harder for vibrations to transfer, slowing sound.",,"false","kx75zjgdxmdnbspmmdgbew0aan8bvm7j","[{""key"":""D"",""text"":""Not affected by temperature""},{""key"":""B"",""text"":""Tightly packed like a solid""},{""key"":""C"",""text"":""Moving faster than in solids""},{""key"":""A"",""text"":""Widely spaced, making vibration transfer harder""}]","Sound travels slowest in gases mainly because gas particles are:","ms777js1nn8kztbc8r8szysqf98bv56w","13-7-speed-of-sound","13-7-speed-of-sound"
"physics-10","13-sound","Sound","13-8-noise","13.8 Noise","k9702fscsgvamwa2vh2kreszms8d2mea","A","The Chapter 13 noise passage describes noise as unpleasant and lists irregular, non-rhythmic characteristics.",,"false","kx75ryy48w8ckhsrhaephvnmbh8btgdq","[{""key"":""A"",""text"":""An unpleasant, generally non-rhythmic sound""},{""key"":""C"",""text"":""A sound that cannot carry energy""},{""key"":""D"",""text"":""A wave with no intensity""},{""key"":""B"",""text"":""A perfectly periodic wave only""}]","Which description best matches noise?","ms7fyd6ehkewh556dwqgtk65kd8bvh4n",,
"physics-10","13-sound","Sound","13-8-noise","13.8 Noise","k97fj1gac06spaj3dee93x8h7x8djv71","A","The note states the term noise generally means unpleasant sound waves experienced by a listener.",,"false","kx75ryy48w8ckhsrhaephvnmbh8btgdq","[{""key"":""A"",""text"":""Unpleasant sound waves experienced by a listener""},{""key"":""B"",""text"":""Any sound at all, pleasant or not""},{""key"":""D"",""text"":""Silence""},{""key"":""C"",""text"":""Only sounds above 20,000 Hz""}]","In general usage, the term 'noise' refers to:","ms7fyd6ehkewh556dwqgtk65kd8bvh4n","13-8-noise","13-8-noise"
"physics-10","13-sound","Sound","13-8-noise","13.8 Noise","k9742z3gx4n5stg8rzxrb1jkbs8dj7ak","A","The note lists planting more trees among ways to reduce noise pollution.",,"false","kx75ryy48w8ckhsrhaephvnmbh8btgdq","[{""key"":""A"",""text"":""Planting more trees""},{""key"":""B"",""text"":""Increasing traffic volume""},{""key"":""C"",""text"":""Removing all insulation from buildings""},{""key"":""D"",""text"":""Running machines continuously without maintenance""}]","Which of these is listed as a way to reduce noise pollution?","ms7fyd6ehkewh556dwqgtk65kd8bvh4n","13-8-noise","13-8-noise"
"physics-10","13-sound","Sound","13-8-noise","13.8 Noise","k97dyz3wykpm6n89sy64gw5wh58dkghj","A","The note states human ear structures are designed for periodic sound waves.",,"false","kx75ryy48w8ckhsrhaephvnmbh8btgdq","[{""key"":""B"",""text"":""Non-periodic sound waves only""},{""key"":""D"",""text"":""Only infrasonic waves""},{""key"":""C"",""text"":""Only ultrasonic waves""},{""key"":""A"",""text"":""Periodic sound waves""}]","The human ear's structure is specifically designed to favor:","ms7fyd6ehkewh556dwqgtk65kd8bvh4n","13-8-noise","13-8-noise"
"physics-10","13-sound","Sound","13-8-noise","13.8 Noise","k97188m4jwjxpq9wc6k0aww5qd8dkenk","A","The note states sound beyond the periodic range converts to non-periodic waves with an unpleasant effect.",,"false","kx75ryy48w8ckhsrhaephvnmbh8btgdq","[{""key"":""C"",""text"":""Completely inaudible with no effect""},{""key"":""B"",""text"":""Perfectly pleasant musical tones""},{""key"":""D"",""text"":""Identical to periodic waves""},{""key"":""A"",""text"":""Non-periodic and very unpleasant""}]","Sound waves outside the roughly 15 Hz to 4000 Hz periodic range are experienced as:","ms7fyd6ehkewh556dwqgtk65kd8bvh4n","13-8-noise","13-8-noise"
"physics-10","13-sound","Sound","13-9-reflection-refraction-and-diffraction-of-sound","13.9 Reflection, Refraction and Diffraction of Sound","k97e1dr4sfek5drs9wdn2kz7p18d3vwe","A","The Chapter 13 sound-behavior passages distinguish reflection, refraction, and diffraction; bending around obstacles is diffraction.",,"false","kx72rbdbv7kd92dw0fa00f4pt98btm9k","[{""key"":""B"",""text"":""Reflection""},{""key"":""D"",""text"":""Absorption only""},{""key"":""C"",""text"":""Refraction""},{""key"":""A"",""text"":""Diffraction""}]","The bending of sound around an obstacle is called:","ms78tt5w5x1jrrggwx05xrwd4s8bvqbq",,
"physics-10","13-sound","Sound","13-9-reflection-refraction-and-diffraction-of-sound","13.9 Reflection, Refraction and Diffraction of Sound","k97bt01dabs0edbdjhq2zne2898dkwha","A","The note states reflection of sound waves is used to find the depth of the ocean.",,"false","kx72rbdbv7kd92dw0fa00f4pt98btm9k","[{""key"":""D"",""text"":""Absorption of sound by fish""},{""key"":""A"",""text"":""Reflection of sound waves off the ocean floor""},{""key"":""C"",""text"":""Diffraction of sound around obstacles""},{""key"":""B"",""text"":""Refraction of sound in warm water""}]","Finding ocean depth using sound relies on the principle of:","ms78tt5w5x1jrrggwx05xrwd4s8bvqbq","13-9-reflection-refraction-and-diffraction-of-sound","13-9-reflection-refraction-and-diffraction-of-sound"
"physics-10","13-sound","Sound","13-9-reflection-refraction-and-diffraction-of-sound","13.9 Reflection, Refraction and Diffraction of Sound","k97e6dzb157h5vzwa1zhdkbscd8dkyba","A","The note explains sound bends (refracts) because its speed changes across different materials/temperature layers.",,"false","kx72rbdbv7kd92dw0fa00f4pt98btm9k","[{""key"":""A"",""text"":""Changes in speed as sound passes through materials or air layers of different temperature""},{""key"":""B"",""text"":""The sound source moving""},{""key"":""C"",""text"":""A complete absence of any medium""},{""key"":""D"",""text"":""The listener moving away from the source""}]","Refraction of sound waves is caused by:","ms78tt5w5x1jrrggwx05xrwd4s8bvqbq","13-9-reflection-refraction-and-diffraction-of-sound","13-9-reflection-refraction-and-diffraction-of-sound"
"physics-10","13-sound","Sound","13-9-reflection-refraction-and-diffraction-of-sound","13.9 Reflection, Refraction and Diffraction of Sound","k974gtbyw95n7g7grrh2rnhea18djp01","A","The note states this bending impacts how submarines and marine animals like whales communicate underwater.",,"false","kx72rbdbv7kd92dw0fa00f4pt98btm9k","[{""key"":""A"",""text"":""How submarines and whales communicate underwater""},{""key"":""C"",""text"":""The color of the ocean""},{""key"":""B"",""text"":""Only surface wave height""},{""key"":""D"",""text"":""The salinity of seawater""}]","Bending of sound waves through water layers of different temperature and density affects:","ms78tt5w5x1jrrggwx05xrwd4s8bvqbq","13-9-reflection-refraction-and-diffraction-of-sound","13-9-reflection-refraction-and-diffraction-of-sound"
"physics-10","13-sound","Sound","13-9-reflection-refraction-and-diffraction-of-sound","13.9 Reflection, Refraction and Diffraction of Sound","k97dzfc0k261rx584f7kcxa6dh8dkp0m","A","The note defines diffraction as sound waves bending around obstacles or spreading through small openings.",,"false","kx72rbdbv7kd92dw0fa00f4pt98btm9k","[{""key"":""C"",""text"":""Changing speed when entering a new medium""},{""key"":""D"",""text"":""Being completely absorbed by an obstacle""},{""key"":""A"",""text"":""Bending around obstacles or spreading out through small openings""},{""key"":""B"",""text"":""Reflecting straight back off a hard wall""}]","Diffraction of sound refers to sound waves:","ms78tt5w5x1jrrggwx05xrwd4s8bvqbq","13-9-reflection-refraction-and-diffraction-of-sound","13-9-reflection-refraction-and-diffraction-of-sound"
"physics-10","13-sound","Sound","13-9-reflection-refraction-and-diffraction-of-sound","13.9 Reflection, Refraction and Diffraction of Sound","k97ftjcrdfsxpn18827tb86m658dkfcr","A","The note gives this exact example as diffraction, sound waves bending and spreading through the gap.",,"false","kx72rbdbv7kd92dw0fa00f4pt98btm9k","[{""key"":""B"",""text"":""Being reflected back into the source room""},{""key"":""A"",""text"":""Diffracting through the small opening""},{""key"":""D"",""text"":""Traveling as an electromagnetic wave""},{""key"":""C"",""text"":""Refracting due to a temperature change""}]","Hearing music from another room through a slightly open door is an example of sound:","ms78tt5w5x1jrrggwx05xrwd4s8bvqbq","13-9-reflection-refraction-and-diffraction-of-sound","13-9-reflection-refraction-and-diffraction-of-sound"
"physics-10","13-sound","Sound","13-10-echo","13.10 Echo","k9741emd3eqxqa45nkdqxtzx918d35zw","A","The Chapter 13 echo condition states that the human ear can distinguish sounds separated by about 0.1 second.",,"false","kx732xwb0nrgpskvcvhjcgwzg58btra8","[{""key"":""B"",""text"":""10 s""},{""key"":""D"",""text"":""100 s""},{""key"":""A"",""text"":""0.1 s""},{""key"":""C"",""text"":""0.001 s""}]","The approximate minimum time gap for hearing an echo separately is:","ms7860mqkf4yhm9q90yn7vnfmx8bv3aq",,
"physics-10","13-sound","Sound","13-10-echo","13.10 Echo","k97bd3jrgkxeq9kps7q48xdk818dk5av","A","The note defines echo as sound coming back to the listener due to the wave-reflection phenomenon.",,"false","kx732xwb0nrgpskvcvhjcgwzg58btra8","[{""key"":""A"",""text"":""Wave reflection off an obstacle""},{""key"":""D"",""text"":""Absorption by a soft surface""},{""key"":""C"",""text"":""Diffraction around a corner""},{""key"":""B"",""text"":""Wave refraction through a medium""}]","An echo is produced through the phenomenon of:","ms7860mqkf4yhm9q90yn7vnfmx8bv3aq","13-10-echo","13-10-echo"
"physics-10","13-sound","Sound","13-10-echo","13.10 Echo","k978ympw2y0nky8j9w8cg1h6cx8dk11a","A","The note states echo is a distinct sound wave which obeys reflection phenomenon.",,"false","kx732xwb0nrgpskvcvhjcgwzg58btra8","[{""key"":""C"",""text"":""A wave produced only in solids""},{""key"":""A"",""text"":""A distinct sound wave that obeys reflection phenomenon""},{""key"":""B"",""text"":""A sound wave with no relation to the original sound""},{""key"":""D"",""text"":""A permanently silent wave""}]","An echo is generally described as:","ms7860mqkf4yhm9q90yn7vnfmx8bv3aq","13-10-echo","13-10-echo"
"physics-10","13-sound","Sound","13-10-echo","13.10 Echo","k97f55g93t710j6nrsjtqtjdn18djc61","A","The note states the required time interval for perceiving two distinct sound waves is 0.1 second.",,"false","kx732xwb0nrgpskvcvhjcgwzg58btra8","[{""key"":""A"",""text"":""0.1 second""},{""key"":""D"",""text"":""0.001 second""},{""key"":""C"",""text"":""10 seconds""},{""key"":""B"",""text"":""1 minute""}]","For a human ear to distinguish an echo from the original sound, the minimum time interval between them must be about:","ms7860mqkf4yhm9q90yn7vnfmx8bv3aq","13-10-echo","13-10-echo"
"physics-10","13-sound","Sound","13-10-echo","13.10 Echo","k97fred7s80f1p3g0zn550cxa58dk88w","A","The note states the minimum echo distance is 1/20th of the speed of sound, giving 17 m at 340 m/s.",,"false","kx732xwb0nrgpskvcvhjcgwzg58btra8","[{""key"":""B"",""text"":""340 m""},{""key"":""A"",""text"":""17 m""},{""key"":""C"",""text"":""3.4 m""},{""key"":""D"",""text"":""1700 m""}]","If the speed of sound in air is 340 m/s, the minimum distance to produce an audible echo is approximately:","ms7860mqkf4yhm9q90yn7vnfmx8bv3aq","13-10-echo","13-10-echo"
"physics-10","13-sound","Sound","13-10-echo","13.10 Echo","k9758sdfy61822mprwx7p7rwyd8dkdtp","A","The note states bats cannot see well and rely on echolocation to navigate and identify things.",,"false","kx732xwb0nrgpskvcvhjcgwzg58btra8","[{""key"":""B"",""text"":""Sharp eyesight""},{""key"":""A"",""text"":""Echolocation""},{""key"":""C"",""text"":""Infrared vision""},{""key"":""D"",""text"":""Smell alone""}]","Bats navigate and identify obstacles primarily using:","ms7860mqkf4yhm9q90yn7vnfmx8bv3aq","13-10-echo","13-10-echo"
"physics-10","13-sound","Sound","13-12-human-hearing-system","13.12 Human Hearing System","k978v50m7g7tnqm3zwyshsevxx8d25t1","A","The Chapter 13 hearing-system passage describes hair cells in the cochlea generating electrical signals.",,"false","kx733wwg0e7nyyryac80r7pf498bvdht","[{""key"":""C"",""text"":""The eardrum alone""},{""key"":""D"",""text"":""The auditory nerve before the ear""},{""key"":""A"",""text"":""The cochlea""},{""key"":""B"",""text"":""The outer ear only""}]","Which structure contains hair cells that help convert vibration into electrical signals?","ms7f1jyc52xh1kxvb0d0fzvegn8btw2b",,
"physics-10","13-sound","Sound","13-12-human-hearing-system","13.12 Human Hearing System","k97ce284qs3ytjpntqwccdhap98dk6rm","A","The note states this process is described through wave mechanics, mechanical vibrations, and signal transduction.",,"false","kx733wwg0e7nyyryac80r7pf498bvdht","[{""key"":""B"",""text"":""Only chemical reactions in the ear""},{""key"":""A"",""text"":""Wave mechanics, mechanical vibrations, and signal transduction""},{""key"":""D"",""text"":""Random neural firing unrelated to sound""},{""key"":""C"",""text"":""Only the ear's shape""}]","The conversion of sound into brain-interpretable signals is explained through:","ms7f1jyc52xh1kxvb0d0fzvegn8btw2b","13-12-human-hearing-system","13-12-human-hearing-system"
"physics-10","13-sound","Sound","13-12-human-hearing-system","13.12 Human Hearing System","k97fsxq01x5pbc148nfj805v958djgg7","A","The note lists 'Sound Waves Enter the Ear' as step A, hitting the eardrum after travelling the ear canal.",,"false","kx733wwg0e7nyyryac80r7pf498bvdht","[{""key"":""B"",""text"":""Electrical signals reaching the brain""},{""key"":""C"",""text"":""Hair cells bending in the cochlea""},{""key"":""A"",""text"":""Sound waves entering the ear canal and hitting the eardrum""},{""key"":""D"",""text"":""The ossicles amplifying vibrations""}]","The very first step in the hearing process is:","ms7f1jyc52xh1kxvb0d0fzvegn8btw2b","13-12-human-hearing-system","13-12-human-hearing-system"
"physics-10","13-sound","Sound","13-12-human-hearing-system","13.12 Human Hearing System","k976ze6gtx0nrv1nze2hngye818dk23h","A","The note states the ossicles amplify the vibrations passed to them.",,"false","kx733wwg0e7nyyryac80r7pf498bvdht","[{""key"":""D"",""text"":""Store sound as a memory""},{""key"":""C"",""text"":""Produce the original sound wave""},{""key"":""A"",""text"":""Amplify the vibrations passed from the eardrum""},{""key"":""B"",""text"":""Convert light into sound""}]","The ossicles (malleus, incus, stapes) in the middle ear function to:","ms7f1jyc52xh1kxvb0d0fzvegn8btw2b","13-12-human-hearing-system","13-12-human-hearing-system"
"physics-10","13-sound","Sound","13-12-human-hearing-system","13.12 Human Hearing System","k9715zg70b2z49bvs4nspb46vx8dk888","A","The note describes the cochlea as a fluid-filled spiral structure in the inner ear.",,"false","kx733wwg0e7nyyryac80r7pf498bvdht","[{""key"":""B"",""text"":""A bone in the middle ear""},{""key"":""C"",""text"":""The eardrum itself""},{""key"":""D"",""text"":""Part of the outer ear canal""},{""key"":""A"",""text"":""A fluid-filled spiral structure in the inner ear""}]","The cochlea, which receives vibrations from the stapes, is described as:","ms7f1jyc52xh1kxvb0d0fzvegn8btw2b","13-12-human-hearing-system","13-12-human-hearing-system"
"physics-10","13-sound","Sound","13-12-human-hearing-system","13.12 Human Hearing System","k979cztd0nydj3976kqbmj8a7d8djtwb","A","The note states bending hair cells generate the electrical signals.",,"false","kx733wwg0e7nyyryac80r7pf498bvdht","[{""key"":""C"",""text"":""The eardrum stops vibrating""},{""key"":""D"",""text"":""The ossicles cool down""},{""key"":""B"",""text"":""Sound first enters the ear canal""},{""key"":""A"",""text"":""Hair cells in the cochlea bend""}]","Electrical signals in the hearing process are generated when:","ms7f1jyc52xh1kxvb0d0fzvegn8btw2b","13-12-human-hearing-system","13-12-human-hearing-system"
"physics-10","13-sound","Sound","13-12-human-hearing-system","13.12 Human Hearing System","k97cm1nkx6m49yybn16gxp1gb98dk546","A","The note lists tinnitus among the risks of continuous high-volume headphone/earphone use.",,"false","kx733wwg0e7nyyryac80r7pf498bvdht","[{""key"":""B"",""text"":""Improved long-term hearing sensitivity""},{""key"":""C"",""text"":""Permanent improvement in sound quality perception""},{""key"":""D"",""text"":""Reduced risk of ear infections""},{""key"":""A"",""text"":""Tinnitus (ringing in the ears)""}]","Which of these is a real risk of continuous high-volume headphone use listed in the note?","ms7f1jyc52xh1kxvb0d0fzvegn8btw2b","13-12-human-hearing-system","13-12-human-hearing-system"
"physics-10","13-sound","Sound","13-12-human-hearing-system","13.12 Human Hearing System","k9724swwdqbdnf5dx7yyg39ep58djxhq","A","The note states the ear can detect sounds from about 20 decibels to about 120 decibels.",,"false","kx733wwg0e7nyyryac80r7pf498bvdht","[{""key"":""B"",""text"":""0 decibels to 5 decibels only""},{""key"":""C"",""text"":""200 decibels to 500 decibels""},{""key"":""A"",""text"":""20 decibels (whisper) to 120 decibels (rock concert)""},{""key"":""D"",""text"":""1 decibel to 2 decibels""}]","The human ear's sensitivity range spans roughly:","ms7f1jyc52xh1kxvb0d0fzvegn8btw2b","13-12-human-hearing-system","13-12-human-hearing-system"