subjectSlug,chapterSlug,chapterTitle,topicSlug,topicTitle,_id,correctKey,explanation,lastAttempt,locked,noteId,options,sectionId,sectionLabel,stem,topicId
"physics-11","10-electrostatics","Electrostatics","coulomb-s-law","10.1 Coulomb's Law","k97bg6n7heb0kvz8c2ytnz3gsd8ccxnw","A","The corpus states that the stated SI value of the constant applies when vacuum is between the charges.",,"false","kx7epcbz5r12x56vxt89kzwqgs85pcwt","[{""key"":""A"",""text"":""When vacuum is between the charges""},{""key"":""B"",""text"":""Only when charges are moving at high speed""},{""key"":""C"",""text"":""Only inside a metal conductor""},{""key"":""D"",""text"":""When no charges are present""}]","__intro__","Introduction","When does the stated SI value of Coulomb’s constant apply?","ms74j5hwxqqmtc6f275yj0fdsd85qr2f"
"physics-11","10-electrostatics","Electrostatics","coulomb-s-law","10.1 Coulomb's Law","k976ywn9et81snans5e3jn8npx8bcgxs","A","Outside a uniformly charged spherical conductor, the entire charge behaves as if it were concentrated at the center of the sphere, so r is measured from the center to the external point.",,"false","kx7epcbz5r12x56vxt89kzwqgs85pcwt","[{""key"":""A"",""text"":""From the center of the sphere to the external point""},{""key"":""B"",""text"":""From the nearest point on the spheres surface to the external point""},{""key"":""C"",""text"":""From the farthest point on the spheres surface to the external point""},{""key"":""D"",""text"":""Coulombs Law cannot be applied to spheres at all""}]","coulombs-law-and-spherical-conductors","Coulomb's Law and Spherical Conductors","For a point located outside a uniformly charged spherical conductor, how should the distance r in Coulombs Law be measured?","ms74j5hwxqqmtc6f275yj0fdsd85qr2f"
"physics-11","10-electrostatics","Electrostatics","coulomb-s-law","10.1 Coulomb's Law","k97fjkkkgfpsj5sfrdb2nepz358bdv3y","A","Since q1*q2 = (+3)*(+5) is positive (both charges have the same sign), the force between them is repulsive.",,"false","kx7epcbz5r12x56vxt89kzwqgs85pcwt","[{""key"":""A"",""text"":""Repulsive, since both charges are positive""},{""key"":""B"",""text"":""Attractive, since both charges are positive""},{""key"":""C"",""text"":""Zero, since the charges are unequal""},{""key"":""D"",""text"":""Impossible to determine without their separation""}]","direction-of-the-force","Direction of the Force","Two point charges of +3 C and +5 C are placed near each other. The force between them is:","ms74j5hwxqqmtc6f275yj0fdsd85qr2f"
"physics-11","10-electrostatics","Electrostatics","coulomb-s-law","10.1 Coulomb's Law","k972pqrdn8knsn0w47034hhvy585qk1k","D","Since $F_{\text{med}} = F_{\text{vac}}/\varepsilon_r$, a higher relative permittivity $\varepsilon_r$ produces a greater reduction in force. Water has $\varepsilon_r \approx 80$, far exceeding air, vacuum, or glass, so it reduces the force the most.",,"false","kx7epcbz5r12x56vxt89kzwqgs85pcwt","[{""key"":""A"",""text"":""Air ($\\varepsilon_r \\approx 1$)""},{""key"":""B"",""text"":""Vacuum ($\\varepsilon_r = 1$)""},{""key"":""C"",""text"":""Glass ($\\varepsilon_r \\approx 5$–$10$)""},{""key"":""D"",""text"":""Water ($\\varepsilon_r \\approx 80$)""}]","effect-of-medium","Effect of Medium","Which material, when placed between two charges, reduces the electrostatic force between them the most?","ms74j5hwxqqmtc6f275yj0fdsd85qr2f"
"physics-11","10-electrostatics","Electrostatics","coulomb-s-law","10.1 Coulomb's Law","k975mfmx8xazeg51wxqvygzvad85qrh1","D","Coulomb's Law states $F \propto 1/r^2$. If $r$ is replaced by $2r$, the new force is $F' = k q_1 q_2/(2r)^2 = F/4$. The force becomes one-fourth of the original value.",,"false","kx7epcbz5r12x56vxt89kzwqgs85pcwt","[{""key"":""A"",""text"":""Double the original force""},{""key"":""B"",""text"":""Half the original force""},{""key"":""C"",""text"":""Four times the original force""},{""key"":""D"",""text"":""One-fourth the original force""}]","the-electrostatic-force-law","The Electrostatic Force Law","If the distance between two point charges is doubled, the electrostatic force between them becomes:","ms74j5hwxqqmtc6f275yj0fdsd85qr2f"
"physics-11","10-electrostatics","Electrostatics","coulomb-s-law","10.1 Coulomb's Law","k970kv817yknmhgd5qtc6y4kjd85q7wq","C","Coulomb's constant $k = 1/(4\pi\varepsilon)$ where $\varepsilon$ is the permittivity of the medium. Its numerical value also depends on the system of units (e.g., SI gives $k \approx 9\times10^9$ N m² C⁻²). It does not depend on the charges or distance.",,"false","kx7epcbz5r12x56vxt89kzwqgs85pcwt","[{""key"":""A"",""text"":""The magnitude of the charges""},{""key"":""B"",""text"":""The distance between the charges""},{""key"":""C"",""text"":""The medium between the charges and the system of units used""},{""key"":""D"",""text"":""The permittivity of the charges themselves""}]","the-formula-and-constants","The Formula and Constants","The value of Coulomb's constant $k = \frac{1}{4\pi\varepsilon}$ depends upon:","ms74j5hwxqqmtc6f275yj0fdsd85qr2f"
"physics-11","10-electrostatics","Electrostatics","coulomb-s-law","10.1 Coulomb's Law","k97dq43zpdxrzhgk1qfbqtk6k98bdzn5","A","The superposition principle requires calculating the force from each other charge individually using Coulomb's Law, then summing these force vectors to get the net force.",,"false","kx7epcbz5r12x56vxt89kzwqgs85pcwt","[{""key"":""A"",""text"":""Calculate each pairwise force separately, then add them as vectors""},{""key"":""B"",""text"":""Add the magnitudes of the charges, then apply Coulomb's Law once""},{""key"":""C"",""text"":""Use only the force from the nearest charge""},{""key"":""D"",""text"":""Average the two individual forces""}]","the-superposition-principle","The Superposition Principle","Three point charges lie on a line. To find the net force on the middle charge due to the other two, you should:","ms74j5hwxqqmtc6f275yj0fdsd85qr2f"
"physics-11","10-electrostatics","Electrostatics","electric-field-intensity","10.2 Electric Field Intensity","k9752337bbqzphb65vp40g0ssh8bc801","A","E = F/q = 10 N / 2 C = 5 N/C.",,"false","kx71tng4165wgtzzbbq3ywy8vx85pxq7","[{""key"":""A"",""text"":""5 N/C""},{""key"":""B"",""text"":""20 N/C""},{""key"":""C"",""text"":""0.2 N/C""},{""key"":""D"",""text"":""12 N/C""}]","1-the-electric-field-and-force","1. The Electric Field and Force","A test charge of +2 C placed at a point experiences a force of 10 N. What is the electric field intensity at that point?","ms78vymd1x57jjzwnw3kt6f4w585q780"
"physics-11","10-electrostatics","Electrostatics","electric-field-intensity","10.2 Electric Field Intensity","k97ecnntw476dabcz9qg7z2fq985ps5h","B","By definition, electric field intensity is the electrostatic force per unit positive test charge. Dividing force $\vec{F}$ by the test charge $q_0$ gives $\vec{E} = \vec{F}/q_0$. The other options invert or multiply incorrectly.",,"false","kx71tng4165wgtzzbbq3ywy8vx85pxq7","[{""key"":""A"",""text"":""$\\vec{E} = \\vec{F} \\cdot q_0$""},{""key"":""B"",""text"":""$\\vec{E} = \\frac{\\vec{F}}{q_0}$""},{""key"":""C"",""text"":""$\\vec{E} = \\frac{q_0}{\\vec{F}}$""},{""key"":""D"",""text"":""$\\vec{E} = \\frac{1}{\\vec{F} \\cdot q_0}$""}]","2-electric-field-intensity-vece","2. Electric Field Intensity ($\vec{E}$)","Which of the following correctly defines the Electric Field Intensity $\vec{E}$ at a point?","ms78vymd1x57jjzwnw3kt6f4w585q780"
"physics-11","10-electrostatics","Electrostatics","electric-field-intensity","10.2 Electric Field Intensity","k9720jcx1ek07qb33d6ftzdbf185q4ee","D","The electric field due to a point charge follows the inverse square law: $E \propto 1/r^2$. When distance is doubled, $E' = k Q/(2r)^2 = kQ/(4r^2) = E/4$. The field reduces to one-quarter of its original value.",,"false","kx71tng4165wgtzzbbq3ywy8vx85pxq7","[{""key"":""A"",""text"":""$2E$""},{""key"":""B"",""text"":""$\\frac{E}{2}$""},{""key"":""C"",""text"":""$4E$""},{""key"":""D"",""text"":""$\\frac{E}{4}$""}]","3-electric-field-of-a-point-charge","3. Electric Field of a Point Charge","A point charge produces an electric field of intensity $E$ at distance $r$. If the distance is doubled to $2r$, the new electric field intensity becomes:","ms78vymd1x57jjzwnw3kt6f4w585q780"
"physics-11","10-electrostatics","Electrostatics","electric-field-intensity","10.2 Electric Field Intensity","k978aemsjt2t4ccrcjf94emy2s8bckhr","A","Electric Field Intensity is force per unit charge, so its SI unit is Newton per Coulomb (N/C), which is equivalent to Volt per meter (V/m).",,"false","kx71tng4165wgtzzbbq3ywy8vx85pxq7","[{""key"":""A"",""text"":""Newton per Coulomb (N/C)""},{""key"":""B"",""text"":""Coulomb per meter (C/m)""},{""key"":""C"",""text"":""Joule per Coulomb (J/C)""},{""key"":""D"",""text"":""Newton per meter (N/m)""}]","4-units-of-electric-field-intensity","4. Units of Electric Field Intensity","What is the SI unit of Electric Field Intensity?","ms78vymd1x57jjzwnw3kt6f4w585q780"
"physics-11","10-electrostatics","Electrostatics","electric-field-intensity","10.2 Electric Field Intensity","k97e1xs2p0bz3vhc5njbp9f8sd8cdv9m","B","Electric field intensity is a vector, so it contains both the field strength and the field direction at the point.",,"false","kx71tng4165wgtzzbbq3ywy8vx85pxq7","[{""key"":""A"",""text"":""Only the charge’s mass""},{""key"":""B"",""text"":""The field strength and its direction""},{""key"":""C"",""text"":""Only the distance from Earth""},{""key"":""D"",""text"":""The temperature of the surrounding medium""}]","__intro__","Introduction","What information does electric field intensity provide at a point?","ms78vymd1x57jjzwnw3kt6f4w585q780"
"physics-11","10-electrostatics","Electrostatics","electric-field-intensity","10.2 Electric Field Intensity","k97acknt60v83p5qxrrw3dsb9x8bc8th","A","An electric field is the region of space surrounding a charge (or group of charges) within which another charged object placed in that region experiences an electric force.",,"false","kx71tng4165wgtzzbbq3ywy8vx85pxq7","[{""key"":""A"",""text"":""A region of space around a charge in which another charge experiences a force""},{""key"":""B"",""text"":""A type of electric current flowing through a wire""},{""key"":""C"",""text"":""The total charge stored on a conductor""},{""key"":""D"",""text"":""A measure of a material's resistance to electric current""}]","what-is-an-electric-field","What Is an Electric Field?","What is an electric field?","ms78vymd1x57jjzwnw3kt6f4w585q780"
"physics-11","10-electrostatics","Electrostatics","electric-field-lines","10.3 Electric Field Lines","k97338zhwa29tmcpsexkvet4hh8cdyta","B","Electric field lines are a visual representation of the field’s direction and intensity around charged bodies.",,"false","kx7199jxfc64s57syx72kdrrsd85p5s7","[{""key"":""A"",""text"":""Only the mass of a charge""},{""key"":""B"",""text"":""The direction and intensity of the electric field""},{""key"":""C"",""text"":""The temperature of the charge""},{""key"":""D"",""text"":""The speed of light in vacuum""}]","__intro__","Introduction","What do electric field lines represent?","ms70n4pvrykgsab4we64a7x3zs85p49s"
"physics-11","10-electrostatics","Electrostatics","electric-field-lines","10.3 Electric Field Lines","k97bqxnrwftp4hsec6mwkj3d6s85qtaz","C","Between large parallel plates with opposite charges, the electric field is uniform: constant in both magnitude and direction. This means the field lines are parallel to each other and equally spaced throughout the region (except near the edges).",,"false","kx7199jxfc64s57syx72kdrrsd85p5s7","[{""key"":""A"",""text"":""Converging toward the negative plate""},{""key"":""B"",""text"":""Diverging from the positive plate""},{""key"":""C"",""text"":""Parallel and equally spaced (uniform field)""},{""key"":""D"",""text"":""Curved and non-parallel""}]","common-electric-field-patterns","Common Electric Field Patterns","Between two large, oppositely charged parallel plates, the electric field lines are:","ms70n4pvrykgsab4we64a7x3zs85p49s"
"physics-11","10-electrostatics","Electrostatics","electric-field-lines","10.3 Electric Field Lines","k97dk0r06r17sr0wfn2a1vphxh85qatj","C","By definition, the tangent to an electric field line at any point gives the direction of the electric field vector $\vec{E}$ at that point. This is the fundamental property used to represent electric fields visually.",,"false","kx7199jxfc64s57syx72kdrrsd85p5s7","[{""key"":""A"",""text"":""Electric Potential""},{""key"":""B"",""text"":""Electric Force on a negative test charge""},{""key"":""C"",""text"":""Electric Field Intensity ($\\vec{E}$)""},{""key"":""D"",""text"":""Magnetic Flux Density""}]","definition-and-representation","Definition and Representation","The tangent drawn at any point on an electric field line indicates the direction of:","ms70n4pvrykgsab4we64a7x3zs85p49s"
"physics-11","10-electrostatics","Electrostatics","electric-field-lines","10.3 Electric Field Lines","k979j64s75nhp1nzh283hdkach85pd9t","B","If two field lines crossed, there would be two tangents at the intersection point, implying two different directions for $\vec{E}$ at that point. Since $\vec{E}$ is a unique vector at every point, this is physically impossible.",,"false","kx7199jxfc64s57syx72kdrrsd85p5s7","[{""key"":""A"",""text"":""They are imaginary lines with no physical significance""},{""key"":""B"",""text"":""The electric field $\\vec{E}$ has only one unique direction at any given point""},{""key"":""C"",""text"":""They always form closed loops""},{""key"":""D"",""text"":""They are always parallel to each other""}]","properties-and-rules-for-drawing-electric-field-lines","Properties and Rules for Drawing Electric Field Lines","Electric field lines never cross each other because:","ms70n4pvrykgsab4we64a7x3zs85p49s"
"physics-11","10-electrostatics","Electrostatics","electric-field-lines","10.3 Electric Field Lines","k97dpcpe3t9nex4gt8rsvbbt7x85q01s","B","Electric field lines point from positive to negative (south to north here). A positive test charge would move north, but an electron carries negative charge, so it experiences a force opposite to $ec{E}$, meaning it moves south. This illustrates how field line direction relates to force on charges.",,"false","kx7199jxfc64s57syx72kdrrsd85p5s7","[{""key"":""A"",""text"":""North (along the field direction)""},{""key"":""B"",""text"":""South (opposite to the field direction)""},{""key"":""C"",""text"":""East""},{""key"":""D"",""text"":""West""}]","properties-and-rules-for-drawing-electric-field-lines","Properties and Rules for Drawing Electric Field Lines","An electron is placed in a uniform electric field directed from south to north. In which direction will the electron move?","ms70n4pvrykgsab4we64a7x3zs85p49s"
"physics-11","10-electrostatics","Electrostatics","ferrofluid","10.4 Ferrofluid","k970qpkabny8abd5xm5zvrr9d18cdhq7","A","The corpus lists magnetic resonance imaging among ferrofluid applications in medical physics.",,"false","kx79dv045baprkfg1hmprehr9d85ps51","[{""key"":""A"",""text"":""Magnetic resonance imaging""},{""key"":""B"",""text"":""Measuring the speed of light in vacuum""},{""key"":""C"",""text"":""Producing gravitational waves""},{""key"":""D"",""text"":""Determining the charge of a neutron""}]","__intro__","Introduction","Which is an application of ferrofluids identified in the Chapter 10 corpus?","ms78kwr1w256q07knsyan1y9d585qwby"
"physics-11","10-electrostatics","Electrostatics","ferrofluid","10.4 Ferrofluid","k97ah9eh2npxpp445na8b3g7x98bdjgd","B","Rotating shaft seals use magnets to hold ferrofluid in place around a spinning shaft, forming a frictionless seal that keeps out dust, debris, and gases, commonly used in computer hard drives and other machinery.",,"false","kx79dv045baprkfg1hmprehr9d85ps51","[{""key"":""A"",""text"":""MRI contrast enhancement""},{""key"":""B"",""text"":""Rotating shaft seals in hard drives""},{""key"":""C"",""text"":""Loudspeaker voice-coil cooling""},{""key"":""D"",""text"":""Targeted drug delivery""}]","applications-of-ferrofluids","Applications of Ferrofluids","Which application relies on ferrofluid being held in place by magnets to form a frictionless barrier around a spinning shaft?","ms78kwr1w256q07knsyan1y9d585qwby"
"physics-11","10-electrostatics","Electrostatics","ferrofluid","10.4 Ferrofluid","k97efxq2fadgwvb8dprebn1pqd85p4fg","B","Nanoparticles must be approximately 10 nm in diameter so that Brownian motion (thermal energy) is sufficient to overcome gravitational sedimentation and magnetic agglomeration, maintaining a stable colloidal suspension.",,"false","kx79dv045baprkfg1hmprehr9d85ps51","[{""key"":""A"",""text"":""10 micrometers ($10 \\times 10^{-6}$ m)""},{""key"":""B"",""text"":""10 nanometers ($10 \\times 10^{-9}$ m)""},{""key"":""C"",""text"":""1 millimeter ($10^{-3}$ m)""},{""key"":""D"",""text"":""100 micrometers ($100 \\times 10^{-6}$ m)""}]","composition-and-structure","Composition and Structure","What is the typical diameter of the magnetic nanoparticles in a stable ferrofluid?","ms78kwr1w256q07knsyan1y9d585qwby"
"physics-11","10-electrostatics","Electrostatics","ferrofluid","10.4 Ferrofluid","k9756mq73at58jawvjgxnvhj6d85q43v","C","Surfactant molecules form a physical coating around each nanoparticle. This coating creates steric hindrance: a spatial barrier that prevents the magnetic cores from approaching close enough to aggregate, keeping the suspension stable.",,"false","kx79dv045baprkfg1hmprehr9d85ps51","[{""key"":""A"",""text"":""The magnetic attraction between nanoparticles.""},{""key"":""B"",""text"":""The flow resistance of the carrier fluid.""},{""key"":""C"",""text"":""The physical barrier that prevents nanoparticle cores from clumping together.""},{""key"":""D"",""text"":""The evaporation of the carrier liquid under heat.""}]","composition-and-structure","Composition and Structure","In the context of ferrofluids, what does 'steric hindrance' provided by the surfactant refer to?","ms78kwr1w256q07knsyan1y9d585qwby"
"physics-11","10-electrostatics","Electrostatics","ferrofluid","10.4 Ferrofluid","k97fzxq1cdztwqe8d7rhwdhcpn85qb9m","B","Ferrofluids are superparamagnetic: they exhibit high magnetic susceptibility and align strongly with an applied field, but retain no permanent magnetization once the external field is removed, unlike ferromagnets.",,"false","kx79dv045baprkfg1hmprehr9d85ps51","[{""key"":""A"",""text"":""It is permanently magnetic like a bar magnet.""},{""key"":""B"",""text"":""It exhibits superparamagnetism, becoming magnetic only in an external field.""},{""key"":""C"",""text"":""It is diamagnetic and repels all magnetic fields.""},{""key"":""D"",""text"":""It loses all fluid properties when magnetized.""}]","magnetic-behavior","Magnetic Behavior","Which of the following best describes the magnetic behavior of a ferrofluid?","ms78kwr1w256q07knsyan1y9d585qwby"
"physics-11","10-electrostatics","Electrostatics","ferrofluid","10.4 Ferrofluid","k974xtrwag2v8ygaf9w50g6sxx85qgzd","A","The normal-field instability produces spikes where magnetic energy is minimized by elongating along field lines, while surface tension resists increasing surface area and gravity resists upward displacement. The equilibrium of these three effects determines spike height and shape.",,"false","kx79dv045baprkfg1hmprehr9d85ps51","[{""key"":""A"",""text"":""Magnetic force, gravity, and surface tension.""},{""key"":""B"",""text"":""Viscosity and fluid density only.""},{""key"":""C"",""text"":""Electric field force and magnetic field force.""},{""key"":""D"",""text"":""Atmospheric pressure and temperature gradient.""}]","magnetic-behavior","Magnetic Behavior","The formation of surface spikes on a ferrofluid in an applied magnetic field results from the balance between which forces?","ms78kwr1w256q07knsyan1y9d585qwby"
"physics-11","10-electrostatics","Electrostatics","potential-gradient","10.5 Potential Gradient","k97cz9pf60pantw76d8265ctp985pnhn","C","The electric field intensity equals the negative of the potential gradient. The negative sign indicates that $\vec{E}$ points in the direction of decreasing potential. Thus $E = -\Delta V / \Delta r$.",,"false","kx79jzhhs7rmeqpqg6m71kx9ys85p7ch","[{""key"":""A"",""text"":""$E = \\frac{\\Delta V}{\\Delta r}$""},{""key"":""B"",""text"":""$E = \\Delta V \\cdot \\Delta r$""},{""key"":""C"",""text"":""$E = -\\frac{\\Delta V}{\\Delta r}$""},{""key"":""D"",""text"":""$E = \\frac{\\Delta r}{\\Delta V}$""}]","1-definition-and-relationship-to-electric-field","1. Definition and Relationship to Electric Field","The electric field intensity $E$ at a point is related to the electric potential $V$ and displacement $\Delta r$ by which expression?","ms75nbfh4dx08jadjx80d4w37s85p3xh"
"physics-11","10-electrostatics","Electrostatics","potential-gradient","10.5 Potential Gradient","k974gp0s97vzc013nnpzgm8va985pxa3","B","The relation $E = -\Delta V / \Delta r$ contains a negative sign, meaning $ec{E}$ is directed opposite to the increase in potential, meaning it always points toward regions of lower electric potential.",,"false","kx79jzhhs7rmeqpqg6m71kx9ys85p7ch","[{""key"":""A"",""text"":""In the direction of increasing electric potential""},{""key"":""B"",""text"":""In the direction of decreasing electric potential""},{""key"":""C"",""text"":""Perpendicular to the electric field lines""},{""key"":""D"",""text"":""Tangent to the equipotential surface""}]","1-definition-and-relationship-to-electric-field","1. Definition and Relationship to Electric Field","In which direction does the electric field intensity $\vec{E}$ always point relative to electric potential?","ms75nbfh4dx08jadjx80d4w37s85p3xh"
"physics-11","10-electrostatics","Electrostatics","potential-gradient","10.5 Potential Gradient","k97am0qshf7dp5f9b5b7jftm998bdjhr","A","Both $W=F_{\mathrm{ext}}\Delta R=(-q_0E)\Delta R$ and $W=q_0\Delta V$ are directly proportional to $q_0$, so equating them and dividing through by $q_0$ cancels it, leaving $E=-\frac{\Delta V}{\Delta R}$ independent of the test charge used.",,"false","kx79jzhhs7rmeqpqg6m71kx9ys85p7ch","[{""key"":""A"",""text"":""Both expressions for work done (from force and from potential difference) are proportional to q0""},{""key"":""B"",""text"":""The test charge is assumed to be infinitesimally small""},{""key"":""C"",""text"":""The electric field is assumed to be non-uniform""},{""key"":""D"",""text"":""The test charge is assumed to be negative""}]","2-derivation-of-the-potential-gradient","2. Derivation of the Potential Gradient","In deriving E = -deltaV/deltaR from the work done moving a test charge, which step allows the test charge magnitude q0 to cancel out of the final relationship?","ms75nbfh4dx08jadjx80d4w37s85p3xh"
"physics-11","10-electrostatics","Electrostatics","potential-gradient","10.5 Potential Gradient","k974pjjd1e72vxbmyqn6zv95p185qd7j","B","Electric field intensity is measured in N C$^{-1}$, which is equivalent to V m$^{-1}$ since 1 V = 1 J C$^{-1}$ = 1 N m C$^{-1}$, giving V m$^{-1}$ = N C$^{-1}$. Both are correct units.",,"false","kx79jzhhs7rmeqpqg6m71kx9ys85p7ch","[{""key"":""A"",""text"":""Volt-meter (V·m)""},{""key"":""B"",""text"":""Newton per Coulomb (N C$^{-1}$)""},{""key"":""C"",""text"":""Joule per Coulomb (J C$^{-1}$)""},{""key"":""D"",""text"":""Coulomb per Newton (C N$^{-1}$)""}]","3-units-of-electric-field-intensity","3. Units of Electric Field Intensity","Which of the following is a valid SI unit for electric field intensity (potential gradient)?","ms75nbfh4dx08jadjx80d4w37s85p3xh"
"physics-11","10-electrostatics","Electrostatics","potential-gradient","10.5 Potential Gradient","k97c68jwjhnthb5ev69aqgr8an85p2vz","D","From $E = -\Delta V / \Delta r$: if $V$ is constant, then $\Delta V = 0$, so $E = 0$. A constant potential means no potential gradient, hence no electric field exists in that region.",,"false","kx79jzhhs7rmeqpqg6m71kx9ys85p7ch","[{""key"":""A"",""text"":""Infinite""},{""key"":""B"",""text"":""Maximum""},{""key"":""C"",""text"":""Negative""},{""key"":""D"",""text"":""Zero""}]","4-analogy-with-a-hill","4. Analogy with a Hill","If the electric potential $V$ is constant throughout a region of space, what is the electric field intensity $E$ in that region?","ms75nbfh4dx08jadjx80d4w37s85p3xh"
"physics-11","10-electrostatics","Electrostatics","potential-gradient","10.5 Potential Gradient","k970d118h8530x4mep2kecp4j58bc91w","B","For a point charge, E = V/r, so r = V/E = 20 V / 10 N/C = 2 m.",,"false","kx79jzhhs7rmeqpqg6m71kx9ys85p7ch","[{""key"":""A"",""text"":""0.5 m""},{""key"":""B"",""text"":""2 m""},{""key"":""C"",""text"":""200 m""},{""key"":""D"",""text"":""10 m""}]","6-example-calculation","6. Example Calculation","At a point due to a single point charge, the electric potential is 20 V and the electric field intensity is 10 N/C. What is the distance from the charge?","ms75nbfh4dx08jadjx80d4w37s85p3xh"
"physics-11","10-electrostatics","Electrostatics","potential-gradient","10.5 Potential Gradient","k97fp2emkerrd56dyc69mhceyx8ccv0z","A","The potential-gradient relationship gives electric field strength in volt per metre, equivalent to newton per coulomb.",,"false","kx79jzhhs7rmeqpqg6m71kx9ys85p7ch","[{""key"":""A"",""text"":""Volt per metre""},{""key"":""B"",""text"":""Joule per kilogram""},{""key"":""C"",""text"":""Coulomb per second""},{""key"":""D"",""text"":""Metre per second""}]","__intro__","Introduction","Which unit can express electric field strength through the potential-gradient relationship?","ms75nbfh4dx08jadjx80d4w37s85p3xh"