subjectSlug,chapterSlug,chapterTitle,topicSlug,topicTitle,_id,answer,difficulty,dueAt,isDue,lapseCount,lastRating,lastReviewedAt,locked,nextReviewLabel,prompt,reps,scheduledDays,sectionId,sectionLabel,stability,state,sourceRef
"physics-11","06-fluid-mechanics","Fluid Mechanics","upthrust-and-archimedes-principle","6.1 Archimedes' Principle and Buoyancy","k57fhxvggvnh5wjbb6gmvt645d85qky9","Submarines use ballast tanks. Filling the tanks with water increases the submarine's total weight, causing it to sink. To rise, compressed air forces water out of the tanks, reducing weight so the buoyant force pushes the submarine to the surface.",,,"true",,,,"false",,"How do submarines control their depth in water?",,,"applications","Applications",,"new",
"physics-11","06-fluid-mechanics","Fluid Mechanics","upthrust-and-archimedes-principle","6.1 Archimedes' Principle and Buoyancy","k57ap0gssrvz9ea1pqfnynkpm58bc1pz","The key is density and shape. A solid nail is denser than water, so it sinks. A ship is shaped to be mostly hollow, so its large volume displaces a huge amount of water, giving it an average density (total mass / total volume) less than water, allowing it to float.",,,"true",,,,"false",,"How can a ship made of iron float, when an iron nail sinks?",,,"applications","Applications",,"new",
"physics-11","06-fluid-mechanics","Fluid Mechanics","upthrust-and-archimedes-principle","6.1 Archimedes' Principle and Buoyancy","k574dnhxcdj31yyf8c7wwzm85n85qzvs","When an object is wholly or partially immersed in a fluid, it experiences an upthrust equal to the weight of the fluid displaced by the object.",,,"true",,,,"false",,"State Archimedes' Principle.",,,"archimedes-principle","Archimedes' Principle",,"new",
"physics-11","06-fluid-mechanics","Fluid Mechanics","upthrust-and-archimedes-principle","6.1 Archimedes' Principle and Buoyancy","k574129r51aj0h35v6qx7swhqh85pt0s","$$F_{u} = \rho V g$$ where $\rho$ is the density of the fluid, $V$ is the volume of the displaced fluid, and $g$ is the acceleration due to gravity.",,,"true",,,,"false",,"What is the formula for Upthrust ($F_{u}$) in terms of fluid properties?",,,"archimedes-principle","Archimedes' Principle",,"new",
"physics-11","06-fluid-mechanics","Fluid Mechanics","upthrust-and-archimedes-principle","6.1 Archimedes' Principle and Buoyancy","k572nrvh74c0akq7wqnjpn736x85p16s","Buoyancy (upthrust) is the net upward force exerted by a fluid on a submerged object. It is caused by the increase of fluid pressure with depth: the upward pressure on the bottom surface of the object is greater than the downward pressure on the top surface, producing a net upward force.",,,"true",,,,"false",,"What is buoyancy (upthrust) and what causes it?",,,"buoyant-force-upthrust","Buoyant Force (Upthrust)",,"new",
"physics-11","06-fluid-mechanics","Fluid Mechanics","upthrust-and-archimedes-principle","6.1 Archimedes' Principle and Buoyancy","k5768zsftzf4hb3b457ydq56zs8bdtf2","When the mug is underwater, it is supported by an upward buoyant force from the surrounding water. This buoyant force counteracts some of the mug's weight, so a smaller force is needed to hold it up, its ""apparent weight"" is reduced.",,,"true",,,,"false",,"Why does a mug filled with water feel lighter underwater?",,,"buoyant-force-upthrust","Buoyant Force (Upthrust)",,"new",
"physics-11","06-fluid-mechanics","Fluid Mechanics","upthrust-and-archimedes-principle","6.1 Archimedes' Principle and Buoyancy","k575xpmdcr04e56fmfgs28qb9x8cdgz4","Pressure is greater on the bottom surface than on the top surface, so the pressure difference produces a net upward force.",,,"true",,,,"false",,"Why does a fluid exert an upward buoyant force on a submerged object?",,,"buoyant-force-upthrust","Buoyant Force (Upthrust)",,"new","{""chapterNumber"":6,""page"":88,""subjectSlug"":""physics-11""}"
"physics-11","06-fluid-mechanics","Fluid Mechanics","upthrust-and-archimedes-principle","6.1 Archimedes' Principle and Buoyancy","k5759bcrq06yyjt030rtmcjpwx85qk0z","A floating object displaces a weight of fluid equal to its own weight. In this case, Upthrust = Weight of the object.",,,"true",,,,"false",,"What is the Law of Flotation?",,,"the-principle-of-flotation","The Principle of Flotation",,"new",
"physics-11","06-fluid-mechanics","Fluid Mechanics","upthrust-and-archimedes-principle","6.1 Archimedes' Principle and Buoyancy","k5770eryw7zm8c79chgwe1hr418cdvcw","A floating object displaces a weight of fluid equal to its own weight.",,,"true",,,,"false",,"What does the law of flotation state?",,,"the-principle-of-flotation","The Principle of Flotation",,"new","{""chapterNumber"":6,""page"":88,""subjectSlug"":""physics-11""}"
"physics-11","06-fluid-mechanics","Fluid Mechanics","fluid-flow","6.2 Types of Fluid Flow","k5734782718wcsanjd4v6pbyph8bcrf4","Streamline flow is smooth, orderly, and predictable fluid motion. Every particle follows the same path (a streamline) as particles before it, streamlines never cross, and velocity at any given point stays constant over time. It occurs at lower speeds, e.g. a gentle river or slow flow through a smooth pipe.",,,"true",,,,"false",,"What is streamline (laminar) flow, and what are its key characteristics?",,,"1-streamline-flow-laminar-flow","1. Streamline Flow (Laminar Flow)",,"new",
"physics-11","06-fluid-mechanics","Fluid Mechanics","fluid-flow","6.2 Types of Fluid Flow","k570v3afwked86km3rerw2vdr18cc28d","Streamline flow is smooth, orderly, and predictable fluid motion in which particles follow smooth paths and streamlines do not cross.",,,"true",,,,"false",,"What is streamline flow?",,,"1-streamline-flow-laminar-flow","1. Streamline Flow (Laminar Flow)",,"new","{""chapterNumber"":6,""page"":89,""subjectSlug"":""physics-11""}"
"physics-11","06-fluid-mechanics","Fluid Mechanics","fluid-flow","6.2 Types of Fluid Flow","k571rfwvzdqy1g4nam8tcdy1w585p373","An ideal fluid is assumed to be: (1) **Non-viscous**: zero internal friction; (2) **Incompressible**: constant density; (3) **Steady flow**: streamline (laminar) motion; (4) **Irrotational**: fluid elements do not rotate or spin.",,,"true",,,,"false",,"What are the four assumptions of an ideal fluid used in fluid dynamics?",,,"ideal-vs-real-fluids","Ideal vs. Real Fluids",,"new",
"physics-11","06-fluid-mechanics","Fluid Mechanics","fluid-flow","6.2 Types of Fluid Flow","k5714zg39fs310b4k34kb3cvh98ccagf","An ideal fluid is assumed to be non-viscous and incompressible; it is also modeled as steady-flowing and irrotational.",,,"true",,,,"false",,"Name two assumptions made for an ideal fluid.",,,"ideal-vs-real-fluids","Ideal vs. Real Fluids",,"new","{""chapterNumber"":6,""page"":89,""subjectSlug"":""physics-11""}"
"physics-11","06-fluid-mechanics","Fluid Mechanics","fluid-flow","6.2 Types of Fluid Flow","k572n222xxj8zv6e144yq9a6ph8bc6ay","Real fluids always have some internal friction between adjacent layers moving at different speeds. When one layer moves faster than a neighboring layer, friction between them slows the faster layer and speeds up the slower one, this internal friction is viscosity.",,,"true",,,,"false",,"At the microscopic level, why do real fluids exhibit viscosity?",,,"why-real-fluids-are-viscous","Why Real Fluids Are Viscous",,"new",
"physics-11","06-fluid-mechanics","Fluid Mechanics","equation-of-continuity","6.3 Equation of Continuity","k577nxx5stk7pnbmnq1zdhtw4185p29b","The Law of Conservation of Mass. It states that the mass of fluid entering a pipe must equal the mass of fluid leaving the pipe in the same time interval.",,,"true",,,,"false",,"What physical law serves as the basis for the Equation of Continuity?",,,"conservation-of-mass","Conservation of Mass",,"new",
"physics-11","06-fluid-mechanics","Fluid Mechanics","equation-of-continuity","6.3 Equation of Continuity","k573bk725a59bj65wn7ckg6v998bd1xe","Yes, it is a fundamental principle in hemodynamics. The total cross-sectional area of the capillaries is much larger than that of the aorta, so blood flows much more slowly in the capillaries, essential for nutrient exchange.",,,"true",,,,"false",,"Does the equation of continuity apply to blood flow in the human body?",,,"mathematical-derivation","Mathematical Derivation",,"new",
"physics-11","06-fluid-mechanics","Fluid Mechanics","equation-of-continuity","6.3 Equation of Continuity","k573z6gjxn9gzk94a693ew4tmd8bdqv1","Using $A_1 v_1 = A_2 v_2$: $4 \times 2 = 2 \times v_2$, so $v_2 = 8/2 = 4$ m/s. The speed doubles when the area is halved.",,,"true",,,,"false",,"Water flows through a pipe of area $4\,\mathrm{cm}^2$ at $2\,\mathrm{m/s}$. The pipe narrows to $2\,\mathrm{cm}^2$. What is the new speed?",,,"mathematical-derivation","Mathematical Derivation",,"new",
"physics-11","06-fluid-mechanics","Fluid Mechanics","equation-of-continuity","6.3 Equation of Continuity","k57e1egfp5gga3eec7yb63sct98bd98d","Mass flow rate is the amount of mass of a substance that passes a point per unit of time. Its formula is $\rho A v$, and according to the equation of continuity, it is constant throughout a closed system.",,,"true",,,,"false",,"What is mass flow rate, and what is its formula?",,,"real-vs-ideal-fluids","Real vs. Ideal Fluids",,"new",
"physics-11","06-fluid-mechanics","Fluid Mechanics","equation-of-continuity","6.3 Equation of Continuity","k57e66w8dgrj0j3z3qrq4b3mg58bd624","When the cross-sectional area of a pipe decreases, the fluid must increase its velocity to maintain a constant mass flow rate. This follows directly from $A_1 v_1 = A_2 v_2$: if $A$ decreases, $v$ must increase proportionally.",,,"true",,,,"false",,"Why does fluid velocity increase when a pipe is squeezed (its cross-sectional area decreases)?",,,"real-vs-ideal-fluids","Real vs. Ideal Fluids",,"new",
"physics-11","06-fluid-mechanics","Fluid Mechanics","equation-of-continuity","6.3 Equation of Continuity","k57bb74r6hvmw958dxbhqxxhpx85q068","Volume flow rate is the volume of fluid passing through a cross-section per unit time. It equals $Av$ (area × velocity). Its SI unit is $\text{m}^3\text{s}^{-1}$.",,,"true",,,,"false",,"What is 'Volume Flow Rate' and what are its SI units?",,,"what-the-equation-of-continuity-states","What the Equation of Continuity States",,"new",
"physics-11","06-fluid-mechanics","Fluid Mechanics","equation-of-continuity","6.3 Equation of Continuity","k57fxnx1fvczqmq0y10nc61y6985p6zj","According to $A_1v_1 = A_2v_2$, speed $v$ is inversely proportional to cross-sectional area $A$. Since $A \propto d^2$, decreasing the diameter decreases $A$, so the fluid speed increases proportionally.",,,"true",,,,"false",,"How does fluid speed change when the pipe diameter decreases, according to the Equation of Continuity?",,,"what-the-equation-of-continuity-states","What the Equation of Continuity States",,"new",
"physics-11","06-fluid-mechanics","Fluid Mechanics","equation-of-continuity","6.3 Equation of Continuity","k579s25ep47n9kkf1arpktexnx8cdebx","It expresses conservation of mass: for an ideal fluid, the mass flow rate remains constant along a streamline.",,,"true",,,,"false",,"What principle does the equation of continuity express?",,,"what-the-equation-of-continuity-states","What the Equation of Continuity States",,"new","{""chapterNumber"":6,""page"":90,""subjectSlug"":""physics-11""}"
"physics-11","06-fluid-mechanics","Fluid Mechanics","equation-of-continuity","6.3 Equation of Continuity","k579y2490v5pka4rw51kz0mq9n8ccw4x","The fluid speeds up so that the same amount of mass passes through each section in the same time.",,,"true",,,,"false",,"What happens to fluid speed when a pipe becomes narrower?",,,"what-the-equation-of-continuity-states","What the Equation of Continuity States",,"new","{""chapterNumber"":6,""page"":90,""subjectSlug"":""physics-11""}"
"physics-11","06-fluid-mechanics","Fluid Mechanics","bernoulli-s-equation","6.4 Bernoulli's Equation","k574wndfd68g0y7tz9zh496jn585pymz","It is a restatement of the Law of Conservation of Energy for flowing fluids.",,,"true",,,,"false",,"Bernoulli's equation is a restatement of which fundamental law?",,,"derivation-of-the-equation","Derivation of the Equation",,"new",
"physics-11","06-fluid-mechanics","Fluid Mechanics","bernoulli-s-equation","6.4 Bernoulli's Equation","k57ehv8678hsjh5g07qagy35vx85qan6","For an ideal fluid, the sum of pressure ($P$), kinetic energy per unit volume ($\frac{1}{2}\rho v^2$), and potential energy per unit volume ($\rho gh$) remains constant along a streamline: $$P + \frac{1}{2}\rho v^2 + \rho gh = \text{constant}$$",,,"true",,,,"false",,"State Bernoulli's Equation for an ideal fluid.",,,"energy-conservation-along-a-streamline","Energy Conservation Along a Streamline",,"new",
"physics-11","06-fluid-mechanics","Fluid Mechanics","bernoulli-s-equation","6.4 Bernoulli's Equation","k579dd3qqq2y87th20zamgvrwx85qgrv","According to Bernoulli's principle, in a horizontal pipe (where $\rho gh$ is constant), if the speed of the fluid increases, the pressure must decrease to keep the sum constant.",,,"true",,,,"false",,"What happens to the pressure of a fluid in a region where its speed increases?",,,"energy-conservation-along-a-streamline","Energy Conservation Along a Streamline",,"new",
"physics-11","06-fluid-mechanics","Fluid Mechanics","bernoulli-s-equation","6.4 Bernoulli's Equation","k575j6bdkp4n6ywc4ff0pb79vs85qw0y","The fluid must be non-viscous (no internal friction), incompressible (constant density), and the flow must be steady (laminar).",,,"true",,,,"false",,"What are the three conditions for a fluid to be considered 'ideal' for Bernoulli's equation?",,,"energy-conservation-along-a-streamline","Energy Conservation Along a Streamline",,"new",
"physics-11","06-fluid-mechanics","Fluid Mechanics","bernoulli-s-equation","6.4 Bernoulli's Equation","k57dmk44fnwm8qhy3nc2rmbj5s8bdzww","Bernoulli's equation applies only to ideal fluids (incompressible and non-viscous) under steady, streamline flow. It does not account for energy losses due to friction (viscosity) or turbulence.",,,"true",,,,"false",,"What are the limitations of Bernoulli's equation?",,,"energy-conservation-along-a-streamline","Energy Conservation Along a Streamline",,"new",
"physics-11","06-fluid-mechanics","Fluid Mechanics","bernoulli-s-equation","6.4 Bernoulli's Equation","k575wt5v151xzcrffj23f6vv8n8cdze3","It expresses conservation of energy along a streamline: pressure, kinetic, and potential energy per unit volume have a constant total.",,,"true",,,,"false",,"What principle does Bernoulli equation express for an ideal fluid?",,,"energy-conservation-along-a-streamline","Energy Conservation Along a Streamline",,"new","{""chapterNumber"":6,""page"":91,""subjectSlug"":""physics-11""}"
"physics-11","06-fluid-mechanics","Fluid Mechanics","bernoulli-s-equation","6.4 Bernoulli's Equation","k572qcrf13s379earykmd3f5dx8cc6z1","Pressure or height must decrease so that the total energy remains constant.",,,"true",,,,"false",,"If a fluid speeds up along a streamline, what must happen to pressure or height in the Bernoulli balance?",,,"energy-conservation-along-a-streamline","Energy Conservation Along a Streamline",,"new","{""chapterNumber"":6,""page"":91,""subjectSlug"":""physics-11""}"
"physics-11","06-fluid-mechanics","Fluid Mechanics","applications-of-bernoulli-s-equation","6.5 Applications of Bernoulli's Equation","k577nfqf6h3fh0zse43paa4hy985pbsb","Torricelli's Theorem states that the speed of efflux of a liquid from an orifice is equal to the speed acquired by a body falling freely through a vertical distance equal to the depth of the orifice below the free surface of the liquid: $v = \sqrt{2gh}$.",,,"true",,,,"false",,"What is Torricelli's Theorem?",,,"1-speed-of-efflux-torricellis-theorem","1. Speed of Efflux (Torricelli’s Theorem)",,"new",
"physics-11","06-fluid-mechanics","Fluid Mechanics","applications-of-bernoulli-s-equation","6.5 Applications of Bernoulli's Equation","k5758z6c22ytn5kpbewettwk058cc6yj","It states that the speed of efflux from an orifice equals the velocity gained by a fluid falling freely through the depth below the liquid surface.",,,"true",,,,"false",,"What does Torricelli theorem describe?",,,"1-speed-of-efflux-torricellis-theorem","1. Speed of Efflux (Torricelli’s Theorem)",,"new","{""chapterNumber"":6,""page"":92,""subjectSlug"":""physics-11""}"
"physics-11","06-fluid-mechanics","Fluid Mechanics","applications-of-bernoulli-s-equation","6.5 Applications of Bernoulli's Equation","k574qevgs8swfwby5qca6bdy9n85p6wx","The Venturi Effect is the reduction in fluid pressure that results when a fluid flows through a constricted section (or choke) of a pipe. According to Bernoulli's principle, as velocity increases, pressure decreases.",,,"true",,,,"false",,"What is the Venturi Effect?",,,"2-venturi-relation-venturi-meter","2. Venturi Relation (Venturi Meter)",,"new",
"physics-11","06-fluid-mechanics","Fluid Mechanics","applications-of-bernoulli-s-equation","6.5 Applications of Bernoulli's Equation","k57dns2mt6arcvnz7ae5efg8an8cdw5v","The pressure decreases as the fluid flows through the constricted section, producing the Venturi effect.",,,"true",,,,"false",,"What happens to fluid pressure in a constricted section of a pipe?",,,"2-venturi-relation-venturi-meter","2. Venturi Relation (Venturi Meter)",,"new","{""chapterNumber"":6,""page"":92,""subjectSlug"":""physics-11""}"
"physics-11","06-fluid-mechanics","Fluid Mechanics","applications-of-bernoulli-s-equation","6.5 Applications of Bernoulli's Equation","k5794gv9vc0w7fszygm6xgmxq98bctr2","The pump forces water through a narrow (venturi) section, increasing its speed. By Bernoulli's principle, this higher speed causes a pressure drop in the narrow section, creating a suction effect that continuously draws water in from the source to be filtered.",,,"true",,,,"false",,"How does a filter pump use Bernoulli's principle to draw water in for filtration?",,,"3-filter-pump","3. Filter Pump",,"new",
"physics-11","06-fluid-mechanics","Fluid Mechanics","applications-of-bernoulli-s-equation","6.5 Applications of Bernoulli's Equation","k57dzc58t9txahhmh115eeg0rn85pzy1","A jet of air is forced at high speed across the top of a liquid tube, creating a low-pressure region. Atmospheric pressure inside the container pushes liquid up the tube, where the high-velocity airstream shatters it into fine droplets.",,,"true",,,,"false",,"How does an atomizer use Bernoulli's principle to produce a fine mist?",,,"4-atomizer","4. Atomizer",,"new",
"physics-11","06-fluid-mechanics","Fluid Mechanics","applications-of-bernoulli-s-equation","6.5 Applications of Bernoulli's Equation","k57d9sjn4spmve12e9pr82mck185qv6k","An aerofoil is shaped so that air travels faster over the top surface than the bottom. By Bernoulli's principle, the higher velocity on top creates lower pressure, resulting in an upward lift force.",,,"true",,,,"false",,"How does an aerofoil generate lift?",,,"5-lift-on-an-aerofoil","5. Lift on an Aerofoil",,"new",
"physics-11","06-fluid-mechanics","Fluid Mechanics","applications-of-bernoulli-s-equation","6.5 Applications of Bernoulli's Equation","k57agckzjgdy4p8sggq2ckdn5x85qxtc","If an artery is constricted (e.g., by plaque), the blood velocity increases through the narrowing. This causes a drop in internal pressure, which can lead to the external atmospheric pressure collapsing the artery.",,,"true",,,,"false",,"How is Bernoulli's principle applied to blood flow in an artery?",,,"7-blood-flow","7. Blood Flow",,"new",
"physics-11","06-fluid-mechanics","Fluid Mechanics","torricelli-s-theorem","6.6 Torricelli's Theorem","k572jrr8bwcj49x3477zzfdz0h85qyej","Since $v \propto \sqrt{h}$, if the depth is quadrupled, the speed of efflux doubles ($v' = \sqrt{4h} = 2\sqrt{h}$).",,,"true",,,,"false",,"How does the speed of efflux change if the depth of the hole from the free surface is quadrupled?",,,"derivation-from-bernoullis-equation","Derivation from Bernoulli's Equation",,"new",
"physics-11","06-fluid-mechanics","Fluid Mechanics","torricelli-s-theorem","6.6 Torricelli's Theorem","k572y2wtqvnjrq6y815ectmqe585pnrb","It assumes the fluid is non-viscous and incompressible, and that the cross-sectional area of the tank is much larger than the area of the orifice ($A_1 \gg A_2$), making the top surface velocity approximately zero.",,,"true",,,,"false",,"Under what conditions is Torricelli's Theorem derived from Bernoulli's Equation?",,,"derivation-from-bernoullis-equation","Derivation from Bernoulli's Equation",,"new",
"physics-11","06-fluid-mechanics","Fluid Mechanics","torricelli-s-theorem","6.6 Torricelli's Theorem","k576c059hybtrbd4ny2ycmz0z58bdsde","It is a very good approximation for non-viscous, incompressible fluids under ideal conditions, matching the assumptions used in its derivation from Bernoulli's Equation. For real fluids, energy losses due to friction result in a slightly lower actual exit velocity.",,,"true",,,,"false",,"Is Torricelli's law always exactly accurate?",,,"derivation-from-bernoullis-equation","Derivation from Bernoulli's Equation",,"new",
"physics-11","06-fluid-mechanics","Fluid Mechanics","torricelli-s-theorem","6.6 Torricelli's Theorem","k57121rv3qqynzwyrzxzszt7g18cchrw","The fluid potential energy due to height is converted into kinetic energy of the exiting fluid.",,,"true",,,,"false",,"What energy conversion occurs as fluid leaves an orifice?",,,"energy-conversion","Energy Conversion",,"new","{""chapterNumber"":6,""page"":93,""subjectSlug"":""physics-11""}"
"physics-11","06-fluid-mechanics","Fluid Mechanics","torricelli-s-theorem","6.6 Torricelli's Theorem","k5705tqawktqkhqnwf1ghjcmm585p8f6","$$v_{2} = \sqrt{2g(h_{1} - h_{2})}$$ where $h_{1}$ is the height of the top surface and $h_{2}$ is the height of the orifice from the base.",,,"true",,,,"false",,"What is the mathematical expression for the speed of efflux ($v_{2}$) according to Torricelli's Theorem?",,,"the-setup","The Setup",,"new",
"physics-11","06-fluid-mechanics","Fluid Mechanics","torricelli-s-theorem","6.6 Torricelli's Theorem","k570h53bg3zjxfp9avp0an7f3s8bdm1k","According to the ideal model of Torricelli's theorem, the speed of efflux depends only on the height (h), not the size of the hole. In real-world scenarios, viscosity and the contraction of the fluid stream (vena contracta) make the actual exit speed slightly less than the ideal value.",,,"true",,,,"false",,"Does the size of the hole affect the speed of the exiting fluid according to Torricelli's theorem?",,,"the-setup","The Setup",,"new",
"physics-11","06-fluid-mechanics","Fluid Mechanics","torricelli-s-theorem","6.6 Torricelli's Theorem","k574q9zhvhafex7xdsty2b4b6n85qfa8","The speed of efflux of a liquid from an orifice is equal to the speed acquired by a body falling freely through a vertical distance equal to the depth of the orifice below the free surface of the liquid.",,,"true",,,,"false",,"State Torricelli's Theorem.",,,"torricellis-law-of-efflux","Torricelli's Law of Efflux",,"new",
"physics-11","06-fluid-mechanics","Fluid Mechanics","torricelli-s-theorem","6.6 Torricelli's Theorem","k5779v06zpmwx5j3hq6tf0ha3x8ccz0g","It relates the speed of fluid leaving an opening to the height of fluid above that opening.",,,"true",,,,"false",,"What does Torricelli theorem relate?",,,"torricellis-law-of-efflux","Torricelli's Law of Efflux",,"new","{""chapterNumber"":6,""page"":93,""subjectSlug"":""physics-11""}"
"physics-11","06-fluid-mechanics","Fluid Mechanics","venturi-meter","6.7 Venturi Meter","k573bgga6z2y3wvj4jf6zfkpph85qvgd","A Venturi Meter is a device used to measure the **volume flow rate (discharge)** of a fluid moving through a pipe. It works by narrowing the pipe to create a measurable pressure difference, from which the flow rate is calculated using Bernoulli's equation and the equation of continuity.",,,"true",,,,"false",,"What is a Venturi Meter and what does it measure?",,,"how-a-venturi-meter-works","How a Venturi Meter Works",,"new",
"physics-11","06-fluid-mechanics","Fluid Mechanics","venturi-meter","6.7 Venturi Meter","k57dt8fxs49vv1bhv8rz9c46jd85qs03","The **Venturi Effect** is the reduction in fluid pressure that occurs when a fluid flows through a constricted section (throat) of a pipe. By the equation of continuity, the fluid speeds up at the constriction; by Bernoulli's principle, this increased speed results in lower pressure.",,,"true",,,,"false",,"What is the Venturi Effect?",,,"how-a-venturi-meter-works","How a Venturi Meter Works",,"new",
"physics-11","06-fluid-mechanics","Fluid Mechanics","venturi-meter","6.7 Venturi Meter","k57bryjv1mfwy5ba43aby2wr1d85qzjq","1. **Equation of Continuity** ($A_1V_1 = A_2V_2$): fluid speeds up at the narrow throat to conserve mass flow rate.
2. **Bernoulli's Principle**: the increased speed at the throat causes a decrease in pressure. The resulting pressure difference is used to calculate the flow rate.",,,"true",,,,"false",,"Which two fundamental principles of fluid dynamics govern the operation of a Venturi Meter?",,,"how-a-venturi-meter-works","How a Venturi Meter Works",,"new",
"physics-11","06-fluid-mechanics","Fluid Mechanics","venturi-meter","6.7 Venturi Meter","k57bj87y0cetet0vy84tzebvzn8bdtdp","The longer, gradual diverging section ensures a smooth and gradual deceleration of the fluid. This minimizes energy losses due to turbulence and allows for maximum pressure recovery, making the meter more efficient.",,,"true",,,,"false",,"Why is the diverging section of a Venturi meter longer than the converging section?",,,"how-a-venturi-meter-works","How a Venturi Meter Works",,"new",
"physics-11","06-fluid-mechanics","Fluid Mechanics","venturi-meter","6.7 Venturi Meter","k57fzsqtyxhrmpmhfpmqbg5v3h8cdqbb","The fluid velocity is greatest and the pressure is lowest at the throat.",,,"true",,,,"false",,"What happens to fluid velocity and pressure at the throat of a Venturi meter?",,,"how-a-venturi-meter-works","How a Venturi Meter Works",,"new","{""chapterNumber"":6,""page"":94,""subjectSlug"":""physics-11""}"
"physics-11","06-fluid-mechanics","Fluid Mechanics","venturi-meter","6.7 Venturi Meter","k57dwhy1xdpnna1n43ptmx9y1s8cdth5","It measures the flow rate of a fluid moving through a pipe by using the pressure difference produced by a constriction.",,,"true",,,,"false",,"What is the main purpose of a Venturi meter?",,,"how-a-venturi-meter-works","How a Venturi Meter Works",,"new","{""chapterNumber"":6,""page"":94,""subjectSlug"":""physics-11""}"
"physics-11","06-fluid-mechanics","Fluid Mechanics","venturi-meter","6.7 Venturi Meter","k57cewbtzsqs6q61tjj4km4ff185qyfr","$$V_{1} = \frac{A_{2} \sqrt{2gh}}{\sqrt{A_{1}^2 - A_{2}^2}}$$
where $h$ is the height difference in the manometer ($P_{1} - P_{2} = \rho g h$), $A_{1}$ is the inlet area, and $A_{2}$ is the throat area. The volume flow rate is $Q = A_{1} V_{1}$.",,,"true",,,,"false",,"State the Venturi Relation for inlet velocity $V_{1}$ in terms of manometer height $h$, areas $A_{1}$ and $A_{2}$.",,,"mathematical-derivation","Mathematical Derivation",,"new",
"physics-11","06-fluid-mechanics","Fluid Mechanics","venturi-meter","6.7 Venturi Meter","k570ctej1xqvpxzczeyz64j2z18bdg9t","Venturi meters measure the flow of liquids and gases in industrial pipelines, water treatment plants, and laboratories. The Venturi effect is also the principle behind carburetors in older engines and some types of aerosol sprayers.",,,"true",,,,"false",,"What are some real-world applications of the Venturi meter and effect?",,,"mathematical-derivation","Mathematical Derivation",,"new",
"physics-11","06-fluid-mechanics","Fluid Mechanics","aerofoil","6.8 Aerofoil","k579m9jd5n53nzkbh313g37jhx8bc8yk","When the angle of attack exceeds the critical angle, the airflow separates from the upper surface instead of following it smoothly. This causes a sudden, drastic reduction in lift and an increase in drag.",,,"true",,,,"false",,"What happens to an aerofoil during a stall?",,,"angle-of-attack-and-stalling","Angle of Attack and Stalling",,"new",
"physics-11","06-fluid-mechanics","Fluid Mechanics","aerofoil","6.8 Aerofoil","k5744m7e88q8dj659gsz7j8f7h8cd1kz","At an excessive angle of attack, airflow separates from the upper surface, lift drops sharply, and drag increases.",,,"true",,,,"false",,"What happens during an aerofoil stall?",,,"angle-of-attack-and-stalling","Angle of Attack and Stalling",,"new","{""chapterNumber"":6,""page"":95,""subjectSlug"":""physics-11""}"
"physics-11","06-fluid-mechanics","Fluid Mechanics","aerofoil","6.8 Aerofoil","k576r119q7d1a8marsww82jb0d8bcddg","The spin drags a layer of air with the ball, speeding up airflow on one side and slowing it on the other. By Bernoulli's principle, the faster side has lower pressure, and the resulting pressure difference pushes the ball sideways from the high-pressure side toward the low-pressure side.",,,"true",,,,"false",,"What causes a spinning cricket ball to curve sideways in the air (the Magnus effect)?",,,"spin-bowling-and-the-magnus-effect","Spin Bowling and the Magnus Effect",,"new",
"physics-11","06-fluid-mechanics","Fluid Mechanics","aerofoil","6.8 Aerofoil","k57fvzgxffjztehpjr6xc86psn85qcx5","An aerofoil is a streamlined shape (like an airplane wing) designed to produce a lift force when moving through a fluid by creating a pressure difference between its upper and lower surfaces.",,,"true",,,,"false",,"What is an aerofoil (airfoil)?",,,"what-is-an-aerofoil","What Is an Aerofoil?",,"new",
"physics-11","06-fluid-mechanics","Fluid Mechanics","aerofoil","6.8 Aerofoil","k573m6dfw9v32t46r0ax925s9x8cdbz6","Lift, drag, weight, and thrust.",,,"true",,,,"false",,"What four forces govern the flight of an aircraft?",,,"what-is-an-aerofoil","What Is an Aerofoil?",,"new","{""chapterNumber"":6,""page"":95,""subjectSlug"":""physics-11""}"
"physics-11","06-fluid-mechanics","Fluid Mechanics","aerofoil","6.8 Aerofoil","k57bc1zdhgbq5pkcqpgnrcae1185qp6c","Air travels faster over the curved top surface (lower pressure) than the flatter bottom surface (higher pressure). This pressure difference, high pressure below and low pressure above, creates a net upward lift force.",,,"true",,,,"false",,"How does Bernoulli's Principle explain the lift on an aerofoil?",,,"working-principle","Working Principle",,"new",
"physics-11","06-fluid-mechanics","Fluid Mechanics","aerofoil","6.8 Aerofoil","k57dp5537w5x26qcnnyxrt1fw985qh0r","According to Bernoulli's principle, where fluid speed is high, pressure is low, and where speed is low, pressure is high. This inverse relationship explains lift in aerofoils (faster air over curved top → lower pressure above wing) and the Magnus effect in spinning balls.",,,"true",,,,"false",,"According to Bernoulli's principle, what is the relationship between fluid speed and pressure?",,,"working-principle","Working Principle",,"new",
"physics-11","06-fluid-mechanics","Fluid Mechanics","aerofoil","6.8 Aerofoil","k57axmqfkmze6gzkxn36s3gtr185qz1y","$F_L = (P_1 - P_2) \times A$, where $P_1$ is the pressure on the lower surface, $P_2$ is the pressure on the upper surface, and $A$ is the wing's surface area. Since $P_1 > P_2$, the net force is upward.",,,"true",,,,"false",,"What formula gives the lift force on an aerofoil in terms of pressure difference and wing area?",,,"working-principle","Working Principle",,"new",
"physics-11","06-fluid-mechanics","Fluid Mechanics","viscous-drag","6.9 Viscosity and Drag","k570z4f4bn9rj2vjknq6dp321985q0fe","The viscous drag force depends on: (1) the **velocity** of the object relative to the fluid, (2) the **viscosity** of the fluid ($\eta$), and (3) the **size and shape** (geometry) of the object. For a sphere, Stokes' Law gives $F_d = 6\pi\eta r v$.",,,"true",,,,"false",,"What factors affect the magnitude of viscous drag on an object moving through a fluid?",,,"drag-force","Drag Force",,"new",
"physics-11","06-fluid-mechanics","Fluid Mechanics","viscous-drag","6.9 Viscosity and Drag","k5731xwk5ds0rkv5n6j0n6kqnn8bc6aw","Viscosity is a fluid's internal resistance to flow. When an object moves through that fluid, this viscosity produces a resistive force called drag, which acts opposite to the object's motion.",,,"true",,,,"false",,"How are viscosity and drag related?",,,"how-viscosity-creates-drag","How Viscosity Creates Drag",,"new",
"physics-11","06-fluid-mechanics","Fluid Mechanics","viscous-drag","6.9 Viscosity and Drag","k57999a93rfkkv4gtgnvd7p8r585qrgk","Stokes' Law states that the drag force $F_d$ on a sphere of radius $r$ moving with velocity $v$ through a fluid of viscosity $\eta$ is: $$F_d = 6\pi\eta r v$$ It applies to small spherical objects at low (laminar) speeds.",,,"true",,,,"false",,"State Stokes' Law for the drag force on a small sphere moving through a viscous fluid.",,,"stokes-law","Stokes' Law",,"new",
"physics-11","06-fluid-mechanics","Fluid Mechanics","viscous-drag","6.9 Viscosity and Drag","k57a178z4rx83tjvpgzzmm7xmx85qx86","Terminal velocity $v_t$ is directly proportional to the square of the radius:\n$$v_t = \frac{2r^2(\rho_s - \rho_f)g}{9\eta}$$\nSo $v_t \propto r^2$. Doubling the radius increases terminal velocity by a factor of four. Here $\rho_s$ is sphere density, $\rho_f$ is fluid density, and $\eta$ is viscosity.",,,"true",,,,"false",,"How does the terminal velocity of a sphere depend on its radius, according to the Stokes' Law derivation?",,,"terminal-velocity","Terminal Velocity",,"new",
"physics-11","06-fluid-mechanics","Fluid Mechanics","viscous-drag","6.9 Viscosity and Drag","k57bvs56xkgbxa2n1h1d90zzg98cdw80","It reaches terminal velocity when drag and buoyant force together equal its weight, so the net force becomes zero.",,,"true",,,,"false",,"When does a falling object reach terminal velocity in a fluid?",,,"terminal-velocity","Terminal Velocity",,"new","{""chapterNumber"":6,""page"":96,""subjectSlug"":""physics-11""}"
"physics-11","06-fluid-mechanics","Fluid Mechanics","viscous-drag","6.9 Viscosity and Drag","k5717agth7fv7fqekffxjcmbqx85qzyb","Viscosity is the internal friction of a fluid that opposes the relative motion between its layers. Its SI unit is $kg \cdot m^{-1} \cdot s^{-1}$, also written as Pascal-second ($Pa \cdot s$).",,,"true",,,,"false",,"Define viscosity and state its SI unit.",,,"viscosity","Viscosity",,"new",
"physics-11","06-fluid-mechanics","Fluid Mechanics","viscous-drag","6.9 Viscosity and Drag","k5789gyvvdvg5xf3m8jsfmj40h8cdgs6","Viscosity measures a fluid resistance to flow, arising from internal friction between its layers.",,,"true",,,,"false",,"What does viscosity measure in a fluid?",,,"viscosity","Viscosity",,"new","{""chapterNumber"":6,""page"":96,""subjectSlug"":""physics-11""}"
"physics-11","06-fluid-mechanics","Fluid Mechanics","fluid-friction-and-drag","6.10 Fluid Friction and Drag","k573h0bbbhfhkvcep5dj4nc8x18bcmzm","To minimize drag. The streamlined shape and smooth texture reduce the fluid friction from the air, allowing them to travel faster with the same amount of effort.",,,"true",,,,"false",,"Why do cyclists and speed skaters wear smooth, tight-fitting clothing?",,,"applications","Applications",,"new",
"physics-11","06-fluid-mechanics","Fluid Mechanics","fluid-friction-and-drag","6.10 Fluid Friction and Drag","k571x7jpwjre56csf6j7jvavf18bcz8g","$C_D$ is a dimensionless number that depends on the object's shape and surface. Streamlined shapes have a low $C_D$ and experience less drag than blunt shapes of the same cross-sectional area.",,,"true",,,,"false",,"What does the drag coefficient $C_D$ represent in the general drag equation $F_D = \frac{1}{2}\rho v^2 C_D A$?",,,"drag-force","Drag Force",,"new",
"physics-11","06-fluid-mechanics","Fluid Mechanics","fluid-friction-and-drag","6.10 Fluid Friction and Drag","k5747pfx9z7neqc1c8gz24vzhd8bdthv","The object must be a perfect sphere, its velocity must be low enough to keep the flow laminar (streamline), and the fluid must be viscous and incompressible.",,,"true",,,,"false",,"What three conditions must hold for Stokes' Law to apply to an object moving through a fluid?",,,"stokes-law","Stokes' Law",,"new",
"physics-11","06-fluid-mechanics","Fluid Mechanics","fluid-friction-and-drag","6.10 Fluid Friction and Drag","k57cawje4bh1095m4m0ke7cka98cdkd2","It applies to a small spherical object moving at low velocity through a viscous, incompressible fluid with laminar flow.",,,"true",,,,"false",,"Under what conditions is Stokes law applicable?",,,"stokes-law","Stokes' Law",,"new","{""chapterNumber"":6,""page"":97,""subjectSlug"":""physics-11""}"
"physics-11","06-fluid-mechanics","Fluid Mechanics","fluid-friction-and-drag","6.10 Fluid Friction and Drag","k57dh2p27yhq722050ygwn9y9h8bd04m","Terminal velocity is reached when the drag force plus any upthrust exactly balances the object's weight, so the net force is zero and the object falls at constant velocity.",,,"true",,,,"false",,"What condition defines terminal velocity for an object falling through a fluid?",,,"terminal-velocity","Terminal Velocity",,"new",
"physics-11","06-fluid-mechanics","Fluid Mechanics","fluid-friction-and-drag","6.10 Fluid Friction and Drag","k577hna01j59nsj7jnr57g53xs8bd05e","The SI unit is the pascal-second (Pa.s), equivalent to $\mathrm{kg\,m^{-1}\,s^{-1}}$. Its dimensions are $[ML^{-1}T^{-1}]$.",,,"true",,,,"false",,"What are the SI unit and dimensions of the coefficient of viscosity?",,,"viscosity","Viscosity",,"new",
"physics-11","06-fluid-mechanics","Fluid Mechanics","fluid-friction-and-drag","6.10 Fluid Friction and Drag","k578zbwymbfpk8909t97cf8vw18bc0h5","It arises from interactions between the object's surface and the fluid's particles. This resistive force, commonly called drag or viscous force, always opposes the object's motion.",,,"true",,,,"false",,"How does fluid friction (drag) arise as an object moves through a fluid?",,,"what-causes-fluid-friction","What Causes Fluid Friction",,"new",
"physics-11","06-fluid-mechanics","Fluid Mechanics","fluid-friction-and-drag","6.10 Fluid Friction and Drag","k577033dj5z02m2r63kmr5g90n8cc9e2","Fluid friction is the resistive force generated when an object moves through a liquid or gas, opposing the object motion.",,,"true",,,,"false",,"What is fluid friction?",,,"what-causes-fluid-friction","What Causes Fluid Friction",,"new","{""chapterNumber"":6,""page"":97,""subjectSlug"":""physics-11""}"
"physics-11","06-fluid-mechanics","Fluid Mechanics","terminal-velocity","6.11 Terminal Velocity","k5706b2fe3ft6d1z3qssttmhmd8bc6st","Opening the parachute massively increases the surface area exposed to the air, which greatly increases the drag force. With drag now much larger than weight, the paratrooper decelerates until a new, much lower terminal velocity is reached.",,,"true",,,,"false",,"Why does opening a parachute reduce a paratrooper's terminal velocity?",,,"application-a-paratroopers-jump","Application: A Paratrooper's Jump",,"new",
"physics-11","06-fluid-mechanics","Fluid Mechanics","terminal-velocity","6.11 Terminal Velocity","k57fbrvhcttt92mp4jt84vc1298cczzm","The parachute increases surface area and drag, so the falling speed decreases until drag again balances weight at a lower terminal velocity.",,,"true",,,,"false",,"Why does opening a parachute reduce a paratrooper terminal velocity?",,,"application-a-paratroopers-jump","Application: A Paratrooper's Jump",,"new","{""chapterNumber"":6,""page"":98,""subjectSlug"":""physics-11""}"
"physics-11","06-fluid-mechanics","Fluid Mechanics","terminal-velocity","6.11 Terminal Velocity","k576y9t2zr2tw0zcspp49zkdgx8bc50m","The crumpled paper has a much smaller surface area exposed to the air, so it experiences less drag force at any given speed. Since its weight is unchanged, it must reach a higher speed before drag grows enough to balance that weight.",,,"true",,,,"false",,"Why does a crumpled piece of paper fall faster than a flat sheet of the same weight?",,,"conceptual-questions","Conceptual Questions",,"new",
"physics-11","06-fluid-mechanics","Fluid Mechanics","terminal-velocity","6.11 Terminal Velocity","k57999a93rfkkv4gtgnvd7p8r585qrgk","Stokes' Law states that the drag force $F_d$ on a sphere of radius $r$ moving with velocity $v$ through a fluid of viscosity $\eta$ is: $$F_d = 6\pi\eta r v$$ It applies to small spherical objects at low (laminar) speeds.",,,"true",,,,"false",,"State Stokes' Law for the drag force on a small sphere moving through a viscous fluid.",,,"forces-in-balance","Forces in Balance",,"new",
"physics-11","06-fluid-mechanics","Fluid Mechanics","terminal-velocity","6.11 Terminal Velocity","k578jm5752zakv0e1qf3wys9md8bcskk","Weight ($F_g=mg$) depends only on mass and stays constant during the fall. Drag force increases with velocity, so as the object speeds up, drag grows until it exactly balances the constant weight, at which point the net force becomes zero.",,,"true",,,,"false",,"Why does the drag force on a falling object change while its weight stays constant?",,,"forces-in-balance","Forces in Balance",,"new",
"physics-11","06-fluid-mechanics","Fluid Mechanics","terminal-velocity","6.11 Terminal Velocity","k57a178z4rx83tjvpgzzmm7xmx85qx86","Terminal velocity $v_t$ is directly proportional to the square of the radius:\n$$v_t = \frac{2r^2(\rho_s - \rho_f)g}{9\eta}$$\nSo $v_t \propto r^2$. Doubling the radius increases terminal velocity by a factor of four. Here $\rho_s$ is sphere density, $\rho_f$ is fluid density, and $\eta$ is viscosity.",,,"true",,,,"false",,"How does the terminal velocity of a sphere depend on its radius, according to the Stokes' Law derivation?",,,"mathematical-derivation-for-a-sphere","Mathematical Derivation (for a Sphere)",,"new",
"physics-11","06-fluid-mechanics","Fluid Mechanics","terminal-velocity","6.11 Terminal Velocity","k57cy59d6a3nmpyv6wk4tz9e018bd74x","Terminal velocity is inversely proportional to viscosity: $v_t$ is proportional to $1/\eta$. A more viscous fluid produces a larger drag force at any given speed, so the sphere reaches force balance (and stops accelerating) at a lower speed.",,,"true",,,,"false",,"How does the terminal velocity of a falling sphere depend on the fluid's viscosity?",,,"mathematical-derivation-for-a-sphere","Mathematical Derivation (for a Sphere)",,"new",
"physics-11","06-fluid-mechanics","Fluid Mechanics","terminal-velocity","6.11 Terminal Velocity","k573nt57vr3fh7ega1dyppqqqh8bd8ms","The maximum constant speed a freely falling object eventually reaches when the resistive force of the medium it moves through equals the force of gravity on it. At this point the net force is zero and the object stops accelerating.",,,"true",,,,"false",,"What is terminal velocity?",,,"the-terminal-velocity-condition","The Terminal Velocity Condition",,"new",
"physics-11","06-fluid-mechanics","Fluid Mechanics","terminal-velocity","6.11 Terminal Velocity","k57d4pxw476rgb9wp6c724yee98cdmjn","It reaches terminal velocity when resistance from the medium equals gravity, so the net force is zero and the object stops accelerating.",,,"true",,,,"false",,"When does an object reach terminal velocity?",,,"the-terminal-velocity-condition","The Terminal Velocity Condition",,"new","{""chapterNumber"":6,""page"":98,""subjectSlug"":""physics-11""}"
"physics-11","06-fluid-mechanics","Fluid Mechanics","superfluidity","6.12 Superfluidity","k570ras1b0p11zh3twz1f0qdc98bdxrg","Superfluid helium has extremely high thermal conductivity and can flow without resistance, making it an exceptionally efficient coolant for the high-field magnets used in devices like MRI machines and particle accelerators.",,,"true",,,,"false",,"Why is superfluid helium used as a coolant for MRI machines and particle accelerators?",,,"applications","Applications",,"new",
"physics-11","06-fluid-mechanics","Fluid Mechanics","superfluidity","6.12 Superfluidity","k570rt8zq666ecqj8mxr8n26m185pd6n","The Lambda Point is the specific temperature (approximately $2.17\text{ K}$ for Helium-4) below which liquid helium transitions from a normal fluid (Helium I) to a superfluid (Helium II).",,,"true",,,,"false",,"What is the Lambda Point ($T_\lambda$)?",,,"examples-and-creation","Examples and Creation",,"new",
"physics-11","06-fluid-mechanics","Fluid Mechanics","superfluidity","6.12 Superfluidity","k579jjwdxfwt94n47b34svv2wh85pgmp","Helium-4 ($^4\text{He}$) was the first, discovered by Pyotr Kapitsa and others in 1937. Helium-3 also exhibits it but at much lower temperatures.",,,"true",,,,"false",,"Which isotope of Helium was first discovered to exhibit superfluidity?",,,"examples-and-creation","Examples and Creation",,"new",
"physics-11","06-fluid-mechanics","Fluid Mechanics","superfluidity","6.12 Superfluidity","k5734knrsfr6jvd3tj5h335h818ccnht","It occurs at extremely low temperatures, close to absolute zero, when the substance reaches its transition temperature.",,,"true",,,,"false",,"Under what conditions does superfluidity occur?",,,"examples-and-creation","Examples and Creation",,"new","{""chapterNumber"":6,""page"":99,""subjectSlug"":""physics-11""}"
"physics-11","06-fluid-mechanics","Fluid Mechanics","superfluidity","6.12 Superfluidity","k572er5ekdecywpppp3n1bfa9x8bd8gq","Below the critical velocity, the superfluid stays perfectly stationary even as the container rotates. Above it, the fluid begins to rotate by forming quantized vortices: tiny, discrete whirlpools whose strength can only take specific, quantized values.",,,"true",,,,"false",,"What happens when a container of superfluid is rotated faster than the critical angular velocity?",,,"quantized-vortices","Quantized Vortices",,"new",
"physics-11","06-fluid-mechanics","Fluid Mechanics","superfluidity","6.12 Superfluidity","k575kyzshd49yy9jnx324aa6vx85pr9y","Superfluidity is a state of matter in which a fluid exhibits **zero viscosity** and extremely high thermal conductivity, allowing it to flow without any loss of kinetic energy due to internal friction.",,,"true",,,,"false",,"What is superfluidity?",,,"what-is-superfluidity","What Is Superfluidity?",,"new",
"physics-11","06-fluid-mechanics","Fluid Mechanics","superfluidity","6.12 Superfluidity","k578t8advrb0rjepbb8x8wxxa585pb5q","Due to zero viscosity, a superfluid can form a thin film (creeping film) that climbs up and over the walls of its container, eventually dripping out from the bottom.",,,"true",,,,"false",,"What is the 'Rollin film' effect in superfluids?",,,"what-is-superfluidity","What Is Superfluidity?",,"new",
"physics-11","06-fluid-mechanics","Fluid Mechanics","superfluidity","6.12 Superfluidity","k575n9k933c4e2f37kvv6cqvqn8bcj88","A superconductor exhibits zero electrical resistance, allowing charge to flow without energy loss. A superfluid exhibits zero viscosity, allowing mass to flow without energy loss. Both are macroscopic manifestations of quantum mechanics.",,,"true",,,,"false",,"What is the difference between a superconductor and a superfluid?",,,"what-is-superfluidity","What Is Superfluidity?",,"new",
"physics-11","06-fluid-mechanics","Fluid Mechanics","superfluidity","6.12 Superfluidity","k573p2brvehp9xkqr9nqndp2bs8cd1c0","A superfluid flows with zero viscosity, so it has no internal frictional loss of kinetic energy.",,,"true",,,,"false",,"What is the defining property of a superfluid?",,,"what-is-superfluidity","What Is Superfluidity?",,"new","{""chapterNumber"":6,""page"":99,""subjectSlug"":""physics-11""}"