subjectSlug,chapterSlug,chapterTitle,topicSlug,topicTitle,_id,correctKeyVerified,examBoard,keyPoints,lastAttempt,locked,marks,modelAnswer,partType,questionKind,questionNumber,session,stem,topicId,year,correctKey,explanation,options,exerciseId,exerciseTitle,origin,sourceRef
"chemistry-12","10-hydroxy-compounds","Hydroxy Compounds","10-1-preparation-of-esters","10.1 Preparation of Esters","m174bh0bzd57hz1m88k0wa3sj585pgn7","true","Federal Board","[""Grignard reagent acts as nucleophile attacking carbonyl carbon"",""Formaldehyde produces primary alcohol (ethanol) with CH₃MgBr"",""Ketone (acetone) produces secondary alcohol (2-propanol) with CH₃MgBr"",""Hydrolysis with dilute acid converts alkoxide intermediate to alcohol"",""Correct structural formulas and reaction equations shown""]",,"false","3","**Preparation of Ethanol from Grignard Reagent:**
Formaldehyde reacts with Grignard reagent (CH₃MgBr) to form a complex, which upon hydrolysis with dilute acid produces ethanol: $\mathrm{CH_3MgBr} + \mathrm{HCHO} \rightarrow \mathrm{CH_3CH_2OH}$

**Preparation of 2-Propanol from Grignard Reagent:**
Acetone reacts with Grignard reagent (CH₃MgBr) to form a complex, which upon hydrolysis with dilute acid produces 2-propanol: $\mathrm{CH_3MgBr} + \mathrm{CH_3COCH_3} \rightarrow \mathrm{(CH_3)_2CHOH}$

In both cases, the Grignard reagent acts as a strong nucleophile attacking the electrophilic carbonyl carbon. The resulting alkoxide intermediate is then protonated by dilute acid to yield the corresponding alcohol.","B","short","4","annual","Write the preparation of **Ethanol** and **2-Propanol** from **Grignard reagent**.","ms73ac7y0pbwcp14qr80bejs7985p04p","2023",,,,,,,
"chemistry-12","10-hydroxy-compounds","Hydroxy Compounds","10-1-preparation-of-esters","10.1 Preparation of Esters","m17cb93wgbkmd08yn1y7aja09d85pean","true","Federal Board","[""Esterification is condensation reaction between carboxylic acid and alcohol forming ester and water"",""Step 1: Protonation of carbonyl oxygen by acid catalyst to form electrophilic carbocation"",""Step 2: Nucleophilic attack by methanol on electrophilic carbonyl carbon"",""Step 3: Dehydration through protonation and elimination of water molecule"",""Step 4: Deprotonation to form ester product and regenerate acid catalyst""]",,"false","7","**Esterification** is the formation of an ester through the condensation reaction between a carboxylic acid (or acyl chloride) and an alcohol, with the elimination of water (or hydrogen chloride). For the acid-catalyzed reaction between methanol and acetic acid:

**Mechanism:**

**Step 1 (Protonation):** The carbonyl oxygen of acetic acid is protonated by the acid catalyst, forming a resonance-stabilized carbocation intermediate:
$$\mathrm{CH_3COOH} + \mathrm{H^+} \rightarrow \mathrm{CH_3C(OH)_2^+} \leftrightarrow \mathrm{CH_3C^+=OH}$$

**Step 2 (Nucleophilic Attack):** Methanol acts as a nucleophile and attacks the electrophilic carbonyl carbon:
$$\mathrm{CH_3C^+=OH} + \mathrm{CH_3OH} \rightarrow \mathrm{CH_3C(OH)(OCH_3)^+}$$

**Step 3 (Dehydration):** The hydroxyl group is protonated and water is eliminated, regenerating the carbocation:
$$\mathrm{CH_3C(OH)(OCH_3)^+} \rightarrow \mathrm{CH_3C^+=OCH_3} + \mathrm{H_2O}$$

**Step 4 (Deprotonation):** The carbocation is deprotonated to form the ester product and regenerate the acid catalyst:
$$\mathrm{CH_3C^+=OCH_3} + \mathrm{H_2O} \rightarrow \mathrm{CH_3COOCH_3} + \mathrm{H^+}$$

**Overall reaction:** $\mathrm{CH_3COOH} + \mathrm{CH_3OH} \rightleftharpoons \mathrm{CH_3COOCH_3} + \mathrm{H_2O}$ (methyl ethanoate)","C","long","3","annual","What is **esterification**? Write mechanism for the acid catalyzed reaction between methanol and acetic acid.","ms73ac7y0pbwcp14qr80bejs7985p04p","2023",,,,,,,
"chemistry-12","10-hydroxy-compounds","Hydroxy Compounds","10-1-preparation-of-esters","10.1 Preparation of Esters","m17cv7nt7w1pxhrdasfmjqrb9585qwym","true","Federal Board","[""Identifies the ester functional group as the product"",""Recognizes the $-\\mathrm{COO}R$ structure (carbonyl bonded to oxygen-alkyl)"",""Understands this forms from alcohol and carboxylic acid/acyl chloride reaction"",""Notes the presence of both C=O and C-O bonds in the ester group""]",,"false","1","When an alcohol reacts with a carboxylic acid (or more commonly with an acyl chloride derived from it), an ester is formed. The functional group present in the ester is the ester group, characterized by the structure $-\mathrm{COO}R$, where the carbonyl carbon is bonded to an oxygen atom that is further bonded to an alkyl group.","MCQ","mcq","7","annual","Identify the functional group in the compound formed by the reaction of an alcohol with a carboxylic acid:","ms73ac7y0pbwcp14qr80bejs7985p04p","2024","A","When an alcohol reacts with a carboxylic acid (or more commonly with an acyl chloride derived from it), an ester is formed. The functional group present in the ester is the ester group, characterized by the structure $-\mathrm{COO}R$, where the carbonyl carbon is bonded to an oxygen atom that is further bonded to an alkyl group.","[{""key"":""A"",""text"":""$-C(=O)OR$""},{""key"":""B"",""text"":""$-C(=O)-$""},{""key"":""C"",""text"":""$-C(=O)H$""},{""key"":""D"",""text"":""$-C(=O)OC(=O)-$""}]",,,,
"chemistry-12","10-hydroxy-compounds","Hydroxy Compounds","10-1-preparation-of-esters","10.1 Preparation of Esters","m17am23z4tyx6h6r3kh07ve7v985pazs","true","Federal Board","[""Acid halides have $-COX$ group (X = halogen); amides have $-CONH_2$ or $-CONHR$ group"",""Ethers have $R-O-R'$ structure without carbonyl; esters have $-COOR'$ with carbonyl group"",""Aldehydes have terminal $-CHO$ group; ketones have internal $-CO-$ group between two carbons"",""Functional group differences determine reactivity and chemical properties of each pair"",""Correct identification of functional groups is essential for classifying organic compounds""]",,"false","3","a. **Acid halides** contain the functional group $-COX$ (where X = halogen, typically Cl), while **acid amides** contain the functional group $-CONH_2$ (or $-CONHR$, $-CONR_2$). The key difference is that acid halides have a halogen atom bonded to the carbonyl carbon, whereas amides have a nitrogen-containing group bonded to the carbonyl carbon.

b. **Ethers** contain the functional group $R-O-R'$ (oxygen bonded to two carbon atoms), while **esters** contain the functional group $-COOR'$ (carbonyl group bonded to oxygen, which is bonded to another carbon). Esters have a carbonyl group; ethers do not.

c. **Aldehydes** contain the functional group $-CHO$ (carbonyl group bonded to hydrogen and one carbon), while **ketones** contain the functional group $-CO-$ (carbonyl group bonded to two carbon atoms). The position of the carbonyl group differs: aldehydes have it at the terminal position, ketones have it within the carbon chain.","B","short","2","annual","What is the difference between the functional groups present in the following pairs of compounds?
a. Acid halides and Acid amides
b. Ethers and Esters
c. Aldehydes and Ketones","ms73ac7y0pbwcp14qr80bejs7985p04p","2024",,,,,,,
"chemistry-12","10-hydroxy-compounds","Hydroxy Compounds","10-2-preparation-of-phenol","10.2 Preparation of Phenol","m17cet30vcqqtfxwwgj6tng8cn85qrmw","true","Federal Board","[""Diazonium salts contain the $-N_2^+$ group; benzene diazonium chloride is formed from aniline"",""Preparation requires $NaNO_2 + HCl$ at 0–5°C (below 10°C) to prevent decomposition"",""Above 10°C, diazonium salt hydrolyzes to form phenol, $N_2$ gas, and $HCl$"",""$-N_2^+$ acts as excellent leaving group, replaced by $-OH$ in hydrolysis reaction"",""Temperature control is critical: low temperature for formation, warming for hydrolysis""]",,"false","3","Diazonium salts are organic compounds containing the diazonium group ($-N_2^+$), with benzene diazonium chloride ($C_6H_5N_2^+Cl^-$) being a key example. Aniline is converted to benzene diazonium chloride through diazotization: $C_6H_5NH_2 + NaNO_2 + 2HCl \xrightarrow{0-5°C} C_6H_5N_2^+Cl^- + NaCl + 2H_2O$. The reaction uses sodium nitrite and hydrochloric acid (generating nitrous acid in situ) at temperatures below 10°C to prevent decomposition. When heated above 10°C, the diazonium salt undergoes hydrolysis: $C_6H_5N_2^+Cl^- + H_2O \xrightarrow{\text{warm}} C_6H_5OH + N_2 + HCl$, producing phenol, nitrogen gas, and hydrochloric acid. The $-N_2^+$ group acts as an excellent leaving group, departing as stable $N_2$ gas and being replaced by a hydroxyl group.","B","short","10","annual","What are diazonium salts? How can this salt be prepared from Aniline? What happens when this salt is heated above 10°C?","ms730x1eq07kcnj8e724xvdtm985qp4e","2022",,,,,,,
"chemistry-12","10-hydroxy-compounds","Hydroxy Compounds","10-2-preparation-of-phenol","10.2 Preparation of Phenol","m173dv5p9gkhx0qpmxa4x42md185p3zn","true","Federal Board","[""Phenol undergoes nitration faster than benzene"",""The $-OH$ group is an electron-donating activating group"",""Electron donation through resonance increases electron density on the benzene ring"",""Increased electron density facilitates electrophilic aromatic substitution"",""Phenol is more reactive toward electrophilic substitution than benzene""]",,"false","1","Nitration of phenol takes place at **faster rate** (or **more readily**) than benzene. This is because the hydroxyl group ($-OH$) attached to the benzene ring in phenol is an electron-donating group that activates the benzene ring through resonance, making it more susceptible to electrophilic aromatic substitution compared to benzene.","MCQ","mcq","12","annual","Nitration of phenol takes place at ___ than benzene.","ms730x1eq07kcnj8e724xvdtm985qp4e","2023","B","Nitration of phenol takes place at **faster rate** (or **more readily**) than benzene. This is because the hydroxyl group ($-OH$) attached to the benzene ring in phenol is an electron-donating group that activates the benzene ring through resonance, making it more susceptible to electrophilic aromatic substitution compared to benzene.","[{""key"":""A"",""text"":""Slower rate""},{""key"":""B"",""text"":""Faster rate""},{""key"":""C"",""text"":""Equal rate""},{""key"":""D"",""text"":""Moderate rate""}]",,,,
"chemistry-12","10-hydroxy-compounds","Hydroxy Compounds","10-3-acidity-of-water-phenol-and-ethanol","10.3 Acidity of Water, Phenol, and Ethanol","m175s160t600n304zk025bq53x85qd2f","true","Federal Board","[""Tertiary alcohols yield alkenes most easily due to formation of stable tertiary carbocations"",""Carbocation stability follows the order: tertiary > secondary > primary"",""Dehydration mechanism involves carbocation formation as the rate-determining step"",""Primary alcohols do not readily undergo dehydration to form alkenes"",""Zaitsev's rule applies: more substituted alkene is the major product""]",,"false","1","The alcohol that yields alkenes more easily is the one with the greatest degree of carbocation stability. Tertiary alcohols yield alkenes most readily because they form stable tertiary carbocations during dehydration. Secondary alcohols form less stable secondary carbocations, while primary alcohols form unstable primary carbocations and rarely undergo this reaction. Therefore, among given options, the tertiary alcohol will yield alkenes most easily.","MCQ","unclassified","9","annual","Which alcohol will yield alkenes more easily among the given options?","ms7bq7ny1qtwx7g64mj8at79vs85p9rm","2025",,"The alcohol that yields alkenes more easily is the one with the greatest degree of carbocation stability. Tertiary alcohols yield alkenes most readily because they form stable tertiary carbocations during dehydration. Secondary alcohols form less stable secondary carbocations, while primary alcohols form unstable primary carbocations and rarely undergo this reaction. Therefore, among given options, the tertiary alcohol will yield alkenes most easily.","[{""key"":""A"",""text"":""2-Methyl-2-Propanol""},{""key"":""B"",""text"":""2-Butanol""},{""key"":""C"",""text"":""1-Propanol""},{""key"":""D"",""text"":""2-Propanol""}]",,,,
"chemistry-12","10-hydroxy-compounds","Hydroxy Compounds","10-3-acidity-of-water-phenol-and-ethanol","10.3 Acidity of Water, Phenol, and Ethanol","m172sd9tnk2mpbyjawexqks9hd85pgte","false","Federal Board","[""Tertiary alcohols produce immediate oily layer in Lucas test"",""Oily layer is alkyl chloride formed via SN1 mechanism"",""Tertiary carbocation is stable, enabling rapid reaction"",""Primary alcohols show no reaction; secondary alcohols react slowly"",""Lucas reagent is HCl/ZnCl₂ solution""]",,"false","1","The Lucas test is used to distinguish between primary, secondary, and tertiary alcohols based on the rate of formation of alkyl chloride. Tertiary alcohols yield an immediately oily layer (alkyl chloride) because they form stable tertiary carbocations through an SN1 mechanism. Primary alcohols do not react under these conditions, while secondary alcohols react slowly.","MCQ","unclassified","12","annual","Which alcohol will yield an immediately oily layer according to Lucas test?","ms7bq7ny1qtwx7g64mj8at79vs85p9rm","2025",,"The Lucas test is used to distinguish between primary, secondary, and tertiary alcohols based on the rate of formation of alkyl chloride. Tertiary alcohols yield an immediately oily layer (alkyl chloride) because they form stable tertiary carbocations through an SN1 mechanism. Primary alcohols do not react under these conditions, while secondary alcohols react slowly.","[{""key"":""A"",""text"":""3-Pentanol""},{""key"":""B"",""text"":""2-Methyl-2-Propanol""},{""key"":""C"",""text"":""2-Butanol""},{""key"":""D"",""text"":""Ethanol""}]",,,,
"chemistry-12","10-hydroxy-compounds","Hydroxy Compounds","10-3-acidity-of-water-phenol-and-ethanol","10.3 Acidity of Water, Phenol, and Ethanol","m171hak4rhsp46k8qqbrbxf9ed85ph1y","true","Federal Board","[""Reactivity towards O-H cleavage correlates with alcohol acidity"",""Primary alcohol (ethanol) least reactive due to unstabilized alkoxide ion"",""Secondary alcohol (2-propanol) moderately reactive with intermediate alkoxide stabilization"",""Tertiary alcohol (2-methyl-2-propanol) most reactive due to maximum alkyl group stabilization of alkoxide ion"",""Increased alkyl substitution on carbon bearing OH group increases acidity and O-H cleavage reactivity""]",,"false","3","The order of increasing reactivity towards O-H bond cleavage is: **Ethanol < 2-Propanol < 2-Methyl-2-Propanol**. This order reflects the acidity of the alcohols, which increases with the stability of the corresponding alkoxide ion. Primary alcohols (ethanol) are least acidic because the alkoxide ion lacks stabilization. Secondary alcohols (2-propanol) are more acidic due to greater alkyl group stabilization. Tertiary alcohols (2-methyl-2-propanol) are most acidic because the alkoxide ion is stabilized by three electron-donating alkyl groups, making O-H bond cleavage most facile.","B","short","21","annual","Arrange the following alcohols in order of increasing reactivity towards the cleavage of O-H bond: Ethanol, 2-Methyl-2-Propanol and 2-Propanol.","ms7bq7ny1qtwx7g64mj8at79vs85p9rm","2025",,,,,,,
"chemistry-12","10-hydroxy-compounds","Hydroxy Compounds","10-3-acidity-of-water-phenol-and-ethanol","10.3 Acidity of Water, Phenol, and Ethanol","m17ehkzxnm8xhj1c6tcpyc5jyh85qts6","true","Federal Board","[""Carboxylic acids: Carboxylate ion (RCOO⁻) has two equivalent resonance structures with negative charge delocalized between two oxygen atoms, providing maximum stabilization and strongest acidity"",""Phenols: Phenoxide ion (C₆H₅O⁻) has resonance structures with negative charge delocalized across the benzene ring through π-electrons, providing moderate stabilization and intermediate acidity"",""Alcohols: Alkoxide ion (RO⁻) has no resonance structures; negative charge remains localized on oxygen with no delocalization, providing no stabilization and weakest acidity"",""Stability of conjugate base directly determines acid strength: more stable conjugate base = stronger acid"",""Resonance delocalization of negative charge is the key factor determining relative acidic strengths""]",,"false","7","The order of acidic strength RCOOH > Phenol > Alcohol is explained by the stability of their conjugate bases through resonance structures. Carboxylic acids are strongest because the carboxylate ion (RCOO⁻) has two equivalent resonance structures where the negative charge is delocalized between two oxygen atoms, providing maximum stabilization. Phenols are moderately acidic because the phenoxide ion (C₆H₅O⁻) has resonance structures where the negative charge is delocalized across the benzene ring through the π-electron system, stabilizing the conjugate base. Alcohols are weakest because the alkoxide ion (RO⁻) has no resonance stabilization, the negative charge remains localized on the single oxygen atom with no delocalization possible. Greater stabilization of the conjugate base corresponds to stronger acidity, making carboxylic acids most acidic and alcohols least acidic.","C","long","7","annual","By providing resonance structures of their conjugate bases, explain why the order of acidic strength is: $RCOOH > Phenol > Alcohol$","ms7bq7ny1qtwx7g64mj8at79vs85p9rm","2025",,,,,,,
"chemistry-12","10-hydroxy-compounds","Hydroxy Compounds","10-3-acidity-of-water-phenol-and-ethanol","10.3 Acidity of Water, Phenol, and Ethanol","m17f3fg61ttngt5arbyzp7bv6d85p076","true","Federal Board","[""Phenoxide ion is stabilized by resonance delocalization of negative charge into the benzene ring"",""Alkoxide ions from alcohols cannot undergo resonance stabilization"",""Greater stability of conjugate base (phenoxide) favors ionization, making phenol more acidic"",""Phenol has lower pKₐ (~10) than alcohols (pKₐ ~15-16), indicating stronger acidity"",""Resonance structures distribute the negative charge over multiple atoms in the aromatic system""]",,"false","3","Phenol is more acidic than alcohols because the phenoxide ion (C₆H₅O⁻) formed after ionization is stabilized by resonance delocalization of the negative charge into the aromatic ring. In contrast, the alkoxide ion (RO⁻) from alcohols lacks this resonance stabilization. The delocalized negative charge in the phenoxide ion makes it more stable, favoring ionization and resulting in a lower pKₐ value (~10) compared to alcohols (~15-16).","B","short","12","annual","Why is phenol more acidic than alcohols?","ms7bq7ny1qtwx7g64mj8at79vs85p9rm","2022",,,,,,,
"chemistry-12","10-hydroxy-compounds","Hydroxy Compounds","10-3-acidity-of-water-phenol-and-ethanol","10.3 Acidity of Water, Phenol, and Ethanol","m176me5t1gx5ry9q61ga40cvs185qq93","false","Federal Board","[""Tertiary alcohols form the most stable carbocation intermediate (tertiary carbocation)"",""C-O bond cleavage reactivity follows: tertiary > secondary > primary"",""Carbocation stability is the determining factor in SN1 and elimination reactions"",""Tertiary alcohols readily undergo substitution and elimination reactions due to carbocation stability""]",,"false","1","The alcohol most reactive in C-O bond cleavage is a **tertiary alcohol**. Tertiary alcohols are most reactive because the C-O bond cleavage produces a stable tertiary carbocation intermediate. The stability of the carbocation formed during the reaction mechanism determines reactivity, with tertiary > secondary > primary alcohols.","MCQ","unclassified","10","annual","Which of the following alcohols is most reactive in a reaction involving the cleavage of C-O bond?","ms7bq7ny1qtwx7g64mj8at79vs85p9rm","2022","A","The alcohol most reactive in C-O bond cleavage is a **tertiary alcohol**. Tertiary alcohols are most reactive because the C-O bond cleavage produces a stable tertiary carbocation intermediate. The stability of the carbocation formed during the reaction mechanism determines reactivity, with tertiary > secondary > primary alcohols.","[{""key"":""A"",""text"":""t-alcohol""},{""key"":""B"",""text"":""Sec-alcohol""},{""key"":""C"",""text"":""Pri-alcohol""},{""key"":""D"",""text"":""$CH_3-OH$""}]",,,,
"chemistry-12","10-hydroxy-compounds","Hydroxy Compounds","10-3-acidity-of-water-phenol-and-ethanol","10.3 Acidity of Water, Phenol, and Ethanol","m175t7ebxqy8t5jzzb1600nm7d85qnga","true","Federal Board","[""Carboxylic acids strongest: pKa ~5, carboxylate ion stabilized by resonance"",""Phenols intermediate: pKa ~10, phenoxide ion stabilized by aromatic resonance"",""Alcohols weakest: pKa ~15-16, alkoxide ion poorly stabilized"",""Lower pKa indicates stronger acid (greater ionization)"",""Order: RCOOH > ArOH > ROH based on conjugate base stability""]",,"false","1","The correct order of acidic strength is: **Carboxylic acids > Phenols > Alcohols**. Carboxylic acids are the strongest (pKa ≈ 5) due to resonance stabilization of the carboxylate ion. Phenols are weakly acidic (pKa ≈ 10) with acidic hydrogen on the benzene ring. Alcohols are the weakest (pKa ≈ 15-16) as they lack significant stabilization of the alkoxide ion.","MCQ","mcq","11","annual","Identify the correct order of acidic strength of carboxylic acids, phenols and alcohols.","ms7bq7ny1qtwx7g64mj8at79vs85p9rm","2022","A","The correct order of acidic strength is: **Carboxylic acids > Phenols > Alcohols**. Carboxylic acids are the strongest (pKa ≈ 5) due to resonance stabilization of the carboxylate ion. Phenols are weakly acidic (pKa ≈ 10) with acidic hydrogen on the benzene ring. Alcohols are the weakest (pKa ≈ 15-16) as they lack significant stabilization of the alkoxide ion.","[{""key"":""A"",""text"":""$R-COOH > C_6H_5-OH > R-OH$""},{""key"":""B"",""text"":""$R-OH > R-COOH > C_6H_5-OH$""},{""key"":""C"",""text"":""$C_6H_5-OH > R-OH > R-COOH$""},{""key"":""D"",""text"":""$CH_3-OH > R-OH > C_6H_5-OH$""}]",,,,
"chemistry-12","10-hydroxy-compounds","Hydroxy Compounds","10-3-acidity-of-water-phenol-and-ethanol","10.3 Acidity of Water, Phenol, and Ethanol","m17ap0kaqmz16s3yzee3mfbfw585qznk",,"Federal Board","[""Protonation of ethanol by concentrated H₂SO₄ to form oxonium ion (C₂H₅OH₂⁺)"",""Formation of carbocation intermediate (C₂H₅⁺) through loss of water molecule"",""Deprotonation of carbocation by ethanol molecule acting as base to form ethene (C₂H₄)"",""E1 elimination mechanism with carbocation as intermediate"",""Ethene is the major product at 140°C due to elimination pathway""]",,"false","3","The dehydration of excess ethanol with concentrated H₂SO₄ at 140°C proceeds via an E1 mechanism. First, the hydroxyl group of ethanol is protonated by H₂SO₄ to form an oxonium ion (C₂H₅OH₂⁺). This is followed by loss of water to generate a carbocation intermediate (C₂H₅⁺). Finally, a neighboring ethanol molecule acts as a base, abstracting a proton from the carbocation to form ethene (C₂H₄) and regenerate the oxonium ion. The overall reaction is: 2C₂H₅OH → C₂H₄ + C₂H₅OC₂H₅ + H₂O, with ethene as the major product at 140°C.","B","short","11","annual","Write down the mechanism for dehydration of excess of Ethanol with conc. H₂SO₄ at 140°C.","ms7bq7ny1qtwx7g64mj8at79vs85p9rm","2022",,,,,,,
"chemistry-12","10-hydroxy-compounds","Hydroxy Compounds","10-3-acidity-of-water-phenol-and-ethanol","10.3 Acidity of Water, Phenol, and Ethanol","m177qr2aq8n8gjbxdpbw7a36dd85qc02","true","Federal Board","[""Phenol reacts with NaOH to form sodium phenoxide (nucleophile)"",""CO₂ acts as electrophile attacking the activated benzene ring"",""Reaction occurs at ortho position to form sodium salicylate"",""Requires elevated temperature and pressure"",""Acidification yields salicylic acid as final product""]",,"false","3","The Kolbe-Schmitt reaction is the carboxylation of phenol using carbon dioxide and sodium hydroxide. Phenol is first converted to sodium phenoxide by reaction with NaOH. This nucleophilic phenoxide ion then reacts with CO₂ under pressure and heat (around 150°C) to form sodium salicylate (2-hydroxybenzoate). Acidification of the product yields salicylic acid. This reaction demonstrates the enhanced reactivity of the phenoxide ion compared to neutral phenol, as the negative charge on oxygen activates the benzene ring toward electrophilic substitution by CO₂.","B","short","12","annual","Describe the Kolbe-Schmitt reaction of phenol.","ms7bq7ny1qtwx7g64mj8at79vs85p9rm","2022",,,,,,,
"chemistry-12","10-hydroxy-compounds","Hydroxy Compounds","10-3-acidity-of-water-phenol-and-ethanol","10.3 Acidity of Water, Phenol, and Ethanol","m175f7h32er53kfa3519kxay0d85qhk9","true","Federal Board","[""Iodoform test requires presence of $CH_3CO-$ (methyl ketone) or $CH_3CHOH-$ (methyl carbinol) group"",""Compounds lacking methyl ketone or methyl carbinol structure will NOT give iodoform test"",""Test involves reaction with $I_2$ in alkaline medium to produce yellow precipitate of $CHI_3$"",""Aldehydes, carboxylic acids, and non-methyl ketones do not give positive iodoform test"",""Structural requirement is essential for positive test result""]",,"false","1","The iodoform test is specific for compounds containing the methyl ketone group ($CH_3CO-$) or methyl carbinol group ($CH_3CHOH-$). Compounds that do NOT contain these structural features will NOT give a positive iodoform test. Examples include ketones without the methyl group adjacent to the carbonyl, aldehydes, carboxylic acids, and esters without the required methyl ketone or methyl carbinol functionality.","MCQ","unclassified","10","annual","Which of the following will **NOT** give iodoform test?","ms7bq7ny1qtwx7g64mj8at79vs85p9rm","2023",,"The iodoform test is specific for compounds containing the methyl ketone group ($CH_3CO-$) or methyl carbinol group ($CH_3CHOH-$). Compounds that do NOT contain these structural features will NOT give a positive iodoform test. Examples include ketones without the methyl group adjacent to the carbonyl, aldehydes, carboxylic acids, and esters without the required methyl ketone or methyl carbinol functionality.","[{""key"":""A"",""text"":""Formaldehyde""},{""key"":""B"",""text"":""Acetaldehyde""},{""key"":""C"",""text"":""Acetone""},{""key"":""D"",""text"":""Ethanol""}]",,,,
"chemistry-12","10-hydroxy-compounds","Hydroxy Compounds","10-3-acidity-of-water-phenol-and-ethanol","10.3 Acidity of Water, Phenol, and Ethanol","m17694q144ftg5e8jf48hd5c3585q4bq","true","Federal Board","[""Produces hydrogen gas ($H_2$) as a product"",""Forms sodium alkoxide (salt) as the organic product"",""Shows alcohols possess acidic character due to -OH group"",""Reaction: $2R-OH + 2Na \\rightarrow 2R-ONa + H_2$"",""Demonstrates relative acidity of alcohols compared to water""]",,"false","1","Reaction of alcohols with sodium metal produces hydrogen gas and sodium alkoxide. The reaction is: $2R-OH + 2Na \rightarrow 2R-ONa + H_2\uparrow$. This demonstrates that alcohols are weakly acidic compounds, as they donate a proton to the more reactive sodium metal.","MCQ","mcq","13","annual","Reaction of alcohols with sodium metal gives:","ms7bq7ny1qtwx7g64mj8at79vs85p9rm","2023","B","Reaction of alcohols with sodium metal produces hydrogen gas and sodium alkoxide. The reaction is: $2R-OH + 2Na \rightarrow 2R-ONa + H_2\uparrow$. This demonstrates that alcohols are weakly acidic compounds, as they donate a proton to the more reactive sodium metal.","[{""key"":""A"",""text"":""Helium gas""},{""key"":""B"",""text"":""Hydrogen gas""},{""key"":""C"",""text"":""Carbon dioxide""},{""key"":""D"",""text"":""Carbon monoxide""}]",,,,
"chemistry-12","10-hydroxy-compounds","Hydroxy Compounds","10-3-acidity-of-water-phenol-and-ethanol","10.3 Acidity of Water, Phenol, and Ethanol","m17e4bqba3kfckzzxqedbpwh9d85prv2","true","Federal Board","[""Ethanol (primary alcohol): No reaction or very slow reaction; no turbidity observed"",""2-Propanol (secondary alcohol): Moderate reaction rate; turbidity appears within few minutes"",""2-Methyl-2-propanol (tertiary alcohol): Rapid reaction; immediate white precipitate formation"",""Reaction rate depends on carbocation stability: tertiary carbocations are most stable, primary are least stable"",""Lucas test mechanism involves SN1 reaction where carbocation formation is the rate-determining step""]",,"false","3","The Lucas test differentiates alcohols based on the rate of alkyl halide formation when treated with Lucas reagent (HCl + ZnCl₂). Ethanol (primary alcohol) does not react or reacts very slowly, showing no turbidity. 2-Propanol (secondary alcohol) reacts moderately, producing turbidity within a few minutes. 2-Methyl-2-propanol (tertiary alcohol) reacts immediately, forming a white precipitate of alkyl chloride almost instantaneously. This difference reflects the stability of carbocations: tertiary > secondary > primary.","B","short","2","annual","Differentiate between **Ethanol**, **2-Propanol** and **2-Methyl-2-Propanol** on the basis of **Lucas test**.","ms7bq7ny1qtwx7g64mj8at79vs85p9rm","2023",,,,,,,
"chemistry-12","10-hydroxy-compounds","Hydroxy Compounds","10-3-acidity-of-water-phenol-and-ethanol","10.3 Acidity of Water, Phenol, and Ethanol","m17be2c80wk6mbkjb1pdv2db4h85p4fp","true","Federal Board","[""Phenol reacts with CO₂ (carbon dioxide)"",""Reaction occurs under pressure and elevated temperature"",""Base (NaOH) is required to form phenoxide ion"",""Produces salicylic acid (2-hydroxybenzoic acid) as major product"",""Demonstrates electrophilic aromatic substitution mechanism""]",,"false","1","In the Kolbe-Schmitt reaction, phenol is reacted with carbon dioxide (CO₂) under pressure and heat in the presence of a base (typically sodium hydroxide). The phenoxide ion formed acts as a nucleophile, attacking the electrophilic carbon of CO₂ to produce salicylic acid (2-hydroxybenzoic acid) as the major product.","MCQ","mcq","11","annual","In Kolbe-Schmitt reaction, phenol is reacted with:","ms7bq7ny1qtwx7g64mj8at79vs85p9rm","2024","C","In the Kolbe-Schmitt reaction, phenol is reacted with carbon dioxide (CO₂) under pressure and heat in the presence of a base (typically sodium hydroxide). The phenoxide ion formed acts as a nucleophile, attacking the electrophilic carbon of CO₂ to produce salicylic acid (2-hydroxybenzoic acid) as the major product.","[{""key"":""A"",""text"":""$SiO_2 / KOH$""},{""key"":""B"",""text"":""$SO_2 / NaOH$""},{""key"":""C"",""text"":""$CO_2 / NaOH$""},{""key"":""D"",""text"":""$Br_2 / H_2O$""}]",,,,
"chemistry-12","10-hydroxy-compounds","Hydroxy Compounds","10-3-acidity-of-water-phenol-and-ethanol","10.3 Acidity of Water, Phenol, and Ethanol","m1719ksgsqkhap4fccj592h2q185q6vk","true","Federal Board","[""Reaction with conc. HNO₃ produces nitrophenols (2-nitrophenol and 4-nitrophenol) through oxidation and nitration"",""Reaction with aq. Br₂ produces 2,4,6-tribromophenol as a white precipitate due to electrophilic aromatic substitution"",""Reaction with conc. H₂SO₄ produces sulphonic acids (phenol-2-sulphonic acid and phenol-4-sulphonic acid) or diphenyl ether under heating"",""Phenol's -OH group is an activating group, directing incoming electrophiles to ortho and para positions"",""All three reactions demonstrate phenol's acidic nature and reactivity of the benzene ring""]",,"false","3","Phenol undergoes three important reactions: (1) With conc. $HNO_3$: phenol is oxidized and nitrated to form a mixture of 2-nitrophenol and 4-nitrophenol. (2) With aq. $Br_2$: phenol undergoes electrophilic aromatic substitution to form 2,4,6-tribromophenol (white precipitate). (3) With conc. $H_2SO_4$: phenol is dehydrated at elevated temperature to form diphenyl ether or undergoes sulfonation to form phenol-2-sulphonic acid and phenol-4-sulphonic acid.","B","short","15","annual","Write down the reactions of Phenol with conc. $HNO_3$, aq. $Br_2$ and conc. $H_2SO_4$.","ms7bq7ny1qtwx7g64mj8at79vs85p9rm","2024",,,,,,,
"chemistry-12","10-hydroxy-compounds","Hydroxy Compounds","10-3-acidity-of-water-phenol-and-ethanol","10.3 Acidity of Water, Phenol, and Ethanol","m171bgh60y7jdag8k5bav4r1th85p22q","true","Federal Board","[""Correct order: Carboxylic acid > Phenol > Alcohol with appropriate $pK_a$ values ($\\approx 4.7$, $\\approx 10$, $\\approx 15-16$ respectively)"",""Carboxylic acids strongest due to resonance stabilization of carboxylate ion and electron-withdrawing effect of carbonyl group"",""Phenols moderately acidic due to resonance delocalization of negative charge into aromatic ring"",""Alcohols weakest acids as alkoxide ion lacks resonance stabilization and is highly unstable"",""Lower $pK_a$ indicates stronger acid; conjugate base stability inversely related to acid strength""]",,"false","7","The order of acidic strength is: **Carboxylic acid > Phenol > Alcohol**. Carboxylic acids are the strongest with $pK_a \approx 4.7$, phenols are moderately acidic with $pK_a \approx 10$, and alcohols are extremely weak acids with $pK_a \approx 15-16$. This order reflects the stability of their conjugate bases: the carboxylate ion ($RCOO^-$) is highly stabilized by resonance and inductive effects; the phenoxide ion ($C_6H_5O^-$) is stabilized by resonance delocalization into the aromatic ring; and the alkoxide ion ($RO^-$) lacks such stabilization, making it highly unstable and basic.","C","long","8","annual","What is the order of acidic strength of phenol, alcohol and carboxylic acid? Justify your answer by giving $pK_a$ values, and stability of their conjugate bases.","ms7bq7ny1qtwx7g64mj8at79vs85p9rm","2024",,,,,,,
"chemistry-12","10-hydroxy-compounds","Hydroxy Compounds","10-3-acidity-of-water-phenol-and-ethanol","10.3 Acidity of Water, Phenol, and Ethanol","m1711r43q2a5qbhxwxh4rzfjrd8dztc9",,,,,"false",,,,"short","ix",,"Explain the resonance stabilization of the phenoxide ion and how it contributes to the acidity of phenol.","ms7bq7ny1qtwx7g64mj8at79vs85p9rm",,,,,"xd7aqdd534nxq0jthptq6ej02x8dzbq8","2. Short Answer Questions","exercise","{""blockIndex"":0,""chapterNumber"":10,""page"":188,""subjectSlug"":""chemistry-12""}"
"chemistry-12","10-hydroxy-compounds","Hydroxy Compounds","10-3-acidity-of-water-phenol-and-ethanol","10.3 Acidity of Water, Phenol, and Ethanol","m17e7edwxv44tdd1p4m3r42p9d8dy52d",,,,,"false",,,,"short","x",,"Compare the acidities of phenol, ethanol, and water. Provide a brief explanation for the differences in their acid strengths.","ms7bq7ny1qtwx7g64mj8at79vs85p9rm",,,,,"xd7aqdd534nxq0jthptq6ej02x8dzbq8","2. Short Answer Questions","exercise","{""blockIndex"":0,""chapterNumber"":10,""page"":188,""subjectSlug"":""chemistry-12""}"
"chemistry-12","10-hydroxy-compounds","Hydroxy Compounds","10-3-acidity-of-water-phenol-and-ethanol","10.3 Acidity of Water, Phenol, and Ethanol","m1705fxjhyg698yn9k6rqes4w58dzzzv",,,,,"false",,,,"short","xi",,"Predict the products of the reaction of 1-naphthol with NaOH and bromine water. Provide the balanced chemical equations and indicate the positions of the substituents.","ms7bq7ny1qtwx7g64mj8at79vs85p9rm",,,,,"xd7aqdd534nxq0jthptq6ej02x8dzbq8","2. Short Answer Questions","exercise","{""blockIndex"":0,""chapterNumber"":10,""page"":188,""subjectSlug"":""chemistry-12""}"
"chemistry-12","10-hydroxy-compounds","Hydroxy Compounds","10-3-acidity-of-water-phenol-and-ethanol","10.3 Acidity of Water, Phenol, and Ethanol","m1749nqfdrwrpnzavd2znwedfx8dzw51",,,,,"false",,,,"long","1",,"Compare and contrast the reactivity of phenol, benzene, and ethanol in electrophilic aromatic substitution reactions. Explain the role of the hydroxyl group in phenol and its influence on these reactions.","ms7bq7ny1qtwx7g64mj8at79vs85p9rm",,,,,"xd7bz2aevk52d01ajhtkm16nbd8dztyp","3. Long Answer Questions","exercise","{""blockIndex"":2,""chapterNumber"":10,""page"":188,""subjectSlug"":""chemistry-12""}"
"chemistry-12","10-hydroxy-compounds","Hydroxy Compounds","10-3-acidity-of-water-phenol-and-ethanol","10.3 Acidity of Water, Phenol, and Ethanol","m17bwaw7w4gxbjzv1ym51hw34n8dz873",,,,,"false",,,,"long","2",,"Describe the acidity of phenol in terms of its ability to donate protons. Compare its acidity to that of water and ethanol and explain the molecular basis for the differences observed.","ms7bq7ny1qtwx7g64mj8at79vs85p9rm",,,,,"xd7bz2aevk52d01ajhtkm16nbd8dztyp","3. Long Answer Questions","exercise","{""blockIndex"":2,""chapterNumber"":10,""page"":188,""subjectSlug"":""chemistry-12""}"
"chemistry-12","10-hydroxy-compounds","Hydroxy Compounds","10-3-acidity-of-water-phenol-and-ethanol","10.3 Acidity of Water, Phenol, and Ethanol","m173m1axppz3k6jjf8cphyj9f58dy260",,,,,"false",,,,"long","3",,"Describe how 2-naphthol will undergo a reaction with bromine water and nitric acid.","ms7bq7ny1qtwx7g64mj8at79vs85p9rm",,,,,"xd7bz2aevk52d01ajhtkm16nbd8dztyp","3. Long Answer Questions","exercise","{""blockIndex"":2,""chapterNumber"":10,""page"":188,""subjectSlug"":""chemistry-12""}"
"chemistry-12","10-hydroxy-compounds","Hydroxy Compounds","10-3-acidity-of-water-phenol-and-ethanol","10.3 Acidity of Water, Phenol, and Ethanol","m177jf8z1ajez5w5k5aab8gpp58dz9jk",,,,,"false",,,,"long","4",,"Predict the products if methanol is used instead of ethanol in the reaction with ethanoyl chloride. Provide the balanced chemical equation.","ms7bq7ny1qtwx7g64mj8at79vs85p9rm",,,,,"xd7bz2aevk52d01ajhtkm16nbd8dztyp","3. Long Answer Questions","exercise","{""blockIndex"":2,""chapterNumber"":10,""page"":188,""subjectSlug"":""chemistry-12""}"
"chemistry-12","10-hydroxy-compounds","Hydroxy Compounds","10-3-acidity-of-water-phenol-and-ethanol","10.3 Acidity of Water, Phenol, and Ethanol","m177qg3y2pbwfgv39v35p93f2d8dz11h",,,,,"false",,,,"long","5",,"Write the balanced chemical equations for the reactions of phenol with NaOH and sodium metal. Describe the products formed in each reaction.","ms7bq7ny1qtwx7g64mj8at79vs85p9rm",,,,,"xd7bz2aevk52d01ajhtkm16nbd8dztyp","3. Long Answer Questions","exercise","{""blockIndex"":2,""chapterNumber"":10,""page"":188,""subjectSlug"":""chemistry-12""}"
"chemistry-12","10-hydroxy-compounds","Hydroxy Compounds","10-3-acidity-of-water-phenol-and-ethanol","10.3 Acidity of Water, Phenol, and Ethanol","m177txhe76ej7j0k18fzvzkfys8dz6rk",,,,,"false",,,,"long","6",,"Explain the reaction of phenol with bromine water","ms7bq7ny1qtwx7g64mj8at79vs85p9rm",,,,,"xd7bz2aevk52d01ajhtkm16nbd8dztyp","3. Long Answer Questions","exercise","{""blockIndex"":0,""chapterNumber"":10,""page"":188,""subjectSlug"":""chemistry-12""}"
"chemistry-12","10-hydroxy-compounds","Hydroxy Compounds","10-3-acidity-of-water-phenol-and-ethanol","10.3 Acidity of Water, Phenol, and Ethanol","m17a167rycw8a4fvr9cba4qmrs8dz962",,,,,"false",,,,"long","7",,"Describe the reaction of phenol with dilute nitric acid at room temperature. What are the products, and why do they form in the observed positions on the aromatic ring?","ms7bq7ny1qtwx7g64mj8at79vs85p9rm",,,,,"xd7bz2aevk52d01ajhtkm16nbd8dztyp","3. Long Answer Questions","exercise","{""blockIndex"":2,""chapterNumber"":10,""page"":188,""subjectSlug"":""chemistry-12""}"
"chemistry-12","10-hydroxy-compounds","Hydroxy Compounds","10-3-acidity-of-water-phenol-and-ethanol","10.3 Acidity of Water, Phenol, and Ethanol","m177d1b2tc5hfnk26dmwf4fxf98dy4pj",,,,,"false",,,,"long","8",,"Discuss the similarities and differences in the directing effects of the hydroxyl group in phenol and 1-naphthol.","ms7bq7ny1qtwx7g64mj8at79vs85p9rm",,,,,"xd7bz2aevk52d01ajhtkm16nbd8dztyp","3. Long Answer Questions","exercise","{""blockIndex"":2,""chapterNumber"":10,""page"":188,""subjectSlug"":""chemistry-12""}"
"chemistry-12","10-hydroxy-compounds","Hydroxy Compounds","10-3-acidity-of-water-phenol-and-ethanol","10.3 Acidity of Water, Phenol, and Ethanol","m171bpf20bkbsp431yr833r7tn8dz5r5",,,,,"false",,,,"long","9",,"Phenol is more acidic than ethanol. Analyze the structure of phenol to explain this difference in acidity.","ms7bq7ny1qtwx7g64mj8at79vs85p9rm",,,,,"xd7bz2aevk52d01ajhtkm16nbd8dztyp","3. Long Answer Questions","exercise","{""blockIndex"":2,""chapterNumber"":10,""page"":188,""subjectSlug"":""chemistry-12""}"
"chemistry-12","10-hydroxy-compounds","Hydroxy Compounds","10-3-acidity-of-water-phenol-and-ethanol","10.3 Acidity of Water, Phenol, and Ethanol","m179wthgaphw864a2dg9bcghf18dzxna",,,,,"false",,,,"long","10",,"Phenol reacts with bromine water to form a white precipitate without needing a catalyst. What does this suggest about the electron density of the aromatic ring in phenol?","ms7bq7ny1qtwx7g64mj8at79vs85p9rm",,,,,"xd7bz2aevk52d01ajhtkm16nbd8dztyp","3. Long Answer Questions","exercise","{""blockIndex"":2,""chapterNumber"":10,""page"":188,""subjectSlug"":""chemistry-12""}"