subjectSlug,chapterSlug,chapterTitle,topicSlug,topicTitle,_id,examBoard,keyPoints,lastAttempt,locked,marks,modelAnswer,origin,partType,questionKind,questionNumber,session,stem,topicId,year,correctKey,correctKeyVerified,exerciseId,exerciseTitle,options,sourceRef
"chemistry-9","09-chemical-equilibrium","Chemical Equilibrium","9-1-reversible-reactions-and-dynamic-equilibrium","9.1 Reversible Reactions and Dynamic Equilibrium.","m1710p16sby91cfzdk35s0e69d8cde53","fbise","[""Matter cannot escape from a closed system."",""Equilibrium is dynamic: both directions continue at equal rates.""]",,"false","1","A closed system prevents reactants or products from escaping. In a reversible reaction, both forward and reverse reactions can then continue until their rates become equal; the reaction is at dynamic equilibrium even though particles continue reacting. For example, $\mathrm{SO}_{2}+\mathrm{O}_{2}\rightleftharpoons\mathrm{SO}_{3}$ reaches equilibrium in a closed container.","exam","B","short","2(ix)","annual","How a closed system may contribute to the establishment of equilibrium in reversible reactions? Give one example.","ms7cew4c7nch0f1xxsc7r5t5es8brxqs","2025",,,,,,
"chemistry-9","09-chemical-equilibrium","Chemical Equilibrium","9-1-reversible-reactions-and-dynamic-equilibrium","9.1 Reversible Reactions and Dynamic Equilibrium.","m175csxvb61rwjf5755yzys5ks8cchf5","fbise","[""Products can reform reactants."",""The reaction proceeds in both directions.""]",,"false","1.5","A reversible reaction is one in which products can react together to reform the original reactants. It proceeds in both forward and reverse directions under the same conditions and is shown with $\rightleftharpoons$. Example: $\mathrm{SO}_{2}+\mathrm{O}_{2}\rightleftharpoons\mathrm{SO}_{3}$.","exam","B","short","2(viii)","annual","What is a reversible chemical reaction? Give one example.","ms7cew4c7nch0f1xxsc7r5t5es8brxqs","2025",,,,,,
"chemistry-9","09-chemical-equilibrium","Chemical Equilibrium","9-1-reversible-reactions-and-dynamic-equilibrium","9.1 Reversible Reactions and Dynamic Equilibrium.","m17arbadvaj98p5ymbnk15t8dd8ccpct","fbise","[""No matter enters or leaves."",""Both directions continue."",""Equal rates define dynamic equilibrium.""]",,"false","3","A closed system allows a reversible reaction to proceed in both directions without loss of matter. The forward rate initially dominates, the reverse rate increases as products form, and equilibrium is reached when both rates are equal. The concentrations then remain constant although reactions continue.","exam","B","short","2(ix)","model","How a closed system establishes equilibrium.","ms7cew4c7nch0f1xxsc7r5t5es8brxqs","2026",,,,,,
"chemistry-9","09-chemical-equilibrium","Chemical Equilibrium","9-1-reversible-reactions-and-dynamic-equilibrium","9.1 Reversible Reactions and Dynamic Equilibrium.","m17cadxc4q5znp59tb1jf4jsm18ccqhp","fbise","[""The system is closed to matter transfer."",""Equal forward and reverse rates establish equilibrium.""]",,"false","3","A closed system contributes by keeping all reactants and products inside the vessel. In a reversible reaction, the forward and reverse processes continue until their rates are equal, producing dynamic equilibrium. The concentrations remain constant even though particles continue to react.","exam","B","short","2(ix)","specimen","Give the ways a closed system contributes to establishment of equilibrium in reversible reactions.","ms7cew4c7nch0f1xxsc7r5t5es8brxqs","2026",,,,,,
"chemistry-9","09-chemical-equilibrium","Chemical Equilibrium","9-1-reversible-reactions-and-dynamic-equilibrium","9.1 Reversible Reactions and Dynamic Equilibrium.","m175jqkdhk391tmfwsd6n5ysvx8dz5ea",,,,"false",,,"exercise","MCQ","mcq","1(ii)",,"When a mixture of H2 and I2 is sealed in a flask and temperature is kept at 25°C, following equilibrium is established: H2(g) + I2(g) ⇌ 2HI(g). Which substance or substances will be present in the equilibrium mixture?","ms7cew4c7nch0f1xxsc7r5t5es8brxqs",,"D","true","xd75hry3gn5dw7xeyhxgmqqvgh8dydj8","Encircle the correct answer","[{""key"":""A"",""text"":""H2 and I2""},{""key"":""B"",""text"":""HI only""},{""key"":""C"",""text"":""H2 only""},{""key"":""D"",""text"":""H2, I2 and HI""}]","{""blockIndex"":1,""chapterNumber"":9,""subjectSlug"":""chemistry-9""}"
"chemistry-9","09-chemical-equilibrium","Chemical Equilibrium","9-1-reversible-reactions-and-dynamic-equilibrium","9.1 Reversible Reactions and Dynamic Equilibrium.","m179xc0rramzp7sp5s33v6ssfd8dyfhw",,,,"false",,,"exercise","MCQ","mcq","1(iv)",,"Which of the following does not happen, when a system is at equilibrium state?","ms7cew4c7nch0f1xxsc7r5t5es8brxqs",,"A","true","xd75hry3gn5dw7xeyhxgmqqvgh8dydj8","Encircle the correct answer","[{""key"":""A"",""text"":""forward and reverse reactions stop.""},{""key"":""B"",""text"":""forward and reverse rates become equal.""},{""key"":""C"",""text"":""concentration of reactants and products stop changing.""},{""key"":""D"",""text"":""reaction continues to occur in both the directions.""}]","{""blockIndex"":2,""chapterNumber"":9,""subjectSlug"":""chemistry-9""}"
"chemistry-9","09-chemical-equilibrium","Chemical Equilibrium","9-1-reversible-reactions-and-dynamic-equilibrium","9.1 Reversible Reactions and Dynamic Equilibrium.","m17d3t0qw8zbgdkrx7rekygshx8dznxp",,,,"false",,,"exercise","MCQ","mcq","1(v)",,"In an irreversible reaction equilibrium is","ms7cew4c7nch0f1xxsc7r5t5es8brxqs",,"C","true","xd75hry3gn5dw7xeyhxgmqqvgh8dydj8","Encircle the correct answer","[{""key"":""A"",""text"":""established quickly""},{""key"":""B"",""text"":""established slowly""},{""key"":""C"",""text"":""never established""},{""key"":""D"",""text"":""established when reaction stops.""}]","{""blockIndex"":2,""chapterNumber"":9,""subjectSlug"":""chemistry-9""}"
"chemistry-9","09-chemical-equilibrium","Chemical Equilibrium","9-1-reversible-reactions-and-dynamic-equilibrium","9.1 Reversible Reactions and Dynamic Equilibrium.","m177aevk9rnjnrm6xwngj3d6y98dy4yr",,,,"false",,"In a forward reaction, reactants combine to form products, e.g. 2SO2(g) + O2(g) → 2SO3(g). In a reverse reaction, the products of that reaction break down again to re-form the original reactants, e.g. 2SO3(g) → 2SO2(g) + O2(g). In a reversible reaction both occur, and at equilibrium they proceed at the same rate.","exercise",,"short","2(i)",,"Differentiate between forward and reverse reactions.","ms7cew4c7nch0f1xxsc7r5t5es8brxqs",,,,"xd7cpp228jf2m9gky0fz18sxhx8dz021","Give short answer",,"{""blockIndex"":2,""chapterNumber"":9,""subjectSlug"":""chemistry-9""}"
"chemistry-9","09-chemical-equilibrium","Chemical Equilibrium","9-1-reversible-reactions-and-dynamic-equilibrium","9.1 Reversible Reactions and Dynamic Equilibrium.","m176dwbr12q6eqyj94ct8b8mcd8dzs1t",,,,"false",,"Chemical equilibrium is the state of a reversible reaction in which the forward and reverse reactions occur at the same rate, so the concentrations of reactants and products remain constant over time. It is a dynamic equilibrium: individual molecules keep reacting, but the overall quantities of reactants and products stop changing.","exercise",,"short","2(ii)",,"What is chemical equilibrium?","ms7cew4c7nch0f1xxsc7r5t5es8brxqs",,,,"xd7cpp228jf2m9gky0fz18sxhx8dz021","Give short answer",,"{""blockIndex"":2,""chapterNumber"":9,""subjectSlug"":""chemistry-9""}"
"chemistry-9","09-chemical-equilibrium","Chemical Equilibrium","9-1-reversible-reactions-and-dynamic-equilibrium","9.1 Reversible Reactions and Dynamic Equilibrium.","m17e7mrbj19gdxj5g3fqvgyh358dz2zr",,,,"false",,"Two examples of reversible reactions from this chapter: (1) 2SO2(g) + O2(g) ⇌ 2SO3(g); (2) CoCl2·6H2O (pink solid) ⇌ CoCl2 (blue solid) + 6H2O.","exercise",,"short","2(iii)",,"Write two chemical equations of reversible reactions.","ms7cew4c7nch0f1xxsc7r5t5es8brxqs",,,,"xd7cpp228jf2m9gky0fz18sxhx8dz021","Give short answer",,"{""blockIndex"":2,""chapterNumber"":9,""subjectSlug"":""chemistry-9""}"
"chemistry-9","09-chemical-equilibrium","Chemical Equilibrium","9-1-reversible-reactions-and-dynamic-equilibrium","9.1 Reversible Reactions and Dynamic Equilibrium.","m177bjj3q045nrdrfwv3kt9f098dypnc",,,,"false",,"Coal reacts with hot steam to give carbon monoxide and hydrogen, which then react further in the presence of a catalyst to form methane and water vapour, an equilibrium reaction: CO(g) + 3H2(g) ⇌ CH4(g) + H2O(g). Forward reaction: CO(g) + 3H2(g) → CH4(g) + H2O(g), carbon monoxide and hydrogen combining to form methane and water vapour. Reverse reaction: CH4(g) + H2O(g) → CO(g) + 3H2(g), methane and water vapour reacting in the opposite direction to re-form carbon monoxide and hydrogen. Both reactions occur simultaneously once the system reaches equilibrium, at equal rates.","exercise",,"long","3",,"Coal reacts with hot steam to form CO and H2. These substances react further in the presence of a catalyst to give methane and water vapour: CO(g) + 3H2(g) ⇌ CH4(g) + H2O(g). Write forward and reverse reactions for it.","ms7cew4c7nch0f1xxsc7r5t5es8brxqs",,,,"xd733tae415ps9b7me88by0w398dz6e3","Extensive Answer Questions",,"{""blockIndex"":2,""chapterNumber"":9,""subjectSlug"":""chemistry-9""}"
"chemistry-9","09-chemical-equilibrium","Chemical Equilibrium","9-1-reversible-reactions-and-dynamic-equilibrium","9.1 Reversible Reactions and Dynamic Equilibrium.","m17atpq7577anw6nypy423994h8dzf9g",,,,"false",,"Bromine chloride decomposes reversibly to give chlorine and bromine, so both the decomposition and its reverse (recombination) occur simultaneously once the reaction reaches equilibrium: 2BrCl(g) ⇌ Cl2(g) + Br2(g). The forward reaction (decomposition of BrCl) and the reverse reaction (Cl2 and Br2 recombining to form BrCl) proceed at the same rate at equilibrium.","exercise",,"long","TT1",,"Bromine chloride (BrCl) decomposes to form chlorine and bromine. Write reversible chemical reaction for this reaction.","ms7cew4c7nch0f1xxsc7r5t5es8brxqs",,,,"xd733tae415ps9b7me88by0w398dz6e3","Extensive Answer Questions",,"{""blockIndex"":4,""chapterNumber"":9,""subjectSlug"":""chemistry-9""}"
"chemistry-9","09-chemical-equilibrium","Chemical Equilibrium","9-2-conditions-for-equilibrium","9.2 Conditions for Equilibrium","m174zrxg8q8768whp3p93crc318cc9nb","fbise","[""A closed container prevents matter entering or leaving."",""Forward and reverse rates become equal."",""Concentrations remain constant at equilibrium.""]",,"false","3","Three conditions for equilibrium are: the reaction occurs in a closed system; the temperature is kept constant; and the forward and reverse reactions continue at equal rates, so the concentrations of reactants and products remain constant.","exam","B","short","2(viii)","annual","Write three conditions required for chemical equilibrium.","ms7e30dbpfzk72gswmw62x4pnx8bsk2f","2025",,,,,,
"chemistry-9","09-chemical-equilibrium","Chemical Equilibrium","9-2-conditions-for-equilibrium","9.2 Conditions for Equilibrium","m1797fma5ha82f18wn694dwxtd8cdbph","fbise","[""Use a closed system."",""Keep temperature constant."",""Forward and reverse rates become equal.""]",,"false","3","Three conditions for equilibrium are a closed system, constant temperature, and equal forward and reverse reaction rates. Under these conditions, the concentrations of reactants and products remain constant while the reactions continue microscopically.","exam","B","short","2(ix)","annual","Write three conditions required for chemical equilibrium.","ms7e30dbpfzk72gswmw62x4pnx8bsk2f","2025",,,,,,
"chemistry-9","09-chemical-equilibrium","Chemical Equilibrium","9-2-conditions-for-equilibrium","9.2 Conditions for Equilibrium","m17ayntjzc5z0wmem80erxbesn8dzabq",,,,"false",,,"exercise","MCQ","mcq","1(i)",,"Which is true about the equilibrium state?","ms7e30dbpfzk72gswmw62x4pnx8bsk2f",,"D","true","xd75hry3gn5dw7xeyhxgmqqvgh8dydj8","Encircle the correct answer","[{""key"":""A"",""text"":""The forward reaction stops.""},{""key"":""B"",""text"":""The reverse reaction stops.""},{""key"":""C"",""text"":""Both forward and reverse reactions stop.""},{""key"":""D"",""text"":""Both forward and reverse reactions continue at the same rate.""}]","{""blockIndex"":1,""chapterNumber"":9,""subjectSlug"":""chemistry-9""}"
"chemistry-9","09-chemical-equilibrium","Chemical Equilibrium","9-2-conditions-for-equilibrium","9.2 Conditions for Equilibrium","m174f67qvj66j0e8esgcxd88y18dzqnn",,,,"false",,,"exercise","MCQ","mcq","1(iii)",,"Concentration of reactants and products at equilibrium remains unchanged if","ms7e30dbpfzk72gswmw62x4pnx8bsk2f",,"D","true","xd75hry3gn5dw7xeyhxgmqqvgh8dydj8","Encircle the correct answer","[{""key"":""A"",""text"":""concentration of any reactant or product is not changed.""},{""key"":""B"",""text"":""temperature of the reaction is not changed.""},{""key"":""C"",""text"":""pressure or volume of the system is not changed.""},{""key"":""D"",""text"":""all of the above are observed""}]","{""blockIndex"":1,""chapterNumber"":9,""subjectSlug"":""chemistry-9""}"
"chemistry-9","09-chemical-equilibrium","Chemical Equilibrium","9-2-conditions-for-equilibrium","9.2 Conditions for Equilibrium","m1796cgebvpexjyzvhtfcnxdwd8dzzw4",,,,"false",,"A system is at equilibrium when: (1) the concentration of reactant or product remains unchanged; (2) the temperature of the system remains constant; (3) the pressure or volume of the system remains constant.","exercise",,"short","2(iv)",,"Write down the conditions for equilibrium.","ms7e30dbpfzk72gswmw62x4pnx8bsk2f",,,,"xd7cpp228jf2m9gky0fz18sxhx8dz021","Give short answer",,"{""blockIndex"":2,""chapterNumber"":9,""subjectSlug"":""chemistry-9""}"
"chemistry-9","09-chemical-equilibrium","Chemical Equilibrium","9-3-effect-of-heat-temperature-on-a-chemical-equilibrium-system","9.3 Effect of Heat (Temperature) on a Chemical Equilibrium System","m176s13zt834gy96567c992dqn8ccpxx","fbise","[""Heating hydrated cobalt chloride shifts right."",""Adding water shifts left."",""Removing product water shifts right.""]",,"false","3","For an equilibrium disturbed by heating, the system shifts in the direction that absorbs heat. For hydrated cobalt(II) chloride, heating drives the equilibrium to the right and forms blue anhydrous cobalt(II) chloride. Adding water shifts it left to reform pink hydrated cobalt(II) chloride. Removing water vapour shifts it right to replace the removed product.","exam","B","short","2(viii)","model","Predict equilibrium shifts for heating and water changes.","ms79m4x9vsv881yfhc8ndz73x58bsfhy","2026",,,,,,
"chemistry-9","09-chemical-equilibrium","Chemical Equilibrium","9-3-effect-of-heat-temperature-on-a-chemical-equilibrium-system","9.3 Effect of Heat (Temperature) on a Chemical Equilibrium System","m17dh4aabswjxpnsrv4zkrbcw98cc1mg","fbise","[""Heat drives dehydration to the right."",""Added water hydrates cobalt chloride and shifts left."",""Removing water shifts right.""]",,"false","1","For $\mathrm{CoCl}_{2}\cdot2\mathrm{H}_{2}\mathrm{O}(s)+\text{heat}\rightleftharpoons\mathrm{CoCl}_{2}(s)+2\mathrm{H}_{2}\mathrm{O}(g)$, heating shifts the equilibrium right. Adding water shifts it left to form hydrated cobalt(II) chloride. Removing water shifts it right because the system replaces the removed product.","exam","B","short","2(viii)","specimen","For the equilibrium CoCl2.2H2O(s) + heat ⇌ CoCl2(g) + H2O(g), predict reaction direction when heating, adding water and removing water are applied.","ms79m4x9vsv881yfhc8ndz73x58bsfhy","2026",,,,,,
"chemistry-9","09-chemical-equilibrium","Chemical Equilibrium","9-3-effect-of-heat-temperature-on-a-chemical-equilibrium-system","9.3 Effect of Heat (Temperature) on a Chemical Equilibrium System","m17ey8yecbp501w5whhqyk07n98dztg0",,,,"false",,"Hydrated cobalt(II) chloride is pink. On heating it loses its water of hydration and becomes anhydrous cobalt(II) chloride, which is blue, so heating shifts the equilibrium towards the blue anhydrous form. When water is added back, it is absorbed and the equilibrium shifts back to the left, restoring the pink hydrated form.","exercise",,"long","4",,"How does temperature affect cobalt chloride equilibrium?","ms79m4x9vsv881yfhc8ndz73x58bsfhy",,,,"xd733tae415ps9b7me88by0w398dz6e3","Extensive Answer Questions",,"{""blockIndex"":2,""chapterNumber"":9,""subjectSlug"":""chemistry-9""}"