subjectSlug,chapterSlug,chapterTitle,topicSlug,topicTitle,_id,correctKey,explanation,lastAttempt,locked,noteId,options,stem,topicId,sectionId,sectionLabel,sourceRef
"biology-12","05-nervous-system-of-man","Nervous System Of Man","5-1-receptors-are-transducers","5.1 Receptors Are Transducers","k9782vtwpr69jkgxc9ythzwdbh85p55p","B","Transduction is the conversion of one form of energy (mechanical, thermal, chemical, etc.) into the electrochemical energy of a nerve impulse. Receptors do not amplify or store stimulus energy.",,"false","kx78593bhavd2cgwn11kkx8sk985pn68","[{""key"":""A"",""text"":""It amplifies the physical energy of the stimulus before sending it to the brain.""},{""key"":""B"",""text"":""It converts stimulus energy into electrochemical energy (nerve impulses).""},{""key"":""C"",""text"":""It acts as a filter to block all weak stimuli from reaching the CNS.""},{""key"":""D"",""text"":""It stores the energy of the stimulus for later use.""}]","Which of the following best describes the function of a receptor as a transducer?","ms781j83y1rd98bfa268cy3v7h85qg7k",,,
"biology-12","05-nervous-system-of-man","Nervous System Of Man","5-1-receptors-are-transducers","5.1 Receptors Are Transducers","k97eqr46nzzmenzkkm03xnpbz985q6ct","C","Receptor potentials are graded, a stronger stimulus produces a larger change in membrane potential. Action potentials, by contrast, obey the all-or-none law and are propagated along the axon.",,"false","kx78593bhavd2cgwn11kkx8sk985pn68","[{""key"":""A"",""text"":""All-or-none in nature.""},{""key"":""B"",""text"":""Always inhibitory.""},{""key"":""C"",""text"":""Graded and proportional to the stimulus intensity.""},{""key"":""D"",""text"":""Propagated along the entire length of the axon.""}]","Unlike an action potential, a receptor (generator) potential is:","ms781j83y1rd98bfa268cy3v7h85qg7k",,,
"biology-12","05-nervous-system-of-man","Nervous System Of Man","5-1-receptors-are-transducers","5.1 Receptors Are Transducers","k971tkx9mj25by6axee1qz935h85qnf0","B","Sensory adaptation is the reduction in receptor sensitivity and firing frequency during prolonged exposure to a constant stimulus. Olfactory receptors are fast-adapting, explaining why persistent odours are no longer perceived.",,"false","kx78593bhavd2cgwn11kkx8sk985pn68","[{""key"":""A"",""text"":""Sensory Transduction""},{""key"":""B"",""text"":""Sensory Adaptation""},{""key"":""C"",""text"":""Temporal Summation""},{""key"":""D"",""text"":""Spatial Summation""}]","A person enters a room with a strong smell but stops noticing it after a few minutes. Which receptor phenomenon explains this?","ms781j83y1rd98bfa268cy3v7h85qg7k",,,
"biology-12","05-nervous-system-of-man","Nervous System Of Man","5-1-receptors-are-transducers","5.1 Receptors Are Transducers","k97a0k7v7ncx2avdrrj5bd19w985pxz6","C","Proprioceptors are located in muscles, tendons, and joints. They continuously relay information about body position, movement, and muscle tension to the CNS, enabling coordination and balance.",,"false","kx78593bhavd2cgwn11kkx8sk985pn68","[{""key"":""A"",""text"":""Exteroceptors""},{""key"":""B"",""text"":""Nociceptors""},{""key"":""C"",""text"":""Proprioceptors""},{""key"":""D"",""text"":""Baroreceptors""}]","Which type of receptor is specifically responsible for monitoring the position of limbs and body posture?","ms781j83y1rd98bfa268cy3v7h85qg7k",,,
"biology-12","05-nervous-system-of-man","Nervous System Of Man","5-1-receptors-are-transducers","5.1 Receptors Are Transducers","k9723ts6hqjyvscm5zdp1x30m98d2wvn","A","Receptors detect environmental change and transduce it into electrochemical signaling.",,"false","kx78593bhavd2cgwn11kkx8sk985pn68","[{""key"":""A"",""text"":""Convert a stimulus into a nerve signal""},{""key"":""B"",""text"":""Pump blood""},{""key"":""C"",""text"":""Digest proteins""},{""key"":""D"",""text"":""Secrete urine""}]","What is the main role of a receptor?","ms781j83y1rd98bfa268cy3v7h85qg7k","5.1-core-definition","5.1-core-definition","{""blockIndex"":5,""chapterNumber"":5,""subjectSlug"":""biology-12""}"
"biology-12","05-nervous-system-of-man","Nervous System Of Man","5-2-path-of-a-message-transmitted-to-the-central-nervous-system","5.2 Message Path to Central Nervous System","k970xvkjqczxtsnjvkkbrvqwph85q37z","B","Afferent (sensory) impulses travel toward the CNS from receptors, whereas efferent (motor) impulses travel away from the CNS to effectors.",,"false","kx7bv4j0ze8gxrsak2ectmayh185p1h9","[{""key"":""A"",""text"":""Efferent""},{""key"":""B"",""text"":""Afferent""},{""key"":""C"",""text"":""Motor""},{""key"":""D"",""text"":""Descending""}]","A message transmitted 'to' the CNS is described as:","ms71xaaa902k8t3b6r811etwy985prr8",,,
"biology-12","05-nervous-system-of-man","Nervous System Of Man","5-2-path-of-a-message-transmitted-to-the-central-nervous-system","5.2 Message Path to Central Nervous System","k973m3g8mdbqzqp237jf3bhd6h85qycd","C","Interneurons (association neurons) are located entirely within the brain and spinal cord, where they integrate and process information between sensory and motor neurons.",,"false","kx7bv4j0ze8gxrsak2ectmayh185p1h9","[{""key"":""A"",""text"":""Sensory Neuron""},{""key"":""B"",""text"":""Motor Neuron""},{""key"":""C"",""text"":""Interneuron""},{""key"":""D"",""text"":""Bipolar Neuron""}]","Which type of neuron is strictly confined to the Central Nervous System?","ms71xaaa902k8t3b6r811etwy985prr8",,,
"biology-12","05-nervous-system-of-man","Nervous System Of Man","5-2-path-of-a-message-transmitted-to-the-central-nervous-system","5.2 Message Path to Central Nervous System","k978c0myq7svr3gv9jdz08yck98d286v","A","The third-order neuron carries the impulse from the thalamus to the somatosensory cortex.",,"false","kx7bv4j0ze8gxrsak2ectmayh185p1h9","[{""key"":""A"",""text"":""Third-order neuron""},{""key"":""B"",""text"":""First-order neuron""},{""key"":""C"",""text"":""Motor neuron""},{""key"":""D"",""text"":""Interneuron in a muscle""}]","Which neuron relays a sensory signal from the thalamus to the somatosensory cortex?","ms71xaaa902k8t3b6r811etwy985prr8","5.2-core-definition","5.2-core-definition","{""blockIndex"":8,""chapterNumber"":5,""subjectSlug"":""biology-12""}"
"biology-12","05-nervous-system-of-man","Nervous System Of Man","5-3-neuron","5.3 Neuron","k9751rra8z80anrjm1m6xm5jzh85pjd8","B","Dendrites are short, branched cytoplasmic extensions of the cell body that carry nerve impulses toward the soma. The axon transmits impulses away from the cell body.",,"false","kx7857pv4h8m4gbaxrw56h8ywx85qe6x","[{""key"":""A"",""text"":""Axon""},{""key"":""B"",""text"":""Dendrites""},{""key"":""C"",""text"":""Myelin Sheath""},{""key"":""D"",""text"":""Nodes of Ranvier""}]","Which part of the neuron is specifically responsible for receiving incoming signals from other neurons or receptors?","ms756fx2twk5yzbtzrqb9q6zwd85q931",,,
"biology-12","05-nervous-system-of-man","Nervous System Of Man","5-3-neuron","5.3 Neuron","k975m78qg8k8ssb5h150e6vs0x85p4v7","C","Motor (efferent) neurons carry impulses from the CNS to effectors such as muscles and glands. They typically have long axons to reach peripheral effectors.",,"false","kx7857pv4h8m4gbaxrw56h8ywx85qe6x","[{""key"":""A"",""text"":""Sensory neuron""},{""key"":""B"",""text"":""Interneuron""},{""key"":""C"",""text"":""Motor neuron""},{""key"":""D"",""text"":""Bipolar neuron""}]","A neuron that possesses a long axon and is responsible for stimulating a muscle fiber is classified as a:","ms756fx2twk5yzbtzrqb9q6zwd85q931",,,
"biology-12","05-nervous-system-of-man","Nervous System Of Man","5-3-neuron","5.3 Neuron","k974aftqd0wc3za6t52wkr47ax85qbzd","C","Schwann cells wrap around axons in the PNS to form the myelin sheath. Oligodendrocytes perform this function in the CNS. Astrocytes and microglial cells have different support roles.",,"false","kx7857pv4h8m4gbaxrw56h8ywx85qe6x","[{""key"":""A"",""text"":""Astrocytes""},{""key"":""B"",""text"":""Oligodendrocytes""},{""key"":""C"",""text"":""Schwann cells""},{""key"":""D"",""text"":""Microglial cells""}]","In the Peripheral Nervous System (PNS), the fatty insulating layer around axons is secreted by:","ms756fx2twk5yzbtzrqb9q6zwd85q931",,,
"biology-12","05-nervous-system-of-man","Nervous System Of Man","5-3-neuron","5.3 Neuron","k973y2k9k01gyzazy88nmkfcvd85pf70","B","Saltatory conduction occurs only in myelinated neurons where the action potential jumps between Nodes of Ranvier, significantly increasing conduction speed and energy efficiency.",,"false","kx7857pv4h8m4gbaxrw56h8ywx85qe6x","[{""key"":""A"",""text"":""Non-myelinated neurons""},{""key"":""B"",""text"":""Myelinated neurons""},{""key"":""C"",""text"":""Unipolar neurons""},{""key"":""D"",""text"":""All neurons in the autonomic system""}]","Saltatory conduction is a characteristic feature of which type of neurons?","ms756fx2twk5yzbtzrqb9q6zwd85q931",,,
"biology-12","05-nervous-system-of-man","Nervous System Of Man","5-3-neuron","5.3 Neuron","k976s5pqkhyj2xghpb346qa4k585p8q9","C","Nissl's granules are composed of rough ER and free ribosomes, which are the primary sites for protein synthesis. Neurons require continuous protein production for neurotransmitters and structural maintenance.",,"false","kx7857pv4h8m4gbaxrw56h8ywx85qe6x","[{""key"":""A"",""text"":""Lipid metabolism""},{""key"":""B"",""text"":""ATP production""},{""key"":""C"",""text"":""Protein synthesis""},{""key"":""D"",""text"":""DNA replication""}]","The presence of Nissl's granules in the cell body of a neuron indicates high activity in:","ms756fx2twk5yzbtzrqb9q6zwd85q931",,,
"biology-12","05-nervous-system-of-man","Nervous System Of Man","5-3-neuron","5.3 Neuron","k9776k617ryjnna077m9s7prt58d2hxr","A","Dendrites are branched extensions specialized for receiving signals toward the soma.",,"false","kx7857pv4h8m4gbaxrw56h8ywx85qe6x","[{""key"":""A"",""text"":""Dendrites""},{""key"":""B"",""text"":""Axon terminals only""},{""key"":""C"",""text"":""Myelin sheath""},{""key"":""D"",""text"":""Nodes of Ranvier""}]","Which neuronal structure normally receives incoming signals?","ms756fx2twk5yzbtzrqb9q6zwd85q931","5.3-core-definition","5.3-core-definition","{""blockIndex"":12,""chapterNumber"":5,""subjectSlug"":""biology-12""}"
"biology-12","05-nervous-system-of-man","Nervous System Of Man","5-4-reflex-arc","5.4 Reflex Arc","k9799es8t8nhfgd9gpd8b7t1pd85qfsw","B","The impulse travels from the receptor via the afferent (sensory) neuron to the CNS (interneuron), then out via the efferent (motor) neuron to the effector.",,"false","kx7eyxzyr6gdex7409nxwfd02x85qjv1","[{""key"":""A"",""text"":""Receptor → Motor Neuron → Interneuron → Sensory Neuron → Effector""},{""key"":""B"",""text"":""Receptor → Sensory Neuron → Interneuron → Motor Neuron → Effector""},{""key"":""C"",""text"":""Effector → Sensory Neuron → Interneuron → Motor Neuron → Receptor""},{""key"":""D"",""text"":""Interneuron → Sensory Neuron → Receptor → Motor Neuron → Effector""}]","Which of the following represents the correct sequence of an impulse in a reflex arc?","ms7axza7zxr6tztk3rrwg945an85pn7b",,,
"biology-12","05-nervous-system-of-man","Nervous System Of Man","5-4-reflex-arc","5.4 Reflex Arc","k972efvqtxhggpdmfm3csd70td85pxdc","B","Reflexes bypass the conscious brain to provide an immediate, automatic response to potentially harmful stimuli.",,"false","kx7eyxzyr6gdex7409nxwfd02x85qjv1","[{""key"":""A"",""text"":""It allows for complex decision making""},{""key"":""B"",""text"":""It increases the speed of response to minimize tissue damage""},{""key"":""C"",""text"":""It ensures the brain is notified before the action occurs""},{""key"":""D"",""text"":""It reduces the metabolic cost of muscle contraction""}]","What is the primary physiological advantage of a reflex arc?","ms7axza7zxr6tztk3rrwg945an85pn7b",,,
"biology-12","05-nervous-system-of-man","Nervous System Of Man","5-4-reflex-arc","5.4 Reflex Arc","k97erc5pt2fhhs7ee954mwsvc585qmvk","C","Spinal reflexes (below the neck) are integrated within the spinal cord to ensure a rapid response without immediate brain involvement.",,"false","kx7eyxzyr6gdex7409nxwfd02x85qjv1","[{""key"":""A"",""text"":""Cerebrum""},{""key"":""B"",""text"":""Cerebellum""},{""key"":""C"",""text"":""Spinal Cord""},{""key"":""D"",""text"":""Medulla Oblongata""}]","Reflex actions occurring below the neck are primarily under the control of:","ms7axza7zxr6tztk3rrwg945an85pn7b",,,
"biology-12","05-nervous-system-of-man","Nervous System Of Man","5-4-reflex-arc","5.4 Reflex Arc","k975hrkvr55m88zbavcj3t216s8d3jtw","A","The effector, a muscle or gland, carries out the motor response.",,"false","kx7eyxzyr6gdex7409nxwfd02x85qjv1","[{""key"":""A"",""text"":""Effector""},{""key"":""B"",""text"":""Receptor""},{""key"":""C"",""text"":""Interneuron""},{""key"":""D"",""text"":""Dorsal root""}]","Which component is the final responder in a reflex arc?","ms7axza7zxr6tztk3rrwg945an85pn7b","5.4-core-definition","5.4-core-definition","{""blockIndex"":53,""chapterNumber"":5,""subjectSlug"":""biology-12""}"
"biology-12","05-nervous-system-of-man","Nervous System Of Man","5-5-nerve-impulse","5.5 Nerve Impulse","k97bmf9wrc1g3md9480myq0m3985p0r4","C","The Na+/K+ ATPase pump uses ATP to transport 3 Sodium ions out of the cell for every 2 Potassium ions brought in, maintaining the electrochemical gradient.",,"false","kx789xwzperryejk2ynw2dg9sd85qfzq","[{""key"":""A"",""text"":""2 Na+ out and 3 K+ in""},{""key"":""B"",""text"":""3 Na+ in and 2 K+ out""},{""key"":""C"",""text"":""3 Na+ out and 2 K+ in""},{""key"":""D"",""text"":""2 Na+ in and 3 K+ out""}]","The Sodium-Potassium pump actively moves:","ms735tkkxh3ye0z2sgvteheemx85q4ck",,,
"biology-12","05-nervous-system-of-man","Nervous System Of Man","5-5-nerve-impulse","5.5 Nerve Impulse","k9789ssx9tjec0ftw3dk2t44c985pj6s","B","Speed is directly proportional to the diameter of the axon and is greatly increased by the insulating myelin sheath via saltatory conduction.",,"false","kx789xwzperryejk2ynw2dg9sd85qfzq","[{""key"":""A"",""text"":""The strength of the stimulus""},{""key"":""B"",""text"":""The diameter of the fiber and presence of myelin sheath""},{""key"":""C"",""text"":""The length of the axon""},{""key"":""D"",""text"":""The number of dendrites""}]","Which of the following factors determines the speed of a nerve impulse?","ms735tkkxh3ye0z2sgvteheemx85q4ck",,,
"biology-12","05-nervous-system-of-man","Nervous System Of Man","5-5-nerve-impulse","5.5 Nerve Impulse","k97aarsetqjg07zy4hrcjec9558d2qk7","A","Nerve impulses are waves of electrochemical change traveling along nerve fibres.",,"false","kx789xwzperryejk2ynw2dg9sd85qfzq","[{""key"":""A"",""text"":""A traveling electrochemical signal""},{""key"":""B"",""text"":""A digestive enzyme""},{""key"":""C"",""text"":""A blood clot""},{""key"":""D"",""text"":""A kidney filtrate""}]","A nerve impulse is best described as what?","ms735tkkxh3ye0z2sgvteheemx85q4ck","5.5-core-definition","5.5-core-definition","{""blockIndex"":60,""chapterNumber"":5,""subjectSlug"":""biology-12""}"
"biology-12","05-nervous-system-of-man","Nervous System Of Man","5-5-role-of-local-circuits-in-saltatory-conduction","5.5 Local Circuits in Saltatory Conduction","k97cp0fh476y6k2yar1n45y82n85ptnx","B","Because the myelin sheath is an insulator, ion exchange (depolarization) can only happen at the gaps called Nodes of Ranvier, making the impulse skip the insulated sections.",,"false","kx72n587bpkd9dqefe4g693n3h85q5dg","[{""key"":""A"",""text"":""The myelin sheath conducts electricity faster than the axon.""},{""key"":""B"",""text"":""Depolarization only occurs at the Nodes of Ranvier.""},{""key"":""C"",""text"":""Neurotransmitters carry the signal between nodes.""},{""key"":""D"",""text"":""The axon diameter increases at the nodes.""}]","In saltatory conduction, the action potential appears to 'jump' because:","ms72gwrxjjb9ry24fpd97k0a7h85q5b4",,,
"biology-12","05-nervous-system-of-man","Nervous System Of Man","5-5-role-of-local-circuits-in-saltatory-conduction","5.5 Local Circuits in Saltatory Conduction","k97ax58srd7592b57fb2mtq90985qmkj","B","Without insulation, current leaks across the membrane in the internodal regions, preventing the local circuit from reaching the threshold at the next node.",,"false","kx72n587bpkd9dqefe4g693n3h85q5dg","[{""key"":""A"",""text"":""The impulse would travel faster due to less resistance.""},{""key"":""B"",""text"":""The local circuits would fail to reach the next node, slowing or stopping the impulse.""},{""key"":""C"",""text"":""The neuron would switch to saltatory conduction.""},{""key"":""D"",""text"":""The $Na^+/K^+$ pump would stop working.""}]","What would happen to the nerve impulse if the myelin sheath was damaged (as in Multiple Sclerosis)?","ms72gwrxjjb9ry24fpd97k0a7h85q5b4",,,
"biology-12","05-nervous-system-of-man","Nervous System Of Man","5-5-role-of-local-circuits-in-saltatory-conduction","5.5 Local Circuits in Saltatory Conduction","k971jqckrfmyrem005fk8b01ys85q9b0","B","By bypassing the long stretches of membrane covered by myelin, the impulse only needs to regenerate at specific points, drastically increasing speed.",,"false","kx72n587bpkd9dqefe4g693n3h85q5dg","[{""key"":""A"",""text"":""It uses more $ATP$ to push ions.""},{""key"":""B"",""text"":""The local circuits bypass the high-resistance internodal membrane.""},{""key"":""C"",""text"":""Myelin contains special enzymes that speed up $Na^+$ channels.""},{""key"":""D"",""text"":""It only occurs in the central nervous system.""}]","Saltatory conduction is significantly faster than continuous conduction primarily because:","ms72gwrxjjb9ry24fpd97k0a7h85q5b4",,,
"biology-12","05-nervous-system-of-man","Nervous System Of Man","5-5-role-of-local-circuits-in-saltatory-conduction","5.5 Local Circuits in Saltatory Conduction","k97531hdcjyfxknaj974qq1ba58d29g6","A","Nodes of Ranvier are exposed gaps where the action potential is regenerated along a myelinated axon.",,"false","kx72n587bpkd9dqefe4g693n3h85q5dg","[{""key"":""A"",""text"":""Nodes of Ranvier""},{""key"":""B"",""text"":""Cell bodies""},{""key"":""C"",""text"":""Synaptic vesicles""},{""key"":""D"",""text"":""Dendritic spines""}]","Saltatory conduction occurs because an impulse effectively jumps between what structures?","ms72gwrxjjb9ry24fpd97k0a7h85q5b4","5.5-local-core-definition","5.5-local-core-definition","{""blockIndex"":91,""chapterNumber"":5,""subjectSlug"":""biology-12""}"
"biology-12","05-nervous-system-of-man","Nervous System Of Man","5-6-synapse","5.6 Synapse","k97awvshnwak21sf1fy5yc86b585p0m1","B","In chemical synapses, neurotransmitter vesicles are only present in the pre-synaptic knob (axon terminal), ensuring one-way conduction from pre-synaptic to post-synaptic membrane.",,"false","kx730dxatz9f3vvwqkykhnw8n985qa0r","[{""key"":""A"",""text"":""Bidirectional between dendrites""},{""key"":""B"",""text"":""Unidirectional from axon terminal to dendrite/cell body""},{""key"":""C"",""text"":""Unidirectional from dendrite to axon terminal""},{""key"":""D"",""text"":""Random diffusion in the synaptic cleft""}]","Which of the following best describes the direction of an impulse across a chemical synapse?","ms78y46ws1txmd603vx2jyy4wh85q2b6",,,
"biology-12","05-nervous-system-of-man","Nervous System Of Man","5-6-synapse","5.6 Synapse","k97fxqcerfpcajhdf9x6wchs2x85qjtr","C","Neurotransmitters are stored in vesicles and released into the cleft through exocytosis, a process triggered by $Ca^{2+}$ influx into the pre-synaptic terminal following an action potential.",,"false","kx730dxatz9f3vvwqkykhnw8n985qa0r","[{""key"":""A"",""text"":""Active transport""},{""key"":""B"",""text"":""Facilitated diffusion""},{""key"":""C"",""text"":""Exocytosis""},{""key"":""D"",""text"":""Endocytosis""}]","The release of neurotransmitters into the synaptic cleft occurs via which process?","ms78y46ws1txmd603vx2jyy4wh85q2b6",,,
"biology-12","05-nervous-system-of-man","Nervous System Of Man","5-6-synapse","5.6 Synapse","k9753tf9f18pf9871y20ke17th85qrbe","C","Binding of neurotransmitters to receptors triggers the opening of ligand-gated (chemically-gated) ion channels on the post-synaptic membrane, leading to graded potentials (EPSP or IPSP).",,"false","kx730dxatz9f3vvwqkykhnw8n985qa0r","[{""key"":""A"",""text"":""Calcium ions enter the pre-synaptic knob""},{""key"":""B"",""text"":""Vesicles fuse with the pre-synaptic membrane""},{""key"":""C"",""text"":""Chemically-gated ion channels open""},{""key"":""D"",""text"":""Acetylcholinesterase is inhibited""}]","What happens immediately after a neurotransmitter binds to its specific receptor on the post-synaptic membrane?","ms78y46ws1txmd603vx2jyy4wh85q2b6",,,
"biology-12","05-nervous-system-of-man","Nervous System Of Man","5-6-synapse","5.6 Synapse","k971g63g7c59e79dbnx6fvhwnd85pv7f","B","Acetylcholinesterase breaks down Acetylcholine into acetate and choline in the synaptic cleft, terminating the signal and preventing continuous post-synaptic stimulation.",,"false","kx730dxatz9f3vvwqkykhnw8n985qa0r","[{""key"":""A"",""text"":""Monoamine oxidase""},{""key"":""B"",""text"":""Acetylcholinesterase""},{""key"":""C"",""text"":""DNA Ligase""},{""key"":""D"",""text"":""ATPase""}]","Which enzyme is responsible for the hydrolysis of Acetylcholine in the synaptic cleft to prevent continuous stimulation?","ms78y46ws1txmd603vx2jyy4wh85q2b6",,,
"biology-12","05-nervous-system-of-man","Nervous System Of Man","5-6-synapse","5.6 Synapse","k971fch3c9akcdrqe8svgjdns985qqz6","C","IPSPs occur when $K^{+}$ leaves the cell or $Cl^{-}$ enters, making the inside more negative (hyperpolarization), thus inhibiting the generation of an action potential.",,"false","kx730dxatz9f3vvwqkykhnw8n985qa0r","[{""key"":""A"",""text"":""$Na^{+}$ channels""},{""key"":""B"",""text"":""$Ca^{2+}$ channels""},{""key"":""C"",""text"":""$K^{+}$ or $Cl^{-}$ channels""},{""key"":""D"",""text"":""Magnesium channels""}]","An Inhibitory Post-Synaptic Potential (IPSP) is usually caused by the opening of which ion channels?","ms78y46ws1txmd603vx2jyy4wh85q2b6",,,
"biology-12","05-nervous-system-of-man","Nervous System Of Man","5-6-synapse","5.6 Synapse","k972jnhtq3r4w3wgftsm3368498d2fve","A","Neurotransmitters released by the presynaptic terminal diffuse across the synaptic cleft.",,"false","kx730dxatz9f3vvwqkykhnw8n985qa0r","[{""key"":""A"",""text"":""Neurotransmitter""},{""key"":""B"",""text"":""Red blood cell""},{""key"":""C"",""text"":""Myelin""},{""key"":""D"",""text"":""Urea""}]","What crosses a chemical synaptic cleft to carry the signal?","ms78y46ws1txmd603vx2jyy4wh85q2b6","5.6-core-definition","5.6-core-definition","{""blockIndex"":95,""chapterNumber"":5,""subjectSlug"":""biology-12""}"
"biology-12","05-nervous-system-of-man","Nervous System Of Man","5-7-main-components-of-nervous-system","5.7 Main Components of Nervous System","k97cdf8eja80d5get0xzmxz8e585qh9s","B","The Central Nervous System (CNS), comprising the brain and spinal cord, acts as the main integration and command center for processing sensory input and generating motor output.",,"false","kx7efekers03j2kfrbtzv69wd585pmap","[{""key"":""A"",""text"":""Peripheral Nervous System""},{""key"":""B"",""text"":""Central Nervous System""},{""key"":""C"",""text"":""Somatic Nervous System""},{""key"":""D"",""text"":""Autonomic Nervous System""}]","Which component of the nervous system is responsible for integrating and processing sensory information to generate a response?","ms76wew40tpzrp70c7z41k3crs85pm38",,,
"biology-12","05-nervous-system-of-man","Nervous System Of Man","5-7-main-components-of-nervous-system","5.7 Main Components of Nervous System","k975z3957jn1v13hvp7n3jvdvn85pvmk","C","Afferent (sensory) neurons carry information from the sensory receptors toward the CNS. Efferent/motor neurons carry signals away from the CNS to effectors.",,"false","kx7efekers03j2kfrbtzv69wd585pmap","[{""key"":""A"",""text"":""Efferent nerves""},{""key"":""B"",""text"":""Motor nerves""},{""key"":""C"",""text"":""Afferent nerves""},{""key"":""D"",""text"":""Mixed nerves""}]","Nerves that carry impulses only toward the Central Nervous System are classified as:","ms76wew40tpzrp70c7z41k3crs85pm38",,,
"biology-12","05-nervous-system-of-man","Nervous System Of Man","5-7-main-components-of-nervous-system","5.7 Main Components of Nervous System","k973qczbt99fv05x17zw1g9nrd85pjxd","C","The Sympathetic Nervous System triggers physiological changes to handle stress, including bronchodilation for better oxygenation and glycogenolysis to raise blood glucose for energy.",,"false","kx7efekers03j2kfrbtzv69wd585pmap","[{""key"":""A"",""text"":""Parasympathetic division""},{""key"":""B"",""text"":""Somatic division""},{""key"":""C"",""text"":""Sympathetic division""},{""key"":""D"",""text"":""Sensory division""}]","During a high-stress situation, which division of the nervous system causes dilation of bronchioles and an increase in blood glucose levels?","ms76wew40tpzrp70c7z41k3crs85pm38",,,
"biology-12","05-nervous-system-of-man","Nervous System Of Man","5-7-main-components-of-nervous-system","5.7 Main Components of Nervous System","k97cfgta91mjem4y3srqehkd598d31nc","A","The brain and spinal cord are the two components of the central nervous system.",,"false","kx7efekers03j2kfrbtzv69wd585pmap","[{""key"":""A"",""text"":""Brain and spinal cord""},{""key"":""B"",""text"":""Cranial nerves and ganglia""},{""key"":""C"",""text"":""Muscles and glands""},{""key"":""D"",""text"":""Receptors and effectors""}]","Which structures form the central nervous system?","ms76wew40tpzrp70c7z41k3crs85pm38","5.7-core-definition","5.7-core-definition","{""blockIndex"":110,""chapterNumber"":5,""subjectSlug"":""biology-12""}"
"biology-12","05-nervous-system-of-man","Nervous System Of Man","5-8-effects-of-drugs-on-nfrvous-coordination","5.8 Effects of Drugs on Nervous Coordination","k97bs28hb91jqc4zkhj6vjwnkd85pt7y","B","Heroin and other opiates (narcotic drugs) bind to the same opioid receptors as endorphins, providing pain relief and a sense of well-being, thereby interacting with normal nervous activity.",,"false","kx7cd1g2n6w66t5hhxcsfc4yyx85q1xa","[{""key"":""A"",""text"":""Cocaine""},{""key"":""B"",""text"":""Heroin""},{""key"":""C"",""text"":""Nicotine""},{""key"":""D"",""text"":""Caffeine""}]","Which of the following drugs mimics the natural 'feel-good' chemicals of the brain known as endorphins?","ms7fmkpje7qhzwwh4yt7c3caan85qydg",,,
"biology-12","05-nervous-system-of-man","Nervous System Of Man","5-8-effects-of-drugs-on-nfrvous-coordination","5.8 Effects of Drugs on Nervous Coordination","k9789s5m9ehs2ye2q4m6c094cs85pexp","C","Alcohol enhances the effect of GABA, the primary inhibitory neurotransmitter, which slows down motor coordination and cognitive functions, demonstrating its depressant effect on the nervous system.",,"false","kx7cd1g2n6w66t5hhxcsfc4yyx85q1xa","[{""key"":""A"",""text"":""Increased Glutamate activity""},{""key"":""B"",""text"":""Decreased GABA activity""},{""key"":""C"",""text"":""Enhanced GABAergic inhibition""},{""key"":""D"",""text"":""Destruction of the Medulla Oblongata""}]","The lack of coordination and slowed reaction time in individuals under the influence of alcohol is primarily due to:","ms7fmkpje7qhzwwh4yt7c3caan85qydg",,,
"biology-12","05-nervous-system-of-man","Nervous System Of Man","5-8-effects-of-drugs-on-nfrvous-coordination","5.8 Effects of Drugs on Nervous Coordination","k9744r4ee70ympt2bafpms55qx85q9x2","C","Caffeine is an adenosine receptor antagonist. By blocking adenosine receptors, it prevents the drowsiness signal, increasing alertness. This mechanism underlies caffeine tolerance and addiction.",,"false","kx7cd1g2n6w66t5hhxcsfc4yyx85q1xa","[{""key"":""A"",""text"":""Dopamine""},{""key"":""B"",""text"":""Serotonin""},{""key"":""C"",""text"":""Adenosine""},{""key"":""D"",""text"":""Acetylcholine""}]","Caffeine acts as a stimulant by blocking the receptors of which inhibitory neurotransmitter?","ms7fmkpje7qhzwwh4yt7c3caan85qydg",,,
"biology-12","05-nervous-system-of-man","Nervous System Of Man","5-8-effects-of-drugs-on-nfrvous-coordination","5.8 Effects of Drugs on Nervous Coordination","k9781kgh2gzw5j5br7wt4zmg9x85pcv4","B","Withdrawal syndrome occurs when the body has become physiologically dependent (addicted) on a drug and the nervous system struggles to function normally without it, a direct consequence of drug addiction.",,"false","kx7cd1g2n6w66t5hhxcsfc4yyx85q1xa","[{""key"":""A"",""text"":""Tolerance""},{""key"":""B"",""text"":""Withdrawal Syndrome""},{""key"":""C"",""text"":""Synergism""},{""key"":""D"",""text"":""Potentiation""}]","When a drug user experiences physical pain and psychological distress upon stopping drug use, the condition is known as:","ms7fmkpje7qhzwwh4yt7c3caan85qydg",,,
"biology-12","05-nervous-system-of-man","Nervous System Of Man","5-8-effects-of-drugs-on-nfrvous-coordination","5.8 Effects of Drugs on Nervous Coordination","k972addkqdh2dqmqbz45c7ra698d39h9","A","Alcohol slows nervous communication and is classified as a depressant.",,"false","kx7cd1g2n6w66t5hhxcsfc4yyx85q1xa","[{""key"":""A"",""text"":""Alcohol""},{""key"":""B"",""text"":""Nicotine""},{""key"":""C"",""text"":""Caffeine""},{""key"":""D"",""text"":""Dopamine""}]","Which substance is described as a CNS depressant in the canonical note?","ms7fmkpje7qhzwwh4yt7c3caan85qydg","5.8-core-definition","5.8-core-definition","{""blockIndex"":161,""chapterNumber"":5,""subjectSlug"":""biology-12""}"
"biology-12","05-nervous-system-of-man","Nervous System Of Man","5-9-pain-medicines-reduce-or-numb-pain-in-human-body","5.9 Pain Medicines and Pain Relief","k97br0xsb34n6ynqcmd7m3rpsd85q6be","B","Prostaglandins are released during tissue damage and lower the threshold of pain receptors, making them more sensitive to stimuli.",,"false","kx73pcqb3v54ghh5a2d79vrdt185qddb","[{""key"":""A"",""text"":""Acetylcholine""},{""key"":""B"",""text"":""Prostaglandins""},{""key"":""C"",""text"":""Dopamine""},{""key"":""D"",""text"":""GABA""}]","Which of the following substances is primarily responsible for sensitizing nociceptors to inflammatory stimuli?","ms72t527q19wc29xw8hxecwjyh85qms2",,,
"biology-12","05-nervous-system-of-man","Nervous System Of Man","5-9-pain-medicines-reduce-or-numb-pain-in-human-body","5.9 Pain Medicines and Pain Relief","k97bhmrtaxvnaqj3yq5acwxfch85qssc","B","Local anesthetics block $Na^+$ channels, preventing the influx of sodium ions required for depolarization, thus stopping the nerve impulse from reaching the brain.",,"false","kx73pcqb3v54ghh5a2d79vrdt185qddb","[{""key"":""A"",""text"":""Synthesis of prostaglandins at the site of injury""},{""key"":""B"",""text"":""Opening of voltage-gated sodium channels in sensory neurons""},{""key"":""C"",""text"":""Binding of neurotransmitters to the postsynaptic membrane""},{""key"":""D"",""text"":""The release of calcium ions from the sarcoplasmic reticulum""}]","A dentist injects a local anesthetic before a procedure. This drug prevents pain by directly interfering with which process?","ms72t527q19wc29xw8hxecwjyh85qms2",,,
"biology-12","05-nervous-system-of-man","Nervous System Of Man","5-9-pain-medicines-reduce-or-numb-pain-in-human-body","5.9 Pain Medicines and Pain Relief","k9733tj723z3c3swn4t8qgqfjn85pcmw","C","Narcotic analgesics like morphine act on opioid receptors in the brain and spinal cord to modulate the perception of pain.",,"false","kx73pcqb3v54ghh5a2d79vrdt185qddb","[{""key"":""A"",""text"":""Neuromuscular junction""},{""key"":""B"",""text"":""Peripheral nerve endings only""},{""key"":""C"",""text"":""Central Nervous System (CNS)""},{""key"":""D"",""text"":""Blood plasma proteins""}]","Morphine reduces pain by acting on receptors located in the:","ms72t527q19wc29xw8hxecwjyh85qms2",,,
"biology-12","05-nervous-system-of-man","Nervous System Of Man","5-9-pain-medicines-reduce-or-numb-pain-in-human-body","5.9 Pain Medicines and Pain Relief","k9743ff88j9cjpah7aktb2qwk185psnv","B","Endorphins are endogenous neuropeptides that bind to opioid receptors in the CNS, inhibiting pain signal transmission and producing feelings of well-being. They are the body's natural pain-relief system.",,"false","kx73pcqb3v54ghh5a2d79vrdt185qddb","[{""key"":""A"",""text"":""Adrenaline""},{""key"":""B"",""text"":""Endorphins""},{""key"":""C"",""text"":""Thyroxine""},{""key"":""D"",""text"":""Acetylcholine""}]","Which of the following act as natural painkillers by binding to opioid receptors in the brain and spinal cord to inhibit pain transmission?","ms72t527q19wc29xw8hxecwjyh85qms2",,,
"biology-12","05-nervous-system-of-man","Nervous System Of Man","5-9-pain-medicines-reduce-or-numb-pain-in-human-body","5.9 Pain Medicines and Pain Relief","k97aq8fr4v9nb0b6dh40r7ejsn8d3zgv","A","Blocking COX reduces prostaglandins that contribute to pain and inflammation.",,"false","kx73pcqb3v54ghh5a2d79vrdt185qddb","[{""key"":""A"",""text"":""Cyclooxygenase (COX)""},{""key"":""B"",""text"":""Amylase""},{""key"":""C"",""text"":""DNA polymerase""},{""key"":""D"",""text"":""Acetylcholinesterase only""}]","Which enzyme do NSAIDs inhibit according to the note?","ms72t527q19wc29xw8hxecwjyh85qms2","5.9-core-definition","5.9-core-definition","{""blockIndex"":187,""chapterNumber"":5,""subjectSlug"":""biology-12""}"
"biology-12","05-nervous-system-of-man","Nervous System Of Man","5-10-disorders-of-the-nervous-system","5.10 Disorders of the Nervous System","k970s10jdac2yqtnnkcv180g9h85pjv2","B","These are classic symptoms of Parkinson's disease, a degenerative disorder resulting from degeneration of dopaminergic neurons in the substantia nigra of the midbrain, causing dopamine deficiency.",,"false","kx786kp7jkqb7n0m0c7wvshzfd85qk4e","[{""key"":""A"",""text"":""Cerebral Cortex""},{""key"":""B"",""text"":""Substantia Nigra""},{""key"":""C"",""text"":""Hippocampus""},{""key"":""D"",""text"":""Hypothalamus""}]","A patient presents with 'pill-rolling' tremors at rest and a shuffling gait. Which part of the brain is most likely affected?","ms74kkq5q369vkqe9bfdmr8b8h85pak9",,,
"biology-12","05-nervous-system-of-man","Nervous System Of Man","5-10-disorders-of-the-nervous-system","5.10 Disorders of the Nervous System","k97bp1rgghhdygs05mdevq3k7985pjg7","C","Alzheimer's disease involves destruction of cholinergic neurons, leading to a significant decrease in acetylcholine levels. Acetylcholine is vital for memory and learning, explaining the progressive memory loss seen in this degenerative disorder.",,"false","kx786kp7jkqb7n0m0c7wvshzfd85qk4e","[{""key"":""A"",""text"":""Dopamine""},{""key"":""B"",""text"":""Serotonin""},{""key"":""C"",""text"":""Acetylcholine""},{""key"":""D"",""text"":""GABA""}]","The loss of memory in Alzheimer's disease is primarily associated with the deficiency of which neurotransmitter?","ms74kkq5q369vkqe9bfdmr8b8h85pak9",,,
"biology-12","05-nervous-system-of-man","Nervous System Of Man","5-10-disorders-of-the-nervous-system","5.10 Disorders of the Nervous System","k977s7abq3zqjchhspx9vjfwg185qwxz","C","Grand Mal (Tonic-Clonic) seizures involve a tonic phase (muscle stiffening) followed by a clonic phase (rhythmic jerking), accompanied by total loss of consciousness. Epilepsy is classified as a functional nervous disorder.",,"false","kx786kp7jkqb7n0m0c7wvshzfd85qk4e","[{""key"":""A"",""text"":""Brief loss of consciousness without falling""},{""key"":""B"",""text"":""Localized twitching of a single limb""},{""key"":""C"",""text"":""Violent muscle contractions and loss of consciousness""},{""key"":""D"",""text"":""Sudden onset of sleep during the day""}]","Which of the following is a characteristic feature of a 'Grand Mal' (Tonic-Clonic) seizure in Epilepsy?","ms74kkq5q369vkqe9bfdmr8b8h85pak9",,,
"biology-12","05-nervous-system-of-man","Nervous System Of Man","5-10-disorders-of-the-nervous-system","5.10 Disorders of the Nervous System","k97fns6wg3bw519342zmt2fe9d85pz15","B","Scleroses are hardened patches of scar tissue (plaques) that form where myelin has been destroyed by the autoimmune attack in MS. These plaques interfere with nerve impulse transmission, causing the neurological symptoms of this degenerative disorder.",,"false","kx786kp7jkqb7n0m0c7wvshzfd85qk4e","[{""key"":""A"",""text"":""Fluid-filled cysts""},{""key"":""B"",""text"":""Hardened scar tissue (plaques)""},{""key"":""C"",""text"":""Tumorous growths""},{""key"":""D"",""text"":""Accumulation of lipids""}]","In Multiple Sclerosis, the destruction of the myelin sheath leads to 'scleroses'. What are these?","ms74kkq5q369vkqe9bfdmr8b8h85pak9",,,
"biology-12","05-nervous-system-of-man","Nervous System Of Man","5-10-disorders-of-the-nervous-system","5.10 Disorders of the Nervous System","k977a8ss8fspq712162xx5s9hn8d3wqs","A","A stroke results from disrupted cerebral blood supply and is therefore vascular.",,"false","kx786kp7jkqb7n0m0c7wvshzfd85qk4e","[{""key"":""A"",""text"":""Vascular""},{""key"":""B"",""text"":""Infectious""},{""key"":""C"",""text"":""Structural""},{""key"":""D"",""text"":""Degenerative""}]","Stroke is classified primarily as which nervous disorder?","ms74kkq5q369vkqe9bfdmr8b8h85pak9","5.10-core-definition","5.10-core-definition","{""blockIndex"":193,""chapterNumber"":5,""subjectSlug"":""biology-12""}"
"biology-12","05-nervous-system-of-man","Nervous System Of Man","5-11-principles-of-diagnostic-tests-for-nervous-disorders","5.11 Diagnostic Tests for Nervous Disorders","k973ywrthctbq6m7jf0w7k0rn185q796","A","EEG directly measures the electrical activity of the brain by recording postsynaptic potentials via scalp electrodes. It is the gold standard for diagnosing seizure activity and epilepsy because it detects abnormal electrical discharge patterns.",,"false","kx795c6nj367wnr4fzpmdy6pgx85qtrx","[{""key"":""A"",""text"":""Electroencephalogram (EEG)""},{""key"":""B"",""text"":""Computed Tomography (CT) Scan""},{""key"":""C"",""text"":""Magnetic Resonance Imaging (MRI)""},{""key"":""D"",""text"":""Lumbar Puncture""}]","Which diagnostic test is most appropriate for a patient suspected of having localized epileptic seizures?","ms70r0f5vz1sj5hna3hwk5znfh85p6wk",,,
"biology-12","05-nervous-system-of-man","Nervous System Of Man","5-11-principles-of-diagnostic-tests-for-nervous-disorders","5.11 Diagnostic Tests for Nervous Disorders","k970k1vj22b42jh7cbc43747rd85pkm7","C","CT scans are faster to perform than MRIs and are highly effective at detecting acute hemorrhages, skull fractures, and brain swelling in emergency settings, making them the first-line imaging tool for head trauma.",,"false","kx795c6nj367wnr4fzpmdy6pgx85qtrx","[{""key"":""A"",""text"":""MRI""},{""key"":""B"",""text"":""PET Scan""},{""key"":""C"",""text"":""CT Scan""},{""key"":""D"",""text"":""EEG""}]","A patient presents with a sudden head injury. Which imaging technique is preferred for its speed and ability to detect acute intracranial bleeding?","ms70r0f5vz1sj5hna3hwk5znfh85p6wk",,,
"biology-12","05-nervous-system-of-man","Nervous System Of Man","5-11-principles-of-diagnostic-tests-for-nervous-disorders","5.11 Diagnostic Tests for Nervous Disorders","k9750nar232tgf5gcg75y27cad85p491","B","MRI provides superior soft-tissue contrast by detecting differences in hydrogen proton density and relaxation times. This makes it the best tool for detecting white matter lesions and demyelination, as seen in Multiple Sclerosis, which CT cannot reliably show.",,"false","kx795c6nj367wnr4fzpmdy6pgx85qtrx","[{""key"":""A"",""text"":""Acute skull fractures""},{""key"":""B"",""text"":""Demyelinating lesions in Multiple Sclerosis""},{""key"":""C"",""text"":""Acute calcification in brain tissue""},{""key"":""D"",""text"":""Metallic foreign bodies in the skull""}]","MRI is superior to CT scans specifically for visualizing which of the following nervous system conditions?","ms70r0f5vz1sj5hna3hwk5znfh85p6wk",,,
"biology-12","05-nervous-system-of-man","Nervous System Of Man","5-11-principles-of-diagnostic-tests-for-nervous-disorders","5.11 Diagnostic Tests for Nervous Disorders","k97bbbvqtgmwsyb7169aqedgy58d3beb","A","An electroencephalogram records summated electrical activity from cortical neurons.",,"false","kx795c6nj367wnr4fzpmdy6pgx85qtrx","[{""key"":""A"",""text"":""EEG""},{""key"":""B"",""text"":""CT scan""},{""key"":""C"",""text"":""MRI""},{""key"":""D"",""text"":""Dialysis""}]","Which diagnostic test records electrical brain activity?","ms70r0f5vz1sj5hna3hwk5znfh85p6wk","5.11-core-definition","5.11-core-definition","{""blockIndex"":214,""chapterNumber"":5,""subjectSlug"":""biology-12""}"