subjectSlug,chapterSlug,chapterTitle,topicSlug,topicTitle,_id,answer,difficulty,dueAt,isDue,lapseCount,lastRating,lastReviewedAt,locked,nextReviewLabel,prompt,reps,scheduledDays,sectionId,sectionLabel,stability,state
"physics-12","23-cosmology","Cosmology","23-1-black-body-radiation","23.1 Blackbody Radiation","k57arzpkr12czy740zwnvkx5sh85qptr","The peak wavelength shifts toward shorter wavelengths (higher frequencies/blue end of the spectrum).",,,"true",,,,"false",,"What happens to the peak wavelength of radiation as the temperature of a black body increases?",,,"blackbody-radiation-spectrum","Blackbody Radiation Spectrum",,"new"
"physics-12","23-cosmology","Cosmology","23-1-black-body-radiation","23.1 Blackbody Radiation","k573qftkwtdsyns30810mzbcps85p9jv","By assuming that energy is not continuous but quantized in discrete packets called 'quanta', where $E = hf$.",,,"true",,,,"false",,"How did Max Planck resolve the 'Ultraviolet Catastrophe'?",,,"plancks-quantum-hypothesis","Planck's Quantum Hypothesis",,"new"
"physics-12","23-cosmology","Cosmology","23-1-black-body-radiation","23.1 Blackbody Radiation","k575dxn0aw9w48n9bz19yqns0d8bkbc0","The power radiated per unit area by a black body is E = sigma*$T^{4}$. For a spherical black body of radius R, the total luminosity is L = sigma*A*$T^{4}$ = 4*pi*$R^{2}$*sigma*$T^{4}$.",,,"true",,,,"false",,"State the Stefan-Boltzmann law and the formula for a star's total luminosity in terms of its radius and temperature.",,,"stefan-boltzmann-law-slo-p-12-f-47","Stefan-Boltzmann Law (SLO P-12-F-47)",,"new"
"physics-12","23-cosmology","Cosmology","23-1-black-body-radiation","23.1 Blackbody Radiation","k5749grt5nffq6ge7mfgrqj8bn85pk0p","An ideal body that absorbs all the electromagnetic radiation falling on it, regardless of frequency or angle of incidence. It is also a perfect emitter.",,,"true",,,,"false",,"Define a Black Body.",,,"what-is-a-black-body","What is a Black Body?",,"new"
"physics-12","23-cosmology","Cosmology","23-1-black-body-radiation","23.1 Blackbody Radiation","k574n8jk88f1fdse8376gyp07s85p6t4","The wavelength $\lambda_{max}$ at which the maximum energy is emitted is inversely proportional to the absolute temperature $T$: $\lambda_{max} T = \text{constant} \approx 2.9 \times 10^{-3} \text{ m K}$.",,,"true",,,,"false",,"State Wien's Displacement Law.",,,"wiens-displacement-law-slo-p-12-f-46","Wien's Displacement Law (SLO P-12-F-46)",,"new"
"physics-12","23-cosmology","Cosmology","23-2-luminosity-and-radiant-fluxintensity","23.2 Luminosity and Radiant Flux Intensity","k574pkd9111e7767w8mqw8k8j58bjs9j","F = L/(4*pi*$d^{2}$) = 3.85e26 / (4*pi*(1.5e11)^2) ~= 1360 W/$m^{2}$, known as the solar constant.",,,"true",,,,"false",,"Using $L_{sun}$ = 3.85e26 W and the Earth-Sun distance 1.5e11 m, calculate the radiant flux intensity at Earth (the solar constant).",,,"worked-example","Worked Example",,"new"
"physics-12","23-cosmology","Cosmology","23-2-luminosity-and-radiant-fluxintensity","23.2 Luminosity and Radiant Flux Intensity","k575eww0q7czfr9qtc57xakj4h85p62q","Luminosity is the total electromagnetic energy emitted by a star per unit time (i.e., its total power output). SI unit: Watts ($\mathrm{W}$) or $\mathrm{J\,s^{-1}}$. It depends on the star's surface area and temperature: $L = 4\pi r^2 \sigma T^4$.",,,"true",,,,"false",,"Define Luminosity ($L$) of a star.",,,"luminosity","Luminosity",,"new"
"physics-12","23-cosmology","Cosmology","23-2-luminosity-and-radiant-fluxintensity","23.2 Luminosity and Radiant Flux Intensity","k57caz5z54p034j7qv4hy6xrnd8bjgt3","Radiant flux intensity F is the power received per unit area at distance d from a star of luminosity L: F = L / (4*pi*$d^{2}$), since the star's power is spread evenly over a sphere of area 4*pi*$d^{2}$ at that distance.",,,"true",,,,"false",,"Define radiant flux intensity (apparent brightness) and give its formula.",,,"radiant-flux-intensity","Radiant Flux Intensity",,"new"
"physics-12","23-cosmology","Cosmology","23-3-standard-candles-a-distance-indicator","23.3 Standard Candles as Distance Indicators","k5736j04nvdb2gt3asdqxz1gf98bj0y6","By measuring the peak wavelength $lambda_max$ of the star's spectrum and applying Wien's displacement law rearranged for temperature: T = 2.9e-3 / $lambda_max$.",,,"true",,,,"false",,"How can astronomers determine a star's surface temperature from its spectrum?",,,"blackbody-radiation-and-wiens-displacement-law","Blackbody Radiation and Wien's Displacement Law",,"new"
"physics-12","23-cosmology","Cosmology","23-3-standard-candles-a-distance-indicator","23.3 Standard Candles as Distance Indicators","k578nwb5xqzmn3bmbc0zse4wah8bj1rt","A standard candle is an astronomical object of known absolute luminosity L. By measuring its apparent brightness b, the inverse square law gives the distance: d = sqrt(L / (4*pi*b)).",,,"true",,,,"false",,"What is a standard candle, and how is it used to measure distance?",,,"standard-candles","Standard Candles",,"new"
"physics-12","23-cosmology","Cosmology","23-3-standard-candles-a-distance-indicator","23.3 Standard Candles as Distance Indicators","k5714rs6vgjrwd7x9y1as36qd18bk4wq","L = 4*pi*$R^{2}$*sigma*$T^{4}$: luminosity is proportional to the square of the radius (surface area) and the fourth power of the absolute temperature.",,,"true",,,,"false",,"How does a star's luminosity depend on its radius and surface temperature, according to the Stefan-Boltzmann law?",,,"stefan-boltzmann-law","Stefan-Boltzmann Law",,"new"
"physics-12","23-cosmology","Cosmology","23-4-spectra-of-light","23.4 Spectra of Light","k5754z7faybyb3j0bdcb54n1es8bjq0d","The Balmer series (transitions ending at n=2) is the only hydrogen series in the visible region, making it the most important series for astronomical observations of stars and galaxies.",,,"true",,,,"false",,"Which hydrogen spectral series is visible to the naked eye, and why is it especially important in astronomy?",,,"hydrogen-spectral-series","Hydrogen Spectral Series",,"new"
"physics-12","23-cosmology","Cosmology","23-4-spectra-of-light","23.4 Spectra of Light","k578t5a6wpnt6j1pzj81q4wnbn8bkda0","It implies the universe is expanding: space itself is stretching, carrying galaxies apart in all directions (not that Earth is specially at the centre). Tracing this expansion backwards in time implies all matter originated from a single point, the Big Bang.",,,"true",,,,"false",,"What does the observation that virtually all distant galaxies show redshift, increasing with distance, imply about the universe?",,,"redshift-and-the-expanding-universe","Redshift and the Expanding Universe",,"new"
"physics-12","23-cosmology","Cosmology","23-4-spectra-of-light","23.4 Spectra of Light","k571bfpytxwx5qkey2sxf8xzes8bjr82","An emission line spectrum shows bright lines on a dark background, produced by a hot, low-pressure gas as electrons drop to lower energy levels emitting photons (E=hf=hc/lambda). An absorption line spectrum shows dark lines on a continuous bright background, produced when a cool gas absorbs those same specific wavelengths from white light passing through it. The dark absorption lines and bright emission lines of the same element appear at exactly the same wavelengths.",,,"true",,,,"false",,"Distinguish an emission line spectrum from an absorption line spectrum, and state how they relate for the same element.",,,"types-of-spectra","Types of Spectra",,"new"
"physics-12","23-cosmology","Cosmology","23-5-hubble-s-law","23.5 Hubble's Law","k571bsp8gfc2hh4v9v64b6azkh8bk24c","Hubble's Law: v = H0*d, a galaxy's recessional velocity is directly proportional to its distance from Earth. The Hubble Constant H0 (approximately 70 km/s/Mpc) is the rate of expansion of the universe, the slope of the velocity-distance graph.",,,"true",,,,"false",,"State Hubble's Law and explain what the Hubble Constant represents.",,,"hubbles-law","Hubble's Law",,"new"
"physics-12","23-cosmology","Cosmology","23-5-hubble-s-law","23.5 Hubble's Law","k573wz3syspdq0hjvnrtsgezt58bjzwk","The Cosmic Microwave Background (CMB), uniform microwave radiation filling all space interpreted as the afterglow of the Big Bang, and the observed abundance of light elements (hydrogen to helium ratio of about 75%:25%), which matches predictions from Big Bang nucleosynthesis.",,,"true",,,,"false",,"Besides Hubble's Law/redshift, name two other pieces of evidence supporting the Big Bang theory.",,,"hubbles-law-and-the-big-bang-theory","Hubble's Law and the Big Bang Theory",,"new"
"physics-12","23-cosmology","Cosmology","23-5-hubble-s-law","23.5 Hubble's Law","k576tj49p6ttb9hgh35kdy35h18bjzd0","He observed that the spectral lines of almost all distant galaxies were redshifted (shifted toward longer, redder wavelengths compared to laboratory sources). This is explained by the Doppler effect: as a galaxy recedes, the light waves it emits are stretched to longer wavelengths, with greater recession speed producing larger redshift.",,,"true",,,,"false",,"What did Hubble observe about the spectra of distant galaxies, and what physical effect explains it?",,,"the-expanding-universe","The Expanding Universe",,"new"