subjectSlug,chapterSlug,chapterTitle,topicSlug,topicTitle,_id,correctKey,correctKeyVerified,examBoard,explanation,keyPoints,lastAttempt,locked,marks,modelAnswer,options,partType,questionKind,questionNumber,session,stem,topicId,year,origin,sectionId,sectionLabel
"physics-12","21-quantum-physics","Quantum Physics","21-1-electromagnetic-wave","21.1 Electromagnetic Waves","m17awkwwjfnjf7t067jejen4tx85ptc1","C","true","Federal Board","According to the photonic model (P-12-F-02), increasing brightness without changing color means more photons of the same frequency and energy are emitted. The speed and frequency of photons remain constant; only their number increases.","[""Brightness/intensity increases with number of photons"",""Color (frequency) remains constant, so individual photon energy $E = hf$ is unchanged"",""Total energy increases proportionally to the number of photons incident per unit time"",""This is consistent with the particulate (photon) nature of light in quantum theory""]",,"false","1","According to quantum theory, increasing the brightness of a beam of light without changing the color will increase the number of photons. Since brightness is related to intensity (energy per unit area per unit time) and color determines frequency, keeping color constant means frequency remains unchanged. Therefore, more energy must come from having more photons, each carrying energy $E = hf$.","[{""key"":""A"",""text"":""The speed of photons""},{""key"":""B"",""text"":""The frequency of photons""},{""key"":""C"",""text"":""The number of photons""},{""key"":""D"",""text"":""The energy of each photon""}]","MCQ","mcq","2","annual","According to Quantum theory, increasing the brightness of a beam of light without changing the color will increase:","ms7aq50c0qh1wpj5r82svz8t0185p297","2025",,,
"physics-12","21-quantum-physics","Quantum Physics","21-1-electromagnetic-wave","21.1 Electromagnetic Waves","m17dprwmtxqy8reb5z6263atps85qz3z","B","true","Federal Board","Electromagnetic waves are generated by accelerating charges. A moving charge at constant velocity does not radiate; acceleration (change in velocity) is required to produce EM radiation. This is fundamental to classical electrodynamics.","[""Accelerating/oscillating electric charges produce EM waves"",""Time-varying electric and magnetic fields are created"",""Fields propagate outward from the source"",""Example: electrons oscillating in a transmitting antenna""]",,"false","1","An electromagnetic wave is generated by accelerating electric charges. When a charge oscillates, such as electrons in a transmitting antenna, it creates time-varying electric and magnetic fields that propagate outward as an electromagnetic wave.","[{""key"":""A"",""text"":""Any moving charge""},{""key"":""B"",""text"":""Any accelerating charge""},{""key"":""C"",""text"":""A charge with changing acceleration""},{""key"":""D"",""text"":""A charge moving in a circle""}]","MCQ","mcq","9","annual","An electromagnetic wave is generated by:","ms7aq50c0qh1wpj5r82svz8t0185p297","2022",,,
"physics-12","21-quantum-physics","Quantum Physics","21-1-electromagnetic-wave","21.1 Electromagnetic Waves","m17427ymgjw060jgshp9mhcdjs85q63t",,"false","Federal Board",,"[""Accelerating/oscillating electric charges produce electromagnetic waves"",""Time-varying electric and magnetic fields are generated and propagate outward"",""Electric and magnetic fields are perpendicular to each other and to direction of propagation"",""EM waves are transverse waves traveling at speed of light $c = 3 \\times 10^8$ m/s"",""Speed is independent of frequency for all EM waves""]",,"false","3","Electromagnetic waves are generated by **accelerating electric charges**. When a charge oscillates, such as electrons in a transmitting antenna, it creates time-varying electric and magnetic fields that propagate outward as an electromagnetic wave. The electric field $\vec{E}$ and magnetic field $\vec{B}$ oscillate perpendicular to each other and to the direction of propagation, making EM waves transverse. All EM waves travel at the speed of light $c = 3 \times 10^8$ m/s in vacuum, regardless of frequency.",,"B","short","10","annual","What is the basic principle of generation of electromagnetic waves?","ms7aq50c0qh1wpj5r82svz8t0185p297","2022",,,
"physics-12","21-quantum-physics","Quantum Physics","21-1-electromagnetic-wave","21.1 Electromagnetic Waves","m17fabh523gcxc5an1z8mnj3yd85pdfp",,,"Federal Board",,"[""Radio waves produced by accelerating/oscillating electric charges in transmitting antenna"",""Oscillating charges create time-varying perpendicular electric and magnetic fields"",""Information transmitted by modulating (varying) amplitude, frequency, or phase of carrier wave"",""Receiver detects and demodulates the signal to extract information"",""Radio waves travel at speed of light enabling long-distance transmission""]",,"false","3","Radio waves are produced by accelerating electric charges, typically electrons oscillating in a transmitting antenna. When charges oscillate, they create time-varying electric and magnetic fields that propagate outward as electromagnetic waves. Information is transmitted by radio waves through modulation: the amplitude, frequency, or phase of the carrier wave is varied according to the information signal. At the receiver, the modulated radio wave is detected and demodulated to extract the original information. Since all EM waves travel at the speed of light ($c = 3 \times 10^8$ m/s) in vacuum, radio waves can transmit information over large distances almost instantaneously.",,"B","short","9","annual","How can radio waves be produced? Describe how information can be transmitted by radio waves.","ms7aq50c0qh1wpj5r82svz8t0185p297","2023",,,
"physics-12","21-quantum-physics","Quantum Physics","21-1-electromagnetic-wave","21.1 Electromagnetic Waves","m171w173dsdf67tx2zbh2bf5ss85qd47","D","true","Federal Board","E = hf = hc/λ. With λ = 500 nm = 500×10⁻⁹ m, E = (6.63×10⁻³⁴ × 3×10⁸)/(500×10⁻⁹) = 3.98×10⁻¹⁹ J ≈ 2.49 eV (dividing by 1.6×10⁻¹⁹ J/eV).",,,"false","1",,"[{""key"":""A"",""text"":""1.77 eV""},{""key"":""B"",""text"":""1.52 eV""},{""key"":""C"",""text"":""3.10 eV""},{""key"":""D"",""text"":""2.49 eV""}]","MCQ","mcq","2","annual","The energy of photon of wavelength $500\text{ nm}$ is:","ms7aq50c0qh1wpj5r82svz8t0185p297","2024",,,
"physics-12","21-quantum-physics","Quantum Physics","21-2-photoelectric-effect","21.2 Photoelectric Effect","m17awkwwjfnjf7t067jejen4tx85ptc1","C","true","Federal Board","According to the photonic model (P-12-F-02), increasing brightness without changing color means more photons of the same frequency and energy are emitted. The speed and frequency of photons remain constant; only their number increases.","[""Brightness/intensity increases with number of photons"",""Color (frequency) remains constant, so individual photon energy $E = hf$ is unchanged"",""Total energy increases proportionally to the number of photons incident per unit time"",""This is consistent with the particulate (photon) nature of light in quantum theory""]",,"false","1","According to quantum theory, increasing the brightness of a beam of light without changing the color will increase the number of photons. Since brightness is related to intensity (energy per unit area per unit time) and color determines frequency, keeping color constant means frequency remains unchanged. Therefore, more energy must come from having more photons, each carrying energy $E = hf$.","[{""key"":""A"",""text"":""The speed of photons""},{""key"":""B"",""text"":""The frequency of photons""},{""key"":""C"",""text"":""The number of photons""},{""key"":""D"",""text"":""The energy of each photon""}]","MCQ","mcq","2","annual","According to Quantum theory, increasing the brightness of a beam of light without changing the color will increase:","ms7e6sxd0awcsednr0z54n03ax85q27c","2025",,,
"physics-12","21-quantum-physics","Quantum Physics","21-2-photoelectric-effect","21.2 Photoelectric Effect","m17fndhj2552xmc5ehmhbcd4sd85pv7r",,,"Federal Board",,"[""Defines photoelectric effect as emission of electrons from metal surface when high-frequency electromagnetic radiation is incident"",""Explains threshold frequency: no emission below $f_0$ regardless of intensity; classical wave theory cannot explain this"",""Describes instantaneous emission within $10^{-9}$ s with no observable delay"",""States maximum kinetic energy depends only on frequency, not intensity; explains using photon energy $E = hf$"",""Derives photoelectric equation $hf = \\phi + KE_{max}$ and explains all experimental observations using photon theory""]",,"false","7","The photoelectric effect is the phenomenon in which electrons are emitted from a metal surface when electromagnetic radiation of sufficiently high frequency is incident upon it. The emitted electrons are called photoelectrons. This effect was first observed by Heinrich Hertz in 1887 and later explained by Albert Einstein in 1905 using the photon theory, for which he received the Nobel Prize in Physics.

**Experimental Results:**

Classical wave theory failed to explain several key observations:

1. **Threshold Frequency**: Photoelectrons are only emitted if the incident light frequency exceeds a minimum threshold frequency $f_0$. Below this frequency, no electrons are emitted regardless of light intensity.

2. **Instantaneous Emission**: Electrons are emitted almost instantaneously (within $10^{-9}$ s) after light strikes the surface, with no observable delay.

3. **Maximum Kinetic Energy**: The maximum kinetic energy of photoelectrons depends only on the frequency of incident light, not on its intensity. Increasing intensity increases the number of photoelectrons but not their maximum kinetic energy.

4. **Stopping Potential**: A retarding potential $V_s$ can stop even the fastest photoelectrons, where $eV_s = KE_{max}$.

**Photon Theory Explanation:**

Einstein proposed that light consists of discrete energy packets called **photons**, each with energy $E = hf$, where $h$ is Planck's constant and $f$ is frequency.

The photoelectric equation is: $hf = \phi + KE_{max}$

where $\phi$ is the work function (minimum energy needed to remove an electron).

This theory explains all observations: threshold frequency occurs because $hf_0 = \phi$; instantaneous emission occurs because photons transfer energy directly to electrons; maximum kinetic energy depends on frequency because $KE_{max} = h(f - f_0)$; and intensity affects only the number of photons, not individual photon energy.",,"C","long","7","annual","State the photoelectric effect. Discuss experimental results and photon theory of the photoelectric effect.","ms7e6sxd0awcsednr0z54n03ax85q27c","2022",,,
"physics-12","21-quantum-physics","Quantum Physics","21-2-photoelectric-effect","21.2 Photoelectric Effect","m17dkgvfehnyxq98n7kze6n7xn85qazc",,"true","Federal Board",,"[""Defines photoelectric effect as emission of electrons from metal surface when high-frequency light is incident"",""Explains three failures of classical physics: predicts KE depends on intensity (wrong), cannot explain threshold frequency, predicts time delay (wrong)"",""Derives Einstein equation $hf = \\phi + KE_{max}$ using photon energy concept and energy conservation"",""Shows threshold condition $hf_0 = \\phi$ and explains how equation resolves all experimental contradictions"",""Identifies key quantities: Planck's constant, work function, and maximum kinetic energy""]",,"false","7","The **photoelectric effect** is the phenomenon where electrons are emitted from a metal surface when electromagnetic radiation of sufficiently high frequency is incident upon it. The emitted electrons are called photoelectrons. This effect was first observed by Heinrich Hertz in 1887 and later explained by Albert Einstein in 1905 using the photon concept.

**Why Classical Physics Fails:**
Classical wave theory cannot explain the photoelectric effect because:
- It predicts that increasing light intensity should increase electron kinetic energy, but experiments show kinetic energy depends only on frequency
- It cannot explain the threshold frequency: below $f_0$, no electrons are emitted regardless of intensity
- It predicts a time delay for emission as energy accumulates, but electrons are emitted instantaneously

**Einstein's Photoelectric Equation:**
Einstein proposed that light consists of photons, each carrying energy $E = hf$. When a photon strikes a metal surface, it transfers all its energy to a single electron. The energy equation is:

$$hf = \phi + KE_{max}$$

where:
- $h$ = Planck's constant ($6.63 \times 10^{-34}$ J·s)
- $f$ = frequency of incident light
- $\phi$ = work function (minimum energy to remove an electron)
- $KE_{max}$ = maximum kinetic energy of photoelectron

At threshold frequency $f_0$, $KE_{max} = 0$, so: $hf_0 = \phi$

Therefore: $$hf = hf_0 + KE_{max}$$

This equation successfully explains all experimental observations: threshold frequency exists because photon energy must exceed work function, kinetic energy depends on frequency not intensity, and emission is instantaneous as energy transfers in single photon-electron collision.",,"C","long","3","annual","What is **photoelectric effect**? Why classical physics fails to explain photoelectric effect? Derive Einstein photoelectric equation.","ms7e6sxd0awcsednr0z54n03ax85q27c","2024",,,
"physics-12","21-quantum-physics","Quantum Physics","21-3-compton-s-effect","21.3 Compton's Effect","m17d3hxatn9pnwsd47qg7ewww185qnry","A","true","Federal Board","The Compton effect demonstrates that electromagnetic radiation behaves as particles (photons) with momentum and energy, proving the particle nature of radiation. This is a key experimental evidence for the photonic model (SLO P-12-F-01).","[""Compton effect shows X-rays have longer wavelength after scattering (energy loss)"",""Photons transfer momentum to electrons like particles in collision"",""Demonstrates particle nature of light through momentum conservation"",""Proves light exhibits particle behaviour alongside wave properties (wave-particle duality)""]",,"false","1","The Compton effect proves the particle nature of light. When X-rays scatter off electrons in a graphite target, the scattered X-rays have longer wavelengths (lower energy) than incident X-rays. This can only be explained by treating X-ray photons as particles that collide with electrons and transfer momentum, demonstrating that light exhibits particle-like behaviour.","[{""key"":""A"",""text"":""Particle nature of radiations""},{""key"":""B"",""text"":""Wave nature of particle""},{""key"":""C"",""text"":""Wave nature of radiations""},{""key"":""D"",""text"":""Dual nature of particle""}]","MCQ","mcq","7","annual","Compton effect proves the:","ms781n15mq1ev917vvzn6088ax85qhxv","2025",,,
"physics-12","21-quantum-physics","Quantum Physics","21-3-compton-s-effect","21.3 Compton's Effect","m17csyse45kmxw4mr78gpt24ax85q27f",,"true","Federal Board",,"[""Compton shift maximum at backscattering (θ = 180°)"",""Wavelength change formula: $\\Delta\\lambda = \\frac{h}{m_e c}(1 - \\cos\\theta)$"",""At θ = 180°, $\\cos\\theta = -1$, so $(1 - \\cos\\theta) = 2$ is maximum"",""Maximum shift: $\\Delta\\lambda_{max} = \\frac{2h}{m_e c}$ (Compton wavelength)"",""Physical reason: maximum momentum transfer to electron at backscattering""]",,"false","3","The Compton shift is maximum when the photon is **backscattered** (scattered at 180°). This occurs because the wavelength change $\Delta\lambda = \frac{h}{m_e c}(1 - \cos\theta)$ is maximum when $\cos\theta = -1$, giving $\Delta\lambda_{max} = \frac{2h}{m_e c}$. At this angle, the photon transfers maximum momentum to the electron, resulting in maximum energy loss and longest wavelength of the scattered photon.",,"B","short","7","annual","When is **Compton shift** maximum? Prove it.","ms781n15mq1ev917vvzn6088ax85qhxv","2025",,,
"physics-12","21-quantum-physics","Quantum Physics","21-3-compton-s-effect","21.3 Compton's Effect","m171v4dwqp94g5568c00fmktbn85phw2",,"true","Federal Board",,"[""Photons always travel at speed of light; massive particles cannot reach $c$"",""Einstein's relation shows infinite energy needed if photon had rest mass"",""Photon momentum $p = \\frac{hf}{c}$ exists despite zero rest mass"",""Experimental evidence (photoelectric and Compton effects) confirms massless nature"",""Photons are pure energy packets with no rest mass but definite momentum""]",,"false","3","Yes, the rest mass of a photon must be zero. A photon always travels at the speed of light ($c = 3 \times 10^8$ m/s) in vacuum. According to Einstein's mass-energy relation, if a photon had non-zero rest mass, it would require infinite energy to accelerate it to the speed of light, which is impossible. Additionally, photons carry momentum $p = \frac{hf}{c}$ despite having zero rest mass, demonstrating that they are massless particles. This is consistent with experimental observations in the photoelectric effect and Compton effect, where photons behave as pure energy packets.",,"B","short","15","annual","Should the rest mass of photon be zero? Justify your answer.","ms781n15mq1ev917vvzn6088ax85qhxv","2023",,,
"physics-12","21-quantum-physics","Quantum Physics","21-5-pair-annihilation","21.5 Pair Annihilation","m174gta1q651np2p7tk09652as85q3h3","D","true","Federal Board","Same electron mass plus positive elementary charge uniquely identifies a positron.","[""A positron is the antiparticle of the electron."",""It has the electron mass and charge $+e$.""]",,"false","1","The particle is a positron (option D). A positron is the electron’s antiparticle: it has the same mass as an electron and carries positive elementary charge $+e$, equal in magnitude to the proton’s charge.","[{""key"":""A"",""text"":""Antiproton""},{""key"":""B"",""text"":""Electron""},{""key"":""C"",""text"":""Photon""},{""key"":""D"",""text"":""Positron""}]","MCQ","mcq","17","annual","A particle having the mass of an electron and charge of proton is called:","ms78vygcvkm8fzajqy1hfmpd6d85qxwe","2025",,,
"physics-12","21-quantum-physics","Quantum Physics","21-5-pair-annihilation","21.5 Pair Annihilation","m1737wm61gz3yjx8aznz815j0n85qcfj","C","true","Federal Board","Pair production requires energy equal to the rest mass energy of an electron-positron pair: 2m_e c² = 2(0.511 MeV) = 1.02 MeV. This is a fundamental threshold in nuclear/particle physics.","[""Minimum photon energy equals rest mass energy of electron-positron pair: $E_{min} = 2m_0c^2$"",""Energy must account for both the electron and positron rest masses"",""Threshold energy requirement follows from Einstein's mass-energy equivalence $E = mc^2$"",""Additional energy beyond threshold becomes kinetic energy of the produced particles"",""Pair production cannot occur below this threshold energy due to conservation laws""]",,"false","1","Pair production occurs only when the energy of a photon is at least equal to the rest mass energy of the electron–positron pair being created. This minimum energy is $E_{min} = 2m_0c^2$, where $m_0$ is the rest mass of an electron and $c$ is the speed of light. This threshold energy must be exceeded to satisfy conservation of energy and momentum during the pair production process.","[{""key"":""A"",""text"":""1.02 KeV""},{""key"":""B"",""text"":""1.02 eV""},{""key"":""C"",""text"":""1.02 MeV""},{""key"":""D"",""text"":""1.02 GeV""}]","MCQ","mcq","13","annual","Pair production occurs only when energy of photon is at least equal to:","ms78vygcvkm8fzajqy1hfmpd6d85qxwe","2022",,,
"physics-12","21-quantum-physics","Quantum Physics","21-5-pair-annihilation","21.5 Pair Annihilation","m172yksrnc37x6tdv2xffmz32185qdd9","D","true","Federal Board","Electron-positron pair creation requires energy equal to twice the rest mass energy of an electron: E = 2m_e c² = 2 × 0.511 MeV = 1.022 MeV ≈ 1.02 MeV. This is the threshold energy for pair production.","[""Minimum photon energy equals $2m_0c^2$ (twice the rest mass energy of electron/positron)"",""Numerical value approximately 1.02 MeV"",""Factor of 2 because both electron and positron must be created"",""Based on Einstein's mass-energy equivalence $E = mc^2$"",""Pair production is reverse process of pair annihilation""]",,"false","1","The minimum energy required by a photon to create an electron-positron pair is $E = 2m_0c^2$, where $m_0$ is the rest mass of an electron (or positron) and $c$ is the speed of light. This equals approximately 1.02 MeV. The factor of 2 accounts for the mass-energy of both the electron and positron created. This is the reverse of pair annihilation, where an electron-positron pair converts entirely into photon energy.","[{""key"":""A"",""text"":""0.051 MeV""},{""key"":""B"",""text"":""0.52 MeV""},{""key"":""C"",""text"":""1.51 MeV""},{""key"":""D"",""text"":""1.02 MeV""}]","MCQ","mcq","14","annual","The minimum energy required by a photon to create an electron-positron pair is:","ms78vygcvkm8fzajqy1hfmpd6d85qxwe","2023",,,
"physics-12","21-quantum-physics","Quantum Physics","21-6-the-wave-particle-duality","21.6 Wave-Particle Duality","m17d3hxatn9pnwsd47qg7ewww185qnry","A","true","Federal Board","The Compton effect demonstrates that electromagnetic radiation behaves as particles (photons) with momentum and energy, proving the particle nature of radiation. This is a key experimental evidence for the photonic model (SLO P-12-F-01).","[""Compton effect shows X-rays have longer wavelength after scattering (energy loss)"",""Photons transfer momentum to electrons like particles in collision"",""Demonstrates particle nature of light through momentum conservation"",""Proves light exhibits particle behaviour alongside wave properties (wave-particle duality)""]",,"false","1","The Compton effect proves the particle nature of light. When X-rays scatter off electrons in a graphite target, the scattered X-rays have longer wavelengths (lower energy) than incident X-rays. This can only be explained by treating X-ray photons as particles that collide with electrons and transfer momentum, demonstrating that light exhibits particle-like behaviour.","[{""key"":""A"",""text"":""Particle nature of radiations""},{""key"":""B"",""text"":""Wave nature of particle""},{""key"":""C"",""text"":""Wave nature of radiations""},{""key"":""D"",""text"":""Dual nature of particle""}]","MCQ","mcq","7","annual","Compton effect proves the:","ms7d0wrqf8fnhbf3w8r6tffrg185qbky","2025",,,
"physics-12","21-quantum-physics","Quantum Physics","21-6-the-wave-particle-duality","21.6 Wave-Particle Duality","m171jbf1aqz000p4bypkeskbf185ps9a",,"true","Federal Board",,"[""Correctly states proton has greater speed (electron has greater speed)"",""Applies de Broglie wavelength formula $\\lambda = \\frac{h}{mv}$ or equivalent momentum relation"",""Recognizes that equal wavelength means equal momentum: $m_e v_e = m_p v_p$"",""Compares masses and correctly deduces velocity relationship from momentum equality"",""Provides clear logical justification linking mass difference to speed difference""]",,"false","3","The proton has greater speed. Using de Broglie's relation $\lambda = \frac{h}{mv}$, if both particles have the same wavelength, then $m_e v_e = m_p v_p$. Since the proton mass is much larger than the electron mass ($m_p \approx 1836 m_e$), the proton must have proportionally lower velocity to maintain equal momentum. Therefore, the electron travels faster than the proton.",,"B","short","6","annual","If an electron and a proton have the same de-Broglie wavelength, which particle has greater speed? Justify.","ms7d0wrqf8fnhbf3w8r6tffrg185qbky","2025",,,
"physics-12","21-quantum-physics","Quantum Physics","21-6-the-wave-particle-duality","21.6 Wave-Particle Duality","m179r3z21xhdmwtz4sravdhavs85ph0j","A","true","Federal Board","Using de Broglie wavelength λ = h/p = h/(mv), at the same velocity, the particle with the largest mass has the shortest wavelength. An α-particle (mass ≈ 4 u) is heavier than electron, proton, or neutron individually.",,,"false","1",,"[{""key"":""A"",""text"":""Electron""},{""key"":""B"",""text"":""Proton""},{""key"":""C"",""text"":""Neutron""},{""key"":""D"",""text"":""$\\alpha$-particle""}]","MCQ","mcq","13","annual","Which particle has the shortest wavelength, if all are having the same velocity?","ms7d0wrqf8fnhbf3w8r6tffrg185qbky","2022",,,
"physics-12","21-quantum-physics","Quantum Physics","21-6-the-wave-particle-duality","21.6 Wave-Particle Duality","m1745e816zvwnvtxaqsp82pd2d85pvtt",,"true","Federal Board",,"[""Wave-particle duality: matter exhibits both wave and particle properties depending on observation"",""de Broglie wavelength formula: $\\lambda = \\frac{h}{p} = \\frac{h}{mv}$ relates wavelength to momentum"",""Electrons show wave behaviour (interference/diffraction) when unobserved; particle behaviour when detected"",""Electron double-slit experiment demonstrates duality: interference pattern appears without detection, disappears with detection"",""de Broglie hypothesis unified quantum mechanics by explaining matter waves analogous to photons""]",,"false","3","Wave-particle duality means that matter and energy exhibit both wave-like and particle-like properties depending on how they are observed. According to de Broglie's hypothesis, every particle with momentum $p$ has an associated wavelength given by $\lambda = \frac{h}{p} = \frac{h}{mv}$, where $h$ is Planck's constant and $m$ is mass. This means electrons, like photons, can behave as waves (showing interference and diffraction) or as particles (transferring momentum and energy). The electron double-slit experiment demonstrates this: when unobserved, electrons pass through both slits as probability waves creating an interference pattern; when observed, they behave as particles passing through one slit, destroying the pattern. Thus, de Broglie's hypothesis unified the wave and particle descriptions of matter.",,"B","short","15","annual","What is meant by **wave-particle duality**? Explain on the basis of de-Broglie hypothesis.","ms7d0wrqf8fnhbf3w8r6tffrg185qbky","2022",,,
"physics-12","21-quantum-physics","Quantum Physics","21-6-the-wave-particle-duality","21.6 Wave-Particle Duality","m17dz5d7f4b3cdmr12a4av23yx85qkh0","B","true","Federal Board","For photons, E = pc, so p = E/c. If E_A = 2E_B, then p_A = 2E_B/c and p_B = E_B/c, giving ratio p_A:p_B = 2:1. This relates to SLO P-12-F-01 and P-12-F-02 on photonic model.","[""Correctly identifies photon momentum formula: $p = \\frac{E}{c}$"",""Substitutes given energy relationship: $E_A = 2E_B$"",""Calculates ratio: $\\frac{p_A}{p_B} = 2$"",""Recognizes momentum is directly proportional to energy for photons""]",,"false","1","Since photon momentum is given by $p = \frac{E}{c}$, if photon A has twice the energy of photon B, then $E_A = 2E_B$. Therefore, $\frac{p_A}{p_B} = \frac{E_A/c}{E_B/c} = \frac{E_A}{E_B} = \frac{2E_B}{E_B} = 2$. The ratio of momentum of A to B is **2:1**.","[{""key"":""A"",""text"":""4:1""},{""key"":""B"",""text"":""2:1""},{""key"":""C"",""text"":""1:1""},{""key"":""D"",""text"":""1:2""}]","MCQ","mcq","12","annual","Photon $A$ has twice the energy of photon $B$. What is the ratio of the momentum of $A$ to that of $B$?","ms7d0wrqf8fnhbf3w8r6tffrg185qbky","2022",,,
"physics-12","21-quantum-physics","Quantum Physics","21-6-the-wave-particle-duality","21.6 Wave-Particle Duality","m1761h8c7akh0tpm636y7md82s85pt0e","D","true","Federal Board","At fixed velocity, greater mass means greater momentum and hence a shorter de Broglie wavelength.","[""Use $\\lambda=h/(mv)$."",""At equal velocity, $\\lambda\\propto1/m$."",""The alpha particle is the most massive listed particle.""]",,"false","1","Using $\lambda=h/(mv)$, for particles compared at the same velocity the de Broglie wavelength is inversely proportional to mass. An alpha particle has the greatest mass among the options, so it has the smallest associated wavelength. Therefore, option D is correct.","[{""key"":""A"",""text"":""Electron""},{""key"":""B"",""text"":""Proton""},{""key"":""C"",""text"":""Neutron""},{""key"":""D"",""text"":""Alpha particle""}]","MCQ","mcq","15","annual","According to de-Broglie equation, **___** has the smallest wavelength associated with it.","ms7d0wrqf8fnhbf3w8r6tffrg185qbky","2023",,,
"physics-12","21-quantum-physics","Quantum Physics","21-6-the-wave-particle-duality","21.6 Wave-Particle Duality","m1725wjdcpkbgs5drq7h0xgfvd85qmg7",,"true","Federal Board",,"[""Correctly identifies and applies de Broglie relation: $\\lambda = \\frac{h}{p}$"",""Calculates electron momentum from kinetic energy in n=3 state using energy level formula"",""Recognizes wavelength as manifestation of wave-particle duality of matter"",""Obtains numerical answer with appropriate units (nm or m)"",""Explains physical significance: wavelength associated with electron orbital motion in hydrogen atom""]",,"false","6","To find the wavelength associated with an electron in the n=3 state of hydrogen, we use the de Broglie relation. First, we calculate the electron's momentum from its kinetic energy in the n=3 orbital, then apply $\lambda = \frac{h}{p}$ where $h = 6.63 \times 10^{-34}$ J·s. The de Broglie wavelength represents the wave nature of the electron as it orbits the nucleus, demonstrating wave-particle duality. For the n=3 state, this wavelength is approximately $0.66$ nm, which is much smaller than visible light wavelengths, reflecting the quantum nature of atomic electrons.",,"C","long","6","annual","Find the wavelength associated with an electron in the state $n=3$ of the hydrogen atom.","ms7d0wrqf8fnhbf3w8r6tffrg185qbky","2023",,,
"physics-12","21-quantum-physics","Quantum Physics","21-6-the-wave-particle-duality","21.6 Wave-Particle Duality","m17fde4b2ew6f5dg60y1fgda8d85pygn","B","true","Federal Board","De-Broglie wavelength λ = h/p = h/(mv). If velocity is doubled, momentum doubles, so wavelength becomes λ/2, a factor of 1/2.","[""Correctly states de Broglie wavelength formula: $\\lambda = \\frac{h}{mv}$"",""Recognizes inverse relationship between velocity and wavelength"",""Substitutes doubled velocity into formula to obtain new wavelength"",""Calculates factor of change as 1/2 or 0.5"",""Concludes wavelength is halved when velocity doubles""]",,"false","1","The de Broglie wavelength is given by $\lambda = \frac{h}{mv}$, where $h$ is Planck's constant, $m$ is mass, and $v$ is velocity. If velocity is doubled, the wavelength becomes $\lambda' = \frac{h}{m(2v)} = \frac{1}{2}\frac{h}{mv} = \frac{\lambda}{2}$. Therefore, the de Broglie wavelength changes by a factor of $\frac{1}{2}$ (or is halved).","[{""key"":""A"",""text"":""2""},{""key"":""B"",""text"":""$\\frac{1}{2}$""},{""key"":""C"",""text"":""$\\frac{1}{\\sqrt{2}}$""},{""key"":""D"",""text"":""$\\sqrt{2}$""}]","MCQ","mcq","1","annual","If the velocity of free electron is doubled, its De-Broglie wavelength changes by the factor of:","ms7d0wrqf8fnhbf3w8r6tffrg185qbky","2024",,,
"physics-12","21-quantum-physics","Quantum Physics","21-6-the-wave-particle-duality","21.6 Wave-Particle Duality","m17bmanwf1p8jr8jx9rm4y3qm185pha5",,"false","Federal Board","The electron is relativistic at 1200 keV, so its momentum must be obtained from $E^2=(pc)^2+(m_ec^2)^2$ before applying $\lambda=h/p$.","[""Use the relativistic energy-momentum relation because 1200 keV is greater than the 511 keV electron rest energy."",""Add kinetic and rest energies to obtain total energy: 1711 keV."",""Calculate $pc \\approx 1632.9\\,\\mathrm{keV}$ and $p \\approx 8.73 \\times 10^{-22}\\,\\mathrm{kg\\,m\\,s^{-1}}$."",""Apply $\\lambda=h/p$ to obtain $0.759\\,\\mathrm{pm}$.""]",,"false","3","The de Broglie wavelength is $\lambda = h/p$. Because $1200\,\mathrm{keV}$ exceeds the electron rest energy $m_ec^2 = 511\,\mathrm{keV}$, use the relativistic energy-momentum relation. The total energy is $E = K + m_ec^2 = 1711\,\mathrm{keV}$, so $pc = \sqrt{E^2-(m_ec^2)^2} = \sqrt{(1711)^2-(511)^2}\,\mathrm{keV} \approx 1632.9\,\mathrm{keV}$. Hence $p = (1632.9 \times 10^3 \times 1.602 \times 10^{-19})/(2.998 \times 10^8) \approx 8.73 \times 10^{-22}\,\mathrm{kg\,m\,s^{-1}}$. Therefore, $\lambda = (6.626 \times 10^{-34})/(8.73 \times 10^{-22}) \approx 7.59 \times 10^{-13}\,\mathrm{m} = 0.759\,\mathrm{pm}$.",,"B","short","21","annual","Calculate the **De Broglie wavelength** of an electron having $KE = 1200\text{ keV}$.","ms7d0wrqf8fnhbf3w8r6tffrg185qbky","2024",,,
"physics-12","21-quantum-physics","Quantum Physics","21-6-the-wave-particle-duality","21.6 Wave-Particle Duality","m1798e70x135tpwq5s66cmw9458cc2mp",,,"fbise",,"[""Accelerated electrons provide the illumination beam."",""Short de Broglie wavelength enables high resolution."",""Magnetic coils focus the beam.""]",,"false","3","An electron microscope uses accelerated electrons as the illumination beam. Because electrons have wave nature and a very short de Broglie wavelength when accelerated, the instrument can resolve nano-scale detail. Magnetic coils focus the electron beam as lenses, producing very high resolution.",,"B","short","2(ix)","model","How electron microscopes achieve high resolution.","ms7d0wrqf8fnhbf3w8r6tffrg185qbky","2026","exam",,
"physics-12","21-quantum-physics","Quantum Physics","21-6-the-wave-particle-duality","21.6 Wave-Particle Duality","m171zh9517je2fxggq0dtxz1xh85qhch",,"true","Federal Board",,"[""de Broglie's hypothesis: lambda = h/p relates wavelength to momentum for all matter"",""Electron double-slit experiment setup: electrons fired at two slits with detector screen"",""Interference pattern forms when both slits open and no detector monitors electron path, evidence of wave behaviour"",""Pattern disappears when detector placed at slits, demonstrates observer effect and particle behaviour"",""Confirms wave-particle duality: particles exhibit wave characteristics when unobserved""]",,"false","7","de Broglie's Hypothesis states that all matter possesses an associated wavelength given by lambda = h/p = h/(mv), where h is Planck's constant and p is momentum. This hypothesis proposes that particles exhibit wave characteristics, unifying wave-particle duality.

Electron Double-Slit Experiment: A beam of electrons is directed at a barrier containing two narrow slits, with a detector screen positioned behind. When both slits are open and no monitoring detector is present at the slits, an interference pattern of alternating bright and dark fringes appears on the screen, characteristic of wave behaviour. Remarkably, even when electrons are fired one at a time, the same interference pattern gradually builds up, indicating that each electron interferes with itself by passing through both slits simultaneously as a probability wave.",,"C","long","5","annual","What is **de Broglie's hypothesis**? Describe an experiment to show that a particle can have wave characteristics.","ms7d0wrqf8fnhbf3w8r6tffrg185qbky","2023",,"de-broglie-hypothesis","de Broglie Hypothesis"
"physics-12","21-quantum-physics","Quantum Physics","21-8-heisenberg-s-uncertainty-principle","21.8 Heisenberg's Uncertainty Principle","m17f888ewjwwhnh5c0n7heh67d85pedy",,"true","Federal Board",,"[""Apply Energy-Time Uncertainty Principle: $\\Delta E \\cdot \\Delta t \\geq \\hbar$"",""Substitute given lifetime $\\Delta t = 10^{-8}$ s and $\\hbar = 1.054 \\times 10^{-34}$ J·s"",""Calculate minimum energy uncertainty: $\\Delta E \\geq 1.054 \\times 10^{-26}$ J (or $6.6 \\times 10^{-8}$ eV)"",""Recognize this as fundamental quantum mechanical limitation, not experimental error""]",,"false","3","Using Heisenberg's Energy-Time Uncertainty Principle, $\Delta E \cdot \Delta t \geq \hbar$, where $\Delta t = 10^{-8}$ s is the lifetime of the excited state. The minimum uncertainty in energy is: $\Delta E \geq \frac{\hbar}{\Delta t} = \frac{1.054 \times 10^{-34}}{10^{-8}} = 1.054 \times 10^{-26}$ J, or approximately $6.6 \times 10^{-8}$ eV. This uncertainty arises from the fundamental wave-particle nature of matter and represents the minimum indeterminacy in the energy of the excited state during its finite lifetime.",,"B","short","17","annual","The life time of electron in the excited state is about $10^{-8}\text{ s}$. What is the uncertainty in energy during this time?","ms7d0acsw55qmrqe23q5rz9v5185prft","2022",,,
"physics-12","21-quantum-physics","Quantum Physics","21-9-discrete-energy-levels-in-an-atom-and-its-spectra","21.9 Discrete Energy Levels and Atomic Spectra","m175gr07xazefz1d9c5x3edfvx85pzmg","C","true","Federal Board","The Lyman series corresponds to electron transitions to n=1 and lies entirely in the ultraviolet region. The Bracket series (n=4), Pfund series (n=5), and Balmer series (n=2) lie in infrared or visible regions respectively.","[""Lyman series involves transitions to n = 1 (ground state)"",""Large energy differences produce short wavelengths (UV region)"",""Wavelength range approximately 91–122 nm"",""Uses energy relation $E = hf = \\frac{hc}{\\lambda}$ to determine photon wavelength"",""Other series (Balmer, Paschen, Brackett) lie in visible or infrared regions""]",,"false","1","The **Lyman series** lies in the ultraviolet region. This series corresponds to electron transitions ending at the ground state ($n = 1$) in hydrogen. Since transitions from higher levels ($n = 2, 3, 4, \ldots$) to $n = 1$ release large amounts of energy, the emitted photons have short wavelengths in the UV range (approximately 91–122 nm).","[{""key"":""A"",""text"":""Bracket series""},{""key"":""B"",""text"":""Pfund series""},{""key"":""C"",""text"":""Lyman series""},{""key"":""D"",""text"":""Balmer series""}]","MCQ","mcq","14","annual","Which of the following series lies in the ultraviolet region?","ms7145psmeghmgyn8y6w92e5k185q52x","2025",,,
"physics-12","21-quantum-physics","Quantum Physics","21-9-discrete-energy-levels-in-an-atom-and-its-spectra","21.9 Discrete Energy Levels and Atomic Spectra","m17e6hvkx28e4er4ynw0m90ct985pj22",,"true","Federal Board",,"[""Correctly identifies Paschen series as transitions to $n_f = 3$"",""Applies Rydberg formula with correct values of $R_H$ and quantum numbers"",""Calculates longest wavelength for $n_i = 4$ transition"",""Calculates shortest wavelength for $n_i = \\infty$ (series limit)"",""Expresses answers in appropriate units (nm or m)""]",,"false","3","The Paschen series corresponds to electron transitions ending at $n = 3$. Using the Rydberg formula $\frac{1}{\lambda} = R_H\left(\frac{1}{n_f^2} - \frac{1}{n_i^2}\right)$ where $R_H = 1.097 \times 10^7 \text{ m}^{-1}$, $n_f = 3$, and $n_i = 4, 5, 6, \ldots$

**Longest wavelength** (minimum energy): $n_i = 4$ to $n_f = 3$
$$\frac{1}{\lambda_{max}} = 1.097 \times 10^7\left(\frac{1}{9} - \frac{1}{16}\right) = 1.097 \times 10^7 \times 0.0434 = 4.79 \times 10^5 \text{ m}^{-1}$$
$$\lambda_{max} = 2.09 \times 10^{-6} \text{ m} = 2090 \text{ nm}$$

**Shortest wavelength** (maximum energy): $n_i = \infty$ to $n_f = 3$
$$\frac{1}{\lambda_{min}} = 1.097 \times 10^7\left(\frac{1}{9} - 0\right) = 1.22 \times 10^6 \text{ m}^{-1}$$
$$\lambda_{min} = 8.20 \times 10^{-7} \text{ m} = 820 \text{ nm}$$",,"B","short","15","annual","Calculate the longest and the shortest wavelengths for the Paschen series.","ms7145psmeghmgyn8y6w92e5k185q52x","2025",,,
"physics-12","21-quantum-physics","Quantum Physics","21-9-discrete-energy-levels-in-an-atom-and-its-spectra","21.9 Discrete Energy Levels and Atomic Spectra","m170jzxhz8xkz8fnh89a8r43tn85qn1v",,"true","Federal Board",,"[""X-rays defined as high-energy EM waves with wavelength 0.01-10 nm"",""Characteristic X-rays produced by inner shell electron transitions in heavy elements"",""Incident electron removes inner shell electron (K-shell vacancy created)"",""Outer shell electron (L, M shell) transitions down to fill vacancy, emitting photon"",""Energy of emitted X-ray equals difference in binding energies: $E = E_2 - E_1$"",""Produces discrete spectral lines characteristic of target element"",""Diagram showing electron impact, vacancy creation, and transition with energy level representation""]",,"false","6","X-rays are high-energy electromagnetic waves with wavelengths between 0.01 nm to 10 nm, produced when high-speed electrons strike a heavy metal target. Characteristic X-rays result from inner shell transitions in heavy elements: when an incident electron knocks out an inner shell electron (e.g., from K-shell), an outer shell electron (e.g., from L-shell) falls down to fill the vacancy, emitting a photon with energy equal to the difference between the two shell energies. This process produces sharp, discrete spectral lines characteristic of the target element, following the relation $E = h\nu = E_2 - E_1$, where $E_1$ and $E_2$ are the binding energies of the respective shells.",,"C","long","6","annual","What are **X-rays**? How inner shell transitions in heavy elements result into emission of characteristic X-rays? Explain and draw diagrams.","ms7145psmeghmgyn8y6w92e5k185q52x","2025",,,
"physics-12","21-quantum-physics","Quantum Physics","21-9-discrete-energy-levels-in-an-atom-and-its-spectra","21.9 Discrete Energy Levels and Atomic Spectra","m1751yrje17mxrjg6rnp946tes85qpjb","B","true","Federal Board","Using the Bohr model energy formula E_n = -13.6 eV/n², for n=3: E₃ = -13.6/9 = -1.51 eV ≈ -1.15 eV (accounting for rounding in the given options, -1.15 eV is the closest match to the calculated value).",,,"false","1",,"[{""key"":""A"",""text"":""$-13.6 \\text{ eV}$""},{""key"":""B"",""text"":""$-1.51 \\text{ eV}$""},{""key"":""C"",""text"":""$-3.40 \\text{ eV}$""},{""key"":""D"",""text"":""$-0.54 \\text{ eV}$""}]","MCQ","mcq","15","annual","The energy of the electron in the excited state $n=3$ in hydrogen atom is:","ms7145psmeghmgyn8y6w92e5k185q52x","2022",,,
"physics-12","21-quantum-physics","Quantum Physics","21-9-discrete-energy-levels-in-an-atom-and-its-spectra","21.9 Discrete Energy Levels and Atomic Spectra","m17ak856y1z2m1eydwg8wdn5n185q8ws",,"true","Federal Board",,"[""Correctly identifies Brackett Series as transitions to $n_f = 4$"",""Applies Rydberg formula with correct constant $R_H = 1.097 \\times 10^7 \\text{ m}^{-1}$"",""Shortest wavelength: transition from $n = \\infty$ to $n = 4$ yields $\\lambda_{min} \\approx 146 \\text{ nm}$"",""Longest wavelength: transition from $n = 5$ to $n = 4$ yields $\\lambda_{max} \\approx 4052 \\text{ nm}$"",""Correct mathematical calculation and unit conversion""]",,"false","3","The Brackett Series corresponds to electron transitions ending at $n = 4$. Using the Rydberg formula: $\frac{1}{\lambda} = R_H\left(\frac{1}{n_f^2} - \frac{1}{n_i^2}\right)$ where $n_f = 4$ and $R_H = 1.097 \times 10^7 \text{ m}^{-1}$. The shortest wavelength occurs for the transition from $n = \infty$ to $n = 4$: $\frac{1}{\lambda_{min}} = 1.097 \times 10^7 \times \frac{1}{16} = 6.856 \times 10^6 \text{ m}^{-1}$, giving $\lambda_{min} = 145.8 \text{ nm}$. The longest wavelength occurs for the transition from $n = 5$ to $n = 4$: $\frac{1}{\lambda_{max}} = 1.097 \times 10^7\left(\frac{1}{16} - \frac{1}{25}\right) = 1.097 \times 10^7 \times 0.0225 = 2.47 \times 10^5 \text{ m}^{-1}$, giving $\lambda_{max} = 4052 \text{ nm}$ (infrared region).",,"B","short","16","annual","Calculate the shortest and longest wavelength of radiation for the Brackett Series.","ms7145psmeghmgyn8y6w92e5k185q52x","2022",,,
"physics-12","21-quantum-physics","Quantum Physics","21-9-discrete-energy-levels-in-an-atom-and-its-spectra","21.9 Discrete Energy Levels and Atomic Spectra","m1753mfz3tffc4pzf6hwvyx92585qyvy",,"true","Federal Board",,"[""Hydrogen has one electron but many allowed discrete energy levels."",""Excited atoms can undergo many different downward transitions."",""Each transition emits a photon with a distinct energy and wavelength."",""A large sample contains atoms undergoing different transitions simultaneously.""]",,"false","3","Although hydrogen has only one electron, it can occupy many different discrete energy levels ($n = 1, 2, 3, \ldots$). When the electron is excited to higher levels and then transitions back to lower levels, it emits photons of specific energies. Since there are many possible transitions between different pairs of levels (e.g., $n=3 \to n=2$, $n=4 \to n=2$, $n=3 \to n=1$, etc.), many different wavelengths are emitted, producing the many lines observed in the hydrogen spectrum. Each line corresponds to a unique energy difference $\Delta E = E_{n_i} - E_{n_f}$ between two levels, given by $E = hf = \frac{hc}{\lambda}$.",,"B","short","17","annual","How can the spectrum of hydrogen contain so many lines even though a hydrogen atom has only a single electron?","ms7145psmeghmgyn8y6w92e5k185q52x","2022",,,
"physics-12","21-quantum-physics","Quantum Physics","21-9-discrete-energy-levels-in-an-atom-and-its-spectra","21.9 Discrete Energy Levels and Atomic Spectra","m17bt543v511vkq56f9dv8ckkn85q2yg","A","true","Federal Board","The Lyman series corresponds to transitions ending at n=1 and has the highest energy photons (shortest wavelengths), placing it in the ultraviolet region. Balmer (n=2), Paschen (n=3), and Pfund (n=4) series are in visible and infrared regions.","[""Lyman series involves transitions to n = 1 (ground state)"",""Largest energy transitions produce highest frequency/shortest wavelength photons"",""High frequency photons correspond to ultraviolet region of electromagnetic spectrum"",""Other series (Balmer, Paschen, Brackett) involve transitions to higher levels and produce visible/infrared wavelengths""]",,"false","1","The Lyman series lies in the ultraviolet region of the spectrum. This series corresponds to electron transitions from higher energy levels ($n = 2, 3, 4, \ldots$) down to the ground state ($n = 1$). Since these transitions involve the largest energy changes in hydrogen, they produce the highest frequency photons and shortest wavelengths, which fall in the ultraviolet region.","[{""key"":""A"",""text"":""Lyman series""},{""key"":""B"",""text"":""Balmer series""},{""key"":""C"",""text"":""Paschen series""},{""key"":""D"",""text"":""Pfund series""}]","MCQ","mcq","14","annual","Which of the following series of hydrogen spectra lies in the ultraviolet region of the spectrum?","ms7145psmeghmgyn8y6w92e5k185q52x","2022",,,
"physics-12","21-quantum-physics","Quantum Physics","21-9-discrete-energy-levels-in-an-atom-and-its-spectra","21.9 Discrete Energy Levels and Atomic Spectra","m178drp1777n31nngzmdrbfgmh85prm7","B","true","Federal Board","Energy difference: ΔE = 13.6 eV(1/1² - 1/2²) = 13.6 eV(1 - 1/4) = 13.6 × 3/4 = 10.2 eV. The emitted photon has energy 10.2 eV, but option A (3.40 eV) appears to be a distractor; the correct answer is 10.20 eV, which is option B.",,,"false","1",,"[{""key"":""A"",""text"":""3.40 eV""},{""key"":""B"",""text"":""10.20 eV""},{""key"":""C"",""text"":""13.6 eV""},{""key"":""D"",""text"":""3.8 eV""}]","MCQ","mcq","15","annual","If an electron jumps from second orbit to first orbit in hydrogen atom, it emits a photon of:","ms7145psmeghmgyn8y6w92e5k185q52x","2022",,,
"physics-12","21-quantum-physics","Quantum Physics","21-9-discrete-energy-levels-in-an-atom-and-its-spectra","21.9 Discrete Energy Levels and Atomic Spectra","m1734tnnn4erx09e80bkje5tys85ps9h",,,"Federal Board","This uses the Rydberg formula for hydrogen spectral lines, with the second line of a series being the transition from n_lower+2 down to n_lower.",,,"false","3","The Paschen series corresponds to transitions ending at n=3. The first line is the 4->3 transition, so the second line is the 5->3 transition. Using the Rydberg formula 1/lambda = R(1/3^2 - 1/5^2), with R = 1.097*10^7 per m: 1/lambda = 1.097*10^7 * (1/9 - 1/25) = 1.097*10^7 * 0.07111 ~= 7.80*10^5 per m, so lambda ~= 1.28*10^-6 m = 1282 nm, in the infrared, consistent with the Paschen series.",,"B","short","18","annual","What is the wavelength of the second line of the Paschen Series?","ms7145psmeghmgyn8y6w92e5k185q52x","2022",,,
"physics-12","21-quantum-physics","Quantum Physics","21-9-discrete-energy-levels-in-an-atom-and-its-spectra","21.9 Discrete Energy Levels and Atomic Spectra","m1704zmgtn9y41hfvpkwd70hdd85pjp7",,"true","Federal Board",,"[""X-rays are high-energy electromagnetic waves with wavelengths 0.01-10 nm produced in Coolidge tube by electron bombardment"",""Inner shell electron is knocked out by collision, creating a vacancy in K or L shell"",""Higher shell electron transitions to fill vacancy, emitting characteristic X-ray photon with energy $\\Delta E = h\\nu$"",""Characteristic X-rays are element-specific, depending on atomic number and energy level differences"",""Different transitions produce characteristic lines (K$_\\alpha$, K$_\\beta$, L$_\\alpha$) used for elemental identification""]",,"false","4","X-rays are high-energy electromagnetic waves with wavelengths in the range of 0.01 nm to 10 nm and frequencies approximately $10^{17}$ to $10^{19}$ Hz. They are produced when high-speed electrons strike a heavy metal target in a Coolidge tube.

**Inner Shell Transitions and Characteristic X-rays:**

When a high-speed electron from the cathode collides with an inner shell electron (K-shell or L-shell) of a heavy element atom in the target, it can knock the inner shell electron out, creating a vacancy. This vacancy is unstable and is quickly filled by an electron from a higher shell (e.g., L-shell electron drops to K-shell). During this transition, the electron loses energy equal to the difference between the two shell energy levels: $\Delta E = E_{higher} - E_{lower}$. This energy is emitted as a characteristic X-ray photon with frequency $\nu = \frac{\Delta E}{h}$, where $h$ is Planck's constant.

The characteristic X-rays are element-specific because the energy levels depend on the atomic number (Z) of the target material. Different transitions produce different characteristic lines: K$_\alpha$ (L→K transition), K$_\beta$ (M→K transition), L$_\alpha$ (M→L transition), etc. These characteristic X-rays appear as sharp, discrete lines in the X-ray spectrum and are used for elemental identification and X-ray diffraction studies.",,"C","long","5","annual","What are **X-rays**? Discuss how inner shell transitions in heavy elements result into emission of characteristic X-rays.","ms7145psmeghmgyn8y6w92e5k185q52x","2022",,,
"physics-12","21-quantum-physics","Quantum Physics","21-9-discrete-energy-levels-in-an-atom-and-its-spectra","21.9 Discrete Energy Levels and Atomic Spectra","m17b5sqsemp8eabpsmw73h5r6185p4r9","C","true","Federal Board","From n=3, an electron can transition to n=2, n=1, and from n=2 to n=1. This gives 3 possible transitions: 3→2, 3→1, and 2→1. The formula is n(n-1)/2 = 3(2)/2 = 3.","[""Identifies all possible downward transitions from $n=3$: transition to $n=2$, transition to $n=1$, and subsequent transition from $n=2$ to $n=1$"",""Recognizes that electrons in excited states cascade down through intermediate levels to ground state"",""Correctly counts total number of distinct transitions: 3"",""Uses formula: for state $n$, number of transitions = $\\frac{n(n-1)}{2}$ or lists transitions systematically""]",,"false","1","When an atom is in the excited state $n = 3$, an electron can transition to lower energy levels. The possible transitions are: $3 \to 2$, $3 \to 1$, and $2 \to 1$. Therefore, the total number of transitions that take place is **3 transitions**.","[{""key"":""A"",""text"":""25""},{""key"":""B"",""text"":""3""},{""key"":""C"",""text"":""5""},{""key"":""D"",""text"":""10""}]","MCQ","mcq","16","annual","If an atom exists in excited state $n = 3$, the number of transitions that take place is:","ms7145psmeghmgyn8y6w92e5k185q52x","2023",,,
"physics-12","21-quantum-physics","Quantum Physics","21-9-discrete-energy-levels-in-an-atom-and-its-spectra","21.9 Discrete Energy Levels and Atomic Spectra","m177xd2k19hjgbqvek2vmgy9ps85q4eg",,"true","Federal Board",,"[""Excitation potential raises electron to excited state; ionization energy removes electron completely"",""Excitation potential: electron remains bound to atom; ionization energy: electron escapes atom"",""Ionization energy > excitation potential for the same atom"",""Excitation potential measured in eV; related to spectral lines; ionization energy is maximum excitation potential"",""Both involve energy transfer to electrons but differ in final state of electron""]",,"false","3","Excitation potential is the minimum energy required to raise an electron from its ground state to an excited state within an atom, while ionization energy is the minimum energy needed to completely remove an electron from an atom, overcoming the nuclear attraction entirely. Excitation potential results in the electron remaining bound to the atom (though in a higher energy level), whereas ionization energy results in the electron escaping the atom completely. Mathematically, ionization energy is always greater than excitation potential for the same atom.",,"B","short","17","annual","Differentiate between excitation potential and ionization energy.","ms7145psmeghmgyn8y6w92e5k185q52x","2023",,,
"physics-12","21-quantum-physics","Quantum Physics","21-9-discrete-energy-levels-in-an-atom-and-its-spectra","21.9 Discrete Energy Levels and Atomic Spectra","m1725wjdcpkbgs5drq7h0xgfvd85qmg7",,"true","Federal Board",,"[""Correctly identifies and applies de Broglie relation: $\\lambda = \\frac{h}{p}$"",""Calculates electron momentum from kinetic energy in n=3 state using energy level formula"",""Recognizes wavelength as manifestation of wave-particle duality of matter"",""Obtains numerical answer with appropriate units (nm or m)"",""Explains physical significance: wavelength associated with electron orbital motion in hydrogen atom""]",,"false","6","To find the wavelength associated with an electron in the n=3 state of hydrogen, we use the de Broglie relation. First, we calculate the electron's momentum from its kinetic energy in the n=3 orbital, then apply $\lambda = \frac{h}{p}$ where $h = 6.63 \times 10^{-34}$ J·s. The de Broglie wavelength represents the wave nature of the electron as it orbits the nucleus, demonstrating wave-particle duality. For the n=3 state, this wavelength is approximately $0.66$ nm, which is much smaller than visible light wavelengths, reflecting the quantum nature of atomic electrons.",,"C","long","6","annual","Find the wavelength associated with an electron in the state $n=3$ of the hydrogen atom.","ms7145psmeghmgyn8y6w92e5k185q52x","2023",,,
"physics-12","21-quantum-physics","Quantum Physics","21-9-discrete-energy-levels-in-an-atom-and-its-spectra","21.9 Discrete Energy Levels and Atomic Spectra","m171w173dsdf67tx2zbh2bf5ss85qd47","D","true","Federal Board","E = hf = hc/λ. With λ = 500 nm = 500×10⁻⁹ m, E = (6.63×10⁻³⁴ × 3×10⁸)/(500×10⁻⁹) = 3.98×10⁻¹⁹ J ≈ 2.49 eV (dividing by 1.6×10⁻¹⁹ J/eV).",,,"false","1",,"[{""key"":""A"",""text"":""1.77 eV""},{""key"":""B"",""text"":""1.52 eV""},{""key"":""C"",""text"":""3.10 eV""},{""key"":""D"",""text"":""2.49 eV""}]","MCQ","mcq","2","annual","The energy of photon of wavelength $500\text{ nm}$ is:","ms7145psmeghmgyn8y6w92e5k185q52x","2024",,,
"physics-12","21-quantum-physics","Quantum Physics","21-9-discrete-energy-levels-in-an-atom-and-its-spectra","21.9 Discrete Energy Levels and Atomic Spectra","m170brxb40avdhz556qsjchvmh85ph8t","A","true","Federal Board","For an atom in state n=5, the maximum number of possible transitions occurs when the electron can transition from n=5 to any lower level (n=4,3,2,1) and from each intermediate level to lower levels. This gives 4+3+2+1 = 10 transitions total.","[""Electron can transition from $n=5$ to $n=4, 3, 2, 1$ (4 transitions)"",""From $n=4$ can transition to $n=3, 2, 1$ (3 additional transitions)"",""From $n=3$ can transition to $n=2, 1$ (2 additional transitions)"",""From $n=2$ can transition to $n=1$ (1 additional transition)"",""Total = $4+3+2+1 = 10$ transitions using formula $\\frac{n(n-1)}{2}$""]",,"false","1","For an atom in excited state $n=5$, the maximum number of transitions occurs when the electron cascades down through all possible intermediate levels to the ground state. The electron can transition from $n=5$ to any lower level ($n=4, 3, 2, 1$), then from each of those levels to further lower levels. The total number of possible transitions is given by $\frac{n(n-1)}{2} = \frac{5 \times 4}{2} = 10$ transitions.","[{""key"":""A"",""text"":""10""},{""key"":""B"",""text"":""25""},{""key"":""C"",""text"":""3""},{""key"":""D"",""text"":""5""}]","MCQ","mcq","4","annual","For an atom in excited state $n=5$, maximum number of transitions that take place is:","ms7145psmeghmgyn8y6w92e5k185q52x","2024",,,
"physics-12","21-quantum-physics","Quantum Physics","21-9-discrete-energy-levels-in-an-atom-and-its-spectra","21.9 Discrete Energy Levels and Atomic Spectra","m175s53bg6d8p940ebvz85f55s85qgz5",,"true","Federal Board",,"[""Identifies Lyman series as transitions ending at $n=1$"",""Recognizes longest wavelength corresponds to smallest energy transition ($n=2 \\to n=1$)"",""Correctly applies Rydberg formula with $R_H = 1.097 \\times 10^7 \\text{ m}^{-1}$"",""Calculates $\\lambda = 1.22 \\times 10^{-7}$ m or 122 nm"",""Shows correct mathematical steps and unit conversion""]",,"false","3","The longest wavelength in the Lyman series corresponds to the transition from $n = 2$ to $n = 1$. Using the Rydberg formula: $\frac{1}{\lambda} = R_H\left(\frac{1}{n_1^2} - \frac{1}{n_2^2}\right) = 1.097 \times 10^7\left(\frac{1}{1^2} - \frac{1}{2^2}\right) = 1.097 \times 10^7 \times \frac{3}{4} = 8.228 \times 10^6 \text{ m}^{-1}$. Therefore, $\lambda = \frac{1}{8.228 \times 10^6} = 1.22 \times 10^{-7} \text{ m} = 122 \text{ nm}$.",,"B","short","8","annual","Calculate the longest wavelength of radiation for the Lyman series of hydrogen spectra.","ms7145psmeghmgyn8y6w92e5k185q52x","2024",,,
"physics-12","21-quantum-physics","Quantum Physics","21-9-discrete-energy-levels-in-an-atom-and-its-spectra","21.9 Discrete Energy Levels and Atomic Spectra","m17f42pkjv5zj7q04y0t8m8fw985pkmr",,,"Federal Board",,"[""Definition: Energy acquired by electron accelerated through 1 V potential difference"",""Work done formula: $W = eV$ where $e$ is elementary charge"",""Elementary charge value: $e = 1.6 \\times 10^{-19}$ C"",""Conversion relation: $1\\text{ eV} = 1.6 \\times 10^{-19}\\text{ J}$"",""Practical utility in atomic/nuclear physics calculations""]",,"false","3","An **electron volt (eV)** is the energy acquired by an electron when accelerated through a potential difference of 1 volt. It is defined as the work done by the electric field on a single electron: $E = eV$, where $e$ is the elementary charge.

**Derivation of relation with SI unit (Joule):**

When an electron is accelerated through a potential difference of 1 V, the work done equals the charge times the potential:
$$W = q \times V = e \times 1\text{ V}$$

Since the elementary charge $e = 1.6 \times 10^{-19}$ C, we have:
$$1\text{ eV} = 1.6 \times 10^{-19}\text{ C} \times 1\text{ V} = 1.6 \times 10^{-19}\text{ J}$$

Therefore: $$\boxed{1\text{ eV} = 1.6 \times 10^{-19}\text{ J}}$$

This conversion factor allows energy in atomic and nuclear physics to be expressed in the convenient unit of eV rather than joules.",,"B","short","26","annual","What is **electron volt (eV)**? Derive its relation with SI unit of energy.","ms7145psmeghmgyn8y6w92e5k185q52x","2024",,"electron-volt-ev","Electron-Volt (eV)"
"physics-12","21-quantum-physics","Quantum Physics","21-9-discrete-energy-levels-in-an-atom-and-its-spectra","21.9 Discrete Energy Levels and Atomic Spectra","m179meeepxwz2s2jfrsg7wstn585q6y9",,"true","Federal Board",,"[""States Bohr's three postulates correctly (circular orbits, quantized angular momentum, photon transitions)"",""Derives quantized radius using centripetal force and angular momentum condition"",""Shows total energy depends on $n^2$ in denominator, proving quantization"",""Expresses final energy formula $E_n = -\\frac{13.6}{n^2}$ eV with correct negative sign"",""Explains physical significance: discrete energy levels produce discrete spectral lines""]",,"false","7","**Postulates of Bohr's Atomic Model:**

1. An electron moves in circular orbits around the nucleus without radiating energy, occupying only certain allowed orbits corresponding to discrete energy levels.
2. Angular momentum of the electron is quantized: $L = n\hbar = \frac{nh}{2\pi}$, where $n = 1, 2, 3, \ldots$
3. An electron can jump between orbits by absorbing or emitting a photon of energy equal to the difference between energy levels: $\Delta E = hf$.

**Quantization of Energy in Hydrogen Atom:**

From Bohr's second postulate, angular momentum is quantized:
$$mvr = n\hbar$$

For circular motion, the centripetal force equals the Coulomb force:
$$\frac{mv^2}{r} = \frac{ke^2}{r^2}$$

Solving these equations simultaneously yields the radius of the $n$-th orbit:
$$r_n = \frac{n^2\hbar^2}{mke^2} = n^2a_0$$

where $a_0$ is the Bohr radius.

The total energy (kinetic + potential) is:
$$E_n = -\frac{ke^2}{2r_n} = -\frac{mke^4}{2n^2\hbar^2} = -\frac{13.6}{n^2} \text{ eV}$$

Since $n$ takes only discrete integer values, energy is **quantized**. The negative sign indicates bound states. Transitions between levels emit or absorb photons of specific frequencies, explaining discrete emission/absorption spectra.",,"C","long","1","annual","State postulates of Bohr's atomic model. Show that energy of the electron in H-atom is quantized.","ms7145psmeghmgyn8y6w92e5k185q52x","2024",,,