subjectSlug,chapterSlug,chapterTitle,topicSlug,topicTitle,_id,answer,difficulty,dueAt,isDue,lapseCount,lastRating,lastReviewedAt,locked,nextReviewLabel,prompt,reps,scheduledDays,stability,state
"physics-9","04-dynamics-ii","Dynamics 2","4-1-forces-on-bodies","4.1 Forces on Bodies","k57f6c418ycdz8m78phmjbgkmx8dfcjj","They are applying like parallel forces because both forces act in the same direction along parallel lines. Combining like parallel forces this way increases the net force, so the sofa is easier to move than either person pushing alone.",,,"true",,,,"false",,"Two people push a heavy sofa in the same direction with equal force. What kind of parallel forces are they applying, and why does pushing together make it easier to move?",,,,"new"
"physics-9","04-dynamics-ii","Dynamics 2","4-1-forces-on-bodies","4.1 Forces on Bodies","k57800gxg80zj4f7ns527cv9298detpy","Unlike parallel forces, since the two forces act along parallel lines but point in opposite directions and need not be equal in magnitude.",,,"true",,,,"false",,"When both hands turn a bike's handlebar with forces of different magnitude acting in opposite directions, what type of forces are being applied?",,,,"new"
"physics-9","04-dynamics-ii","Dynamics 2","4-2-moment-of-a-force","4.2 Moment of a Force","k57252kywyj87kfrsa2jzn8zks8de6yk","Moment of force equals force multiplied by the perpendicular distance, or moment arm, from the axis of rotation to the line of action of the force. Increasing the moment arm with a longer wrench increases the torque produced for the same applied force, making the nut easier to loosen.",,,"true",,,,"false",,"A mechanic uses a long handled wrench instead of a short one to loosen a tight nut with the same applied force. Why does the longer wrench work better?",,,,"new"
"physics-9","04-dynamics-ii","Dynamics 2","4-2-moment-of-a-force","4.2 Moment of a Force","k57949h5r07fr9qyevb1704gdx8dfdvp","The perpendicular distance from the axis of rotation to the line of action becomes zero, so the moment of force is zero and the door does not rotate, even though a force is applied.",,,"true",,,,"false",,"If a force is applied exactly at the hinge of a door so its line of action passes through the axis of rotation, what happens to the door's rotation?",,,,"new"
"physics-9","04-dynamics-ii","Dynamics 2","4-3-center-of-mass","4.3 Center of Mass","k57fz2s8hq472c1z8tfr0rp9q18deff6","It is the center of mass, the point about which the hammer's mass is evenly distributed. Because a force whose line of action passes through the center of mass produces no rotation, this point alone moves along a simple parabolic path while the rest of the rotating body moves around it.",,,"true",,,,"false",,"When a hammer is thrown spinning through the air, one point on it traces a smooth curved path while every other point follows a more complicated path. Which point is this, and why?",,,,"new"
"physics-9","04-dynamics-ii","Dynamics 2","4-3-center-of-mass","4.3 Center of Mass","k574q5d44vhz4sdr772j3mj5pd8df4v4","Acceleration due to gravity decreases slightly with altitude, so the weight distribution across a very tall object is not perfectly uniform with height. This makes the center of gravity, the point where the total weight effectively acts, differ very slightly from the center of mass for tall structures.",,,"true",,,,"false",,"Why does the center of gravity of a very tall building differ slightly from its center of mass, even though the two coincide for small objects?",,,,"new"
"physics-9","04-dynamics-ii","Dynamics 2","4-4-equilibrium","4.4 Equilibrium","k5740b2cpw1fph86acavv7hntd8df41k","Yes. Since it rotates with uniform angular velocity and experiences zero net torque, it is in dynamic rotational equilibrium, one of the two forms of dynamic equilibrium alongside translational equilibrium.",,,"true",,,,"false",,"A ceiling fan spins at a constant, unchanging speed. Is it in equilibrium, and if so what type?",,,,"new"
"physics-9","04-dynamics-ii","Dynamics 2","4-4-equilibrium","4.4 Equilibrium","k574k6q6exhf5rcc6apc5yxfz18demdb","The vector sum of all forces acting on the parachutist, weight downward and air resistance upward, must be zero, since constant velocity satisfies the first condition of equilibrium. This makes the fall an example of dynamic translational equilibrium.",,,"true",,,,"false",,"A parachutist falls at a constant velocity after the parachute opens. What does the first condition of equilibrium say about the forces acting on them at this point?",,,,"new"
"physics-9","04-dynamics-ii","Dynamics 2","4-5-stability","4.5 Stability","k5719btzehc124h7pmwvqqcqyd8dengb","This is unstable equilibrium. When the pencil tilts even slightly, its center of mass falls and creates a moment that increases the displacement further instead of restoring it, so the pencil topples rather than returning to its original position.",,,"true",,,,"false",,"A pencil balanced vertically on its tip always falls over when released, no matter how carefully it is placed. What type of equilibrium is this, and why does it happen?",,,,"new"
"physics-9","04-dynamics-ii","Dynamics 2","4-5-stability","4.5 Stability","k57cej1p7r39hm8fcy9he9tsfn8de78f","Lowering the car reduces the height of its center of mass, and widening the wheelbase increases the area of support. Both changes make it harder for a tilting force to shift the center of mass beyond the base of support, so the car resists toppling.",,,"true",,,,"false",,"Racing cars are built low to the ground with a wide wheelbase. How do these two design choices each improve the car's stability?",,,,"new"
"physics-9","04-dynamics-ii","Dynamics 2","4-6-friction","4.6 Friction","k57c2h1fr0r5b10g8h0p5e1fss8dfdtn","The upward drag force from air resistance has grown large enough to equal the diver's downward weight, so the net force becomes zero. The diver has reached terminal velocity, a constant maximum speed maintained in dynamic translational equilibrium.",,,"true",,,,"false",,"A skydiver's speed stops increasing at a certain point during free fall, even though gravity is still pulling them down. What has happened to the forces acting on them?",,,,"new"
"physics-9","04-dynamics-ii","Dynamics 2","4-6-friction","4.6 Friction","k57a4k11gyp9sr18apjzzqwewd8deffh","Ball bearings convert sliding friction into rolling friction, which is much smaller in magnitude, often by two or three orders of magnitude, than sliding or static friction between the same surfaces. Polishing only smooths the surfaces but still leaves them in sliding contact.",,,"true",,,,"false",,"Why does using ball bearings in machinery reduce friction more effectively than simply polishing the surfaces?",,,,"new"
"physics-9","04-dynamics-ii","Dynamics 2","4-7-centripetal-force","4.7 Centripetal Force","k57fm48gmd101pzg5dd823fx198dfwva","The tension in the string provides the centripetal force, and it acts along the string toward the center of the circular path, continuously pulling the ball away from its natural straight line path.",,,"true",,,,"false",,"A ball on a string is swung in a horizontal circle above your head. What provides the centripetal force, and in which direction does it act?",,,,"new"
"physics-9","04-dynamics-ii","Dynamics 2","4-7-centripetal-force","4.7 Centripetal Force","k57453av6ek23qwhkdvm54ktf98dez1j","Increasing the satellite's speed requires a larger centripetal force, which moves the satellite into an orbit of larger radius rather than letting it catch the leading satellite in the same orbit, so this strategy fails to close the gap.",,,"true",,,,"false",,"One satellite tries to catch up with another satellite ahead of it in the same circular orbit by increasing its own speed. Why does this strategy fail?",,,,"new"
"physics-9","04-dynamics-ii","Dynamics 2","4-9-planetary-data","4.9 Planetary Data","k573dqgqc29pqmgvv8b59q10xh8dfc41","A single satellite only narrows the position down to a circle of possible locations. A second satellite's circle intersects the first at two points, and a third satellite's circle eliminates one of those two, leaving a single exact position.",,,"true",,,,"false",,"A GPS receiver uses distance measurements from three different satellites instead of just one to pinpoint a location. Why are three satellites needed rather than one?",,,,"new"
"physics-9","04-dynamics-ii","Dynamics 2","4-9-planetary-data","4.9 Planetary Data","k5700xa2xm73rb9etg807gvpqh8decw0","Surface gravity depends on both mass and radius, not density alone. Jupiter's surface gravity of about 24.7 N/kg compared to Earth's 9.8 N/kg reflects its enormously greater mass and size, even though its material is spread out much less densely than Earth's.",,,"true",,,,"false",,"Comparing Earth and Jupiter using planetary data, Jupiter has much greater surface gravity than Earth despite having far lower average density. What does this tell you about the two planets?",,,,"new"