subjectSlug,chapterSlug,chapterTitle,topicSlug,topicTitle,_id,correctKey,explanation,lastAttempt,locked,noteId,options,stem,topicId
"chemistry-12","02-electrochemistry","Electrochemistry","2-1-oxidation-reduction-concepts","2.1 Oxidation-Reduction Concepts","k975sk8ff4na8xk6cwj6a075h985pkdh","B","In $H_2O_2$, Oxygen is in the -1 state. In $H_2O$ it is -2 (reduced) and in $O_2$ it is 0 (oxidized). The same element is both oxidized and reduced.",,"false","kx7bpf4hv73vm94rxt2qdbv99185pzte","[{""key"":""A"",""text"":""$Zn + CuSO_4 \\rightarrow ZnSO_4 + Cu$""},{""key"":""B"",""text"":""$2H_2O_2 \\rightarrow 2H_2O + O_2$""},{""key"":""C"",""text"":""$NaOH + HCl \\rightarrow NaCl + H_2O$""},{""key"":""D"",""text"":""$CH_4 + 2O_2 \\rightarrow CO_2 + 2H_2O$""}]","Which of the following represents a disproportionation reaction?","ms768vdta49mwdmrfbk1rp2egn85pmdm"
"chemistry-12","02-electrochemistry","Electrochemistry","2-2-balancing-of-equations","2.2 Balancing of Redox Equations","k97eetymesp0xezz0hg7kf0sh185q7bn","B","In basic media, after balancing as in acidic medium, any $H^+$ ions introduced must be neutralized by adding an equal number of $OH^-$ ions to both sides, converting $H^+$ + $OH^-$ → $H_2O$.",,"false","kx7c008fdswt24fjbwphr00a5985qkrj","[{""key"":""A"",""text"":""Adding $H^+$ ions to balance oxygen atoms""},{""key"":""B"",""text"":""Adding $OH^-$ ions to neutralize $H^+$ ions used in balancing""},{""key"":""C"",""text"":""Ignoring the charge on the ions""},{""key"":""D"",""text"":""Using only the oxidation number of the central atom""}]","Which step is essential when balancing a redox reaction using the Ion-Electron method in a basic medium?","ms74p2jqk2etjtjhq45gt3301585pakb"
"chemistry-12","02-electrochemistry","Electrochemistry","2-2-balancing-of-equations","2.2 Balancing of Redox Equations","k97ca42vte1pa9v9cfwvnesp5x85ph7f","B","Cr changes from +6 in $Cr_2O_7^{2-}$ to +3 in $Cr^{3+}$, a gain of 3 electrons per Cr atom. With 2 Cr atoms, 6 electrons total are gained (reduction), placed on the reactant (left) side.",,"false","kx7c008fdswt24fjbwphr00a5985qkrj","[{""key"":""A"",""text"":""3 electrons on the right side""},{""key"":""B"",""text"":""6 electrons on the left side""},{""key"":""C"",""text"":""2 electrons on the left side""},{""key"":""D"",""text"":""6 electrons on the right side""}]","When balancing the half-reaction $Cr_2O_7^{2-} \rightarrow Cr^{3+}$ in acidic medium, how many electrons are required to balance the charge?","ms74p2jqk2etjtjhq45gt3301585pakb"
"chemistry-12","02-electrochemistry","Electrochemistry","2-2-balancing-of-equations","2.2 Balancing of Redox Equations","k971d43zfv5baaq89wqx24kt9185qtqh","C","To equalize total electron transfer: the species losing electrons (increase of 3) needs coefficient 2 (giving 6 electrons lost), and the species gaining electrons (decrease of 2) needs coefficient 3 (giving 6 electrons gained). Ratio = 2:3.",,"false","kx7c008fdswt24fjbwphr00a5985qkrj","[{""key"":""A"",""text"":""1:1""},{""key"":""B"",""text"":""3:2""},{""key"":""C"",""text"":""2:3""},{""key"":""D"",""text"":""6:6""}]","In the oxidation number method, if one atom's oxidation number increases by 3 and another's decreases by 2, what coefficients are needed to equalize electron transfer?","ms74p2jqk2etjtjhq45gt3301585pakb"
"chemistry-12","02-electrochemistry","Electrochemistry","2-2-balancing-of-equations","2.2 Balancing of Redox Equations","k972zt4evnjg699md2vw5dhxfx85pabh","C","A balanced chemical equation must satisfy both the Law of Conservation of Mass (equal atoms of each element on both sides) and the Law of Conservation of Charge (equal net charge on both sides).",,"false","kx7c008fdswt24fjbwphr00a5985qkrj","[{""key"":""A"",""text"":""Only the number of atoms""},{""key"":""B"",""text"":""Only the net charge""},{""key"":""C"",""text"":""Both the number of atoms and the net charge""},{""key"":""D"",""text"":""Only the oxidation states""}]","Which of the following must be conserved in a balanced redox equation?","ms74p2jqk2etjtjhq45gt3301585pakb"
"chemistry-12","02-electrochemistry","Electrochemistry","2-3-oxidizing-and-reducing-agents","2.3 Oxidizing and Reducing Agents","k97eg6nm5ks3ejmk71nt5x047585qwek","C","In $MnO_4^-$, Mn has oxidation state +7. In the reduction half-reaction $MnO_4^- + 8H^+ + 5e^- \rightarrow Mn^{2+} + 4H_2O$, Mn is reduced from +7 to +2. The product $Mn^{2+}$ directly indicates oxidation state +2.",,"false","kx76ravw1417nxc67a287kbv0s85peqm","[{""key"":""A"",""text"":""+4""},{""key"":""B"",""text"":""+6""},{""key"":""C"",""text"":""+2""},{""key"":""D"",""text"":""+7""}]","In the reaction between $MnO_4^-$ and $Fe^{2+}$ in acidic solution, what is the oxidation state of manganese in the product $Mn^{2+}$?","ms7d53h49earq5b54qebyxwje985qgzs"
"chemistry-12","02-electrochemistry","Electrochemistry","2-4-electrode-electrode-potential-and-electrochemical-series","2.4 Electrode, Electrode Potential and Electrochemical Series","k972sszf468dzb3bwpgdgpthh585qkgk","D","Standard conditions require 298 K, 1 atm pressure for gases, and 1.0 mol dm$^{-3}$ concentration. Platinum electrodes are used only for gas electrodes (like the SHE) or redox couples where both species are in solution; for metal/metal-ion half-cells (e.g. $Zn/Zn^{2+}$), the metal itself serves as the electrode.",,"false","kx70bz7e0nkagqx35y6qs9z6yd85pn0g","[{""key"":""A"",""text"":""Temperature of 298 K""},{""key"":""B"",""text"":""Pressure of 1 atm for gases""},{""key"":""C"",""text"":""Concentration of 1.0 mol dm$^{-3}$""},{""key"":""D"",""text"":""Use of a Platinum electrode for all metal/metal-ion half-cells""}]","Which of the following conditions is NOT a requirement for measuring Standard Electrode Potential?","ms7dmdn1gfmbah70jk7wcme9zd85qmpt"
"chemistry-12","02-electrochemistry","Electrochemistry","2-4-electrode-electrode-potential-and-electrochemical-series","2.4 Electrode, Electrode Potential and Electrochemical Series","k977svd07nef32y049j64bc56185pezf","C","$E^\circ_{cell} = E^\circ_{cathode} - E^\circ_{anode} = (+0.34\text{ V}) - (-0.76\text{ V}) = +1.10\text{ V}$. Zinc is oxidized at the anode and copper ions are reduced at the cathode. The positive value confirms the reaction is spontaneous.",,"false","kx70bz7e0nkagqx35y6qs9z6yd85pn0g","[{""key"":""A"",""text"":""$-0.42\\text{ V}$""},{""key"":""B"",""text"":""$+0.42\\text{ V}$""},{""key"":""C"",""text"":""$+1.10\\text{ V}$""},{""key"":""D"",""text"":""$-1.10\\text{ V}$""}]","Given $E^\circ$ for $Zn^{2+}/Zn = -0.76\text{ V}$ and $Cu^{2+}/Cu = +0.34\text{ V}$, what is the $E^\circ_{cell}$ for a standard Zinc-Copper galvanic cell?","ms7dmdn1gfmbah70jk7wcme9zd85qmpt"
"chemistry-12","02-electrochemistry","Electrochemistry","2-5-nernst-equation","2.5 The Nernst Equation","k9754k3x90nhde48gtb9ejzmhn85qxnz","C","$n$ represents the stoichiometric number of electrons transferred in the balanced redox half-reaction (e.g., $n = 2$ for $Cu^{2+} + 2e^- \rightarrow Cu$). It is not related to moles of solid or quantum numbers.",,"false","kx788fze58yyhzd97y94hcf3mh85q3x8","[{""key"":""A"",""text"":""The number of moles of the metal electrode""},{""key"":""B"",""text"":""The number of ions in the solution""},{""key"":""C"",""text"":""The number of electrons exchanged in the balanced half-reaction""},{""key"":""D"",""text"":""The principal quantum number of the metal""}]","In the Nernst Equation $E = E^o - \frac{0.0592}{n} \log Q$, what does the variable $n$ represent?","ms7ansjp383ha0b213bjmqvbj185q080"
"chemistry-12","02-electrochemistry","Electrochemistry","2-5-nernst-equation","2.5 The Nernst Equation","k970pq7zzgj1339rf1xyaprfbd85q323","B","Using $E = E^o - \frac{0.0592}{2} \log \frac{1}{[Zn^{2+}]}$, decreasing $[Zn^{2+}]$ to 0.1 M increases $\log(1/0.1) = \log 10 = 1$, so the subtracted term increases, making $E$ more negative.",,"false","kx788fze58yyhzd97y94hcf3mh85q3x8","[{""key"":""A"",""text"":""Increase (become more positive)""},{""key"":""B"",""text"":""Decrease (become more negative)""},{""key"":""C"",""text"":""Remain unchanged""},{""key"":""D"",""text"":""Become zero""}]","For the half-cell $Zn^{2+}(aq) + 2e^- \rightarrow Zn(s)$, if the concentration of $Zn^{2+}$ is decreased to $0.1$ M, the electrode potential will:","ms7ansjp383ha0b213bjmqvbj185q080"
"chemistry-12","02-electrochemistry","Electrochemistry","2-5-nernst-equation","2.5 The Nernst Equation","k97586tr3h464vfa04jr5rnfx985q6gv","A","If $Q < 1$, then $\log Q < 0$ (negative). In $E = E^o - \frac{0.0592}{n} \log Q$, subtracting a negative number adds to $E^o$, so $E_{cell} > E^o_{cell}$.",,"false","kx788fze58yyhzd97y94hcf3mh85q3x8","[{""key"":""A"",""text"":""$E_{cell} > E^o_{cell}$""},{""key"":""B"",""text"":""$E_{cell} < E^o_{cell}$""},{""key"":""C"",""text"":""$E_{cell} = E^o_{cell}$""},{""key"":""D"",""text"":""$E_{cell} = 0$""}]","If the reaction quotient $Q < 1$ for a cell reaction, how does $E_{cell}$ compare to $E^o_{cell}$ according to the Nernst equation?","ms7ansjp383ha0b213bjmqvbj185q080"
"chemistry-12","02-electrochemistry","Electrochemistry","2-6-electrochemical-series","2.6 Electrochemical Series","k977jrcbkc3983a41x2m0gej9n85pwme","C","The strongest reducing agent has the most negative standard reduction potential, meaning it has the greatest tendency to lose electrons (be oxidised). Lithium has $E^\circ = -3.05\text{ V}$, the most negative value listed, making it the strongest reducing agent.",,"false","kx79xkyg0n2bq775rzet6q9rx585p7yr","[{""key"":""A"",""text"":""Copper ($E^\\circ = +0.34\\text{ V}$)""},{""key"":""B"",""text"":""Zinc ($E^\\circ = -0.76\\text{ V}$)""},{""key"":""C"",""text"":""Lithium ($E^\\circ = -3.05\\text{ V}$)""},{""key"":""D"",""text"":""Silver ($E^\\circ = +0.80\\text{ V}$)""}]","Which of the following metals is the strongest reducing agent based on its standard reduction potential?","ms78ez13h7cb6x401csbywgcps85qzfx"
"chemistry-12","02-electrochemistry","Electrochemistry","2-6-electrochemical-series","2.6 Electrochemical Series","k97204fscr51wzk7hjr9j1ans585pa53","B","Copper has $E^\circ = +0.34\text{ V}$, which is more positive than hydrogen ($E^\circ = 0.00\text{ V}$). Therefore $E^\circ_{cell} = 0.00 - 0.34 = -0.34\text{ V}$, which is negative, so the reaction is non-spontaneous. Zn, Mg, and Fe all have negative $E^\circ$ values and can reduce $H^+$.",,"false","kx79xkyg0n2bq775rzet6q9rx585p7yr","[{""key"":""A"",""text"":""$Zn + 2HCl \\rightarrow ZnCl_2 + H_2$""},{""key"":""B"",""text"":""$Cu + 2HCl \\rightarrow CuCl_2 + H_2$""},{""key"":""C"",""text"":""$Mg + H_2SO_4 \\rightarrow MgSO_4 + H_2$""},{""key"":""D"",""text"":""$Fe + 2HCl \\rightarrow FeCl_2 + H_2$""}]","Which of the following reactions will NOT occur spontaneously under standard conditions?","ms78ez13h7cb6x401csbywgcps85qzfx"
"chemistry-12","02-electrochemistry","Electrochemistry","2-6-electrochemical-series","2.6 Electrochemical Series","k97ahef27sam10nks289egwh9985qtrw","B","Copper ($E^\circ = +0.34\text{ V}$) has a lower reduction potential than silver ($E^\circ = +0.80\text{ V}$). Therefore $E^\circ_{cell} = +0.80 - 0.34 = +0.46\text{ V} > 0$, so the reaction is spontaneous: Cu is oxidised and $Ag^+$ is reduced to Ag metal, which deposits on the copper strip.",,"false","kx79xkyg0n2bq775rzet6q9rx585p7yr","[{""key"":""A"",""text"":""No reaction occurs""},{""key"":""B"",""text"":""Copper dissolves and silver crystals deposit on the copper strip""},{""key"":""C"",""text"":""Silver dissolves and copper deposits""},{""key"":""D"",""text"":""The solution turns colourless""}]","If a strip of copper is placed in a solution of silver nitrate ($AgNO_3$), what observation is expected?","ms78ez13h7cb6x401csbywgcps85qzfx"
"chemistry-12","02-electrochemistry","Electrochemistry","2-7-the-relative-reactivity-of-species-as-oxidizing-agents-or-reducing-agents","2.7 Relative Reactivity as Oxidizing or Reducing Agents","k97cp1ypmdscxgf4v5cv88gpjs85pxr4","D","Iodide ($I^-$) has the largest ionic radius among the halide ions, so its outermost electron is held least tightly. It has the most negative standard reduction potential for the $X_2/X^-$ couple, meaning it is most readily oxidized and is therefore the strongest reducing agent.",,"false","kx758p27g8vvfaqk9dbkafmn4585prxz","[{""key"":""A"",""text"":""$F^-$""},{""key"":""B"",""text"":""$Cl^-$""},{""key"":""C"",""text"":""$Br^-$""},{""key"":""D"",""text"":""$I^-$""}]","Which of the following halide ions is the strongest reducing agent in aqueous solution?","ms78ycqhzbxge11vqtgnv124fh85q33w"
"chemistry-12","02-electrochemistry","Electrochemistry","2-8-types-of-electro-chemical-cells","2.8 Electrolytic Cells and Electrolysis","k97f1z47kgcrqndcy3skfz4zds85qtnk","B","For a spontaneous reaction, ΔG is negative and E°cell must be positive according to the relation ΔG = -nFE°cell.",,"false","kx7ekv4gpyn3fbx0942b7sxns985pjqw","[{""key"":""A"",""text"":""The Gibbs free energy change (ΔG) is positive.""},{""key"":""B"",""text"":""The standard cell potential (E°cell) must be positive.""},{""key"":""C"",""text"":""Electrical energy is consumed to drive the reaction.""},{""key"":""D"",""text"":""Oxidation occurs at the cathode.""}]","Which of the following statements is true for a spontaneous reaction occurring in a galvanic cell?","ms72rwb2ax5ram5wta8d05b8mx85p9tg"
"chemistry-12","02-electrochemistry","Electrochemistry","2-8-types-of-electro-chemical-cells","2.8 Electrolytic Cells and Electrolysis","k97fafdb0438zvqkdwwx6k3p6185pn38","C","In an electrolytic cell, the anode is the positive electrode, and oxidation always occurs at the anode regardless of the cell type.",,"false","kx7ekv4gpyn3fbx0942b7sxns985pjqw","[{""key"":""A"",""text"":""Galvanic Cell""},{""key"":""B"",""text"":""Voltaic Cell""},{""key"":""C"",""text"":""Electrolytic Cell""},{""key"":""D"",""text"":""Fuel Cell""}]","In which type of cell does oxidation occur at the positive electrode?","ms72rwb2ax5ram5wta8d05b8mx85p9tg"
"chemistry-12","02-electrochemistry","Electrochemistry","2-8-types-of-electro-chemical-cells","2.8 Electrolytic Cells and Electrolysis","k975mekjfnsz0wp2t851jh83yn85qqt2","C","Removing the salt bridge breaks the circuit and leads to a build-up of charge in the half-cells, stopping the flow of electrons immediately.",,"false","kx7ekv4gpyn3fbx0942b7sxns985pjqw","[{""key"":""A"",""text"":""Increase gradually""},{""key"":""B"",""text"":""Remain constant""},{""key"":""C"",""text"":""Drop to zero""},{""key"":""D"",""text"":""Increase sharply""}]","If the salt bridge is removed from a working Daniel cell, the voltage will:","ms72rwb2ax5ram5wta8d05b8mx85p9tg"
"chemistry-12","02-electrochemistry","Electrochemistry","2-8-types-of-electro-chemical-cells","2.8 Electrolytic Cells and Electrolysis","k97e643n4j96akkw8bsg0x7r4985q8sd","B","Secondary cells (like Lead-Acid batteries) are reversible cells that can be recharged by reversing the chemical process using an external power source.",,"false","kx7ekv4gpyn3fbx0942b7sxns985pjqw","[{""key"":""A"",""text"":""Produce electricity until reactants are exhausted and then be discarded.""},{""key"":""B"",""text"":""Be recharged by passing current in the opposite direction.""},{""key"":""C"",""text"":""Operate without an electrolyte.""},{""key"":""D"",""text"":""Convert thermal energy directly into electricity.""}]","A secondary cell is characterized by its ability to:","ms72rwb2ax5ram5wta8d05b8mx85p9tg"
"chemistry-12","02-electrochemistry","Electrochemistry","2-9-relation-between-the-faraday-constant-avogadro-constant-and-the-charge-on-the-electron","2.9 Relation Between the Faraday Constant, Avogadro Constant, and the Charge on the Electron","k970a2qe9aweezq86xppern4g585pwb4","C","The reduction half-reaction is $Al^{3+} + 3e^- \rightarrow Al$. Since 3 moles of electrons are needed per mole of Al, the charge required is 3 Faradays.",,"false","kx70eq6nefva4f448qahyf32tn85phra","[{""key"":""A"",""text"":""1 F""},{""key"":""B"",""text"":""2 F""},{""key"":""C"",""text"":""3 F""},{""key"":""D"",""text"":""6 F""}]","How many Faradays of electricity are required to reduce 1 mole of $Al^{3+}$ ions to aluminum metal?","ms755yvr4cj50jyc4p167abyzx85pgm5"
"chemistry-12","02-electrochemistry","Electrochemistry","2-10-experimental-determination-of-avogadro-constant-by-electrolytic-method","2.10 Experimental Determination of Avogadro Constant By Electrolytic Method","k97989kq1yptf1mh74b2rg7jed85pqh5","C","The reduction half-reaction is $Cu^{2+} + 2e^- \rightarrow Cu$. Therefore, 2 moles of electrons are required for every 1 mole of copper atoms.",,"false","kx7fn8wq2vdd7685j9nypw37yh85qr7v","[{""key"":""A"",""text"":""$n$""},{""key"":""B"",""text"":""$n/2$""},{""key"":""C"",""text"":""$2n$""},{""key"":""D"",""text"":""$4n$""}]","During the electrolysis of aqueous $CuSO_4$ using copper electrodes, if $n$ moles of copper are deposited, how many moles of electrons passed through the circuit?","ms7canj3wgwvwdk8j4je39x8vx85pejh"
"chemistry-12","02-electrochemistry","Electrochemistry","2-10-experimental-determination-of-avogadro-constant-by-electrolytic-method","2.10 Experimental Determination of Avogadro Constant By Electrolytic Method","k971zfsefqhfd37vwdkfwa7xsn85qd39","B","$t = (32 \times 60) + 10 = 1930$ seconds. $Q = I \times t = 0.5 \times 1930 = 965$ C.",,"false","kx7fn8wq2vdd7685j9nypw37yh85qr7v","[{""key"":""A"",""text"":""16.1 C""},{""key"":""B"",""text"":""965 C""},{""key"":""C"",""text"":""1930 C""},{""key"":""D"",""text"":""482.5 C""}]","A current of 0.5 A is passed through an electrolyte for 32 minutes and 10 seconds. What is the total charge $Q$ passed?","ms7canj3wgwvwdk8j4je39x8vx85pejh"
"chemistry-12","02-electrochemistry","Electrochemistry","2-10-experimental-determination-of-avogadro-constant-by-electrolytic-method","2.10 Experimental Determination of Avogadro Constant By Electrolytic Method","k971a4371wnfdtvswzfzt03t0185qvy2","B","Avogadro's constant is the number of particles in one mole. Since $F$ is the charge of one mole of electrons and $e$ is the charge of one electron, $N_A = F/e$.",,"false","kx7fn8wq2vdd7685j9nypw37yh85qr7v","[{""key"":""A"",""text"":""$N_A = F \\times e$""},{""key"":""B"",""text"":""$N_A = F / e$""},{""key"":""C"",""text"":""$N_A = e / F$""},{""key"":""D"",""text"":""$N_A = 1 / (F \\times e)$""}]","Which mathematical expression correctly relates Avogadro's constant ($N_A$), the Faraday constant ($F$), and the charge of an electron ($e$)?","ms7canj3wgwvwdk8j4je39x8vx85pejh"
"chemistry-12","02-electrochemistry","Electrochemistry","2-10-experimental-determination-of-avogadro-constant-by-electrolytic-method","2.10 Experimental Determination of Avogadro Constant By Electrolytic Method","k97dvr7hn8cmjdm4z9p9qs9fkd85qdsr","A","$N_A = F/e = 96485 / (1.602 \times 10^{-19}) \approx 6.022 \times 10^{23}$.",,"false","kx7fn8wq2vdd7685j9nypw37yh85qr7v","[{""key"":""A"",""text"":""$6.022 \\times 10^{23}$""},{""key"":""B"",""text"":""$6.022 \\times 10^{-23}$""},{""key"":""C"",""text"":""$1.545 \\times 10^{-23}$""},{""key"":""D"",""text"":""$9.648 \\times 10^{4}$""}]","If the charge of a single electron is $1.602 \times 10^{-19}$ C and the Faraday constant is $96485$ C/mol, what is the calculated value of $N_A$?","ms7canj3wgwvwdk8j4je39x8vx85pejh"
"chemistry-12","02-electrochemistry","Electrochemistry","2-11-winkler-method-for-biological-oxygen-demand","2.11 Winkler Method for Biological Oxygen Demand","k976qz1n76tqrq07p06z4xw3w585q1kc","B","Dissolved oxygen oxidizes $Mn(OH)_2$ (white precipitate) to $MnO(OH)_2$ (brown precipitate). If no dissolved oxygen is present, the precipitate remains white.",,"false","kx7azpc86bsq6tc9hk3g3vhsf185p981","[{""key"":""A"",""text"":""The absence of dissolved oxygen""},{""key"":""B"",""text"":""The presence of dissolved oxygen""},{""key"":""C"",""text"":""The presence of excess sulfuric acid""},{""key"":""D"",""text"":""The reduction of iodide to iodine""}]","In the first step of the Winkler Method, the formation of a brown precipitate of $MnO(OH)_2$ indicates:","ms78d5rwv58hwcdm2p4ct5vt1d85p2ws"
"chemistry-12","02-electrochemistry","Electrochemistry","2-11-winkler-method-for-biological-oxygen-demand","2.11 Winkler Method for Biological Oxygen Demand","k979gbkm7kxq23kgnkmwg6j0g985pb15","A","At high iodine concentrations, starch forms a very strong complex that is difficult to dissociate, leading to an inaccurate endpoint. Adding starch near the endpoint (pale yellow) when iodine concentration is low ensures a sharp, accurate colour change.",,"false","kx7azpc86bsq6tc9hk3g3vhsf185p981","[{""key"":""A"",""text"":""To prevent starch from forming an irreversible complex with high concentrations of iodine""},{""key"":""B"",""text"":""To speed up the reaction between thiosulfate and iodine""},{""key"":""C"",""text"":""To ensure the solution remains acidic throughout""},{""key"":""D"",""text"":""To catalyze the oxidation of manganese ions""}]","During the Winkler titration, starch indicator is added only when the solution becomes pale yellow. Why?","ms78d5rwv58hwcdm2p4ct5vt1d85p2ws"
"chemistry-12","02-electrochemistry","Electrochemistry","2-11-winkler-method-for-biological-oxygen-demand","2.11 Winkler Method for Biological Oxygen Demand","k971adpfedcercbh6hhqw9d6j985py0q","B","According to stoichiometry: $1\,O_2 \equiv 2\,MnO(OH)_2 \equiv 2\,I_2 \equiv 4\,S_2O_3^{2-}$. Therefore, 1 mole of $O_2$ produces 2 moles of $I_2$.",,"false","kx7azpc86bsq6tc9hk3g3vhsf185p981","[{""key"":""A"",""text"":""1 mole""},{""key"":""B"",""text"":""2 moles""},{""key"":""C"",""text"":""4 moles""},{""key"":""D"",""text"":""0.5 moles""}]","If 1 mole of $O_2$ is present in a water sample analysed by the Winkler Method, how many moles of $I_2$ will be liberated?","ms78d5rwv58hwcdm2p4ct5vt1d85p2ws"