subjectSlug,chapterSlug,chapterTitle,topicSlug,topicTitle,_id,answer,difficulty,dueAt,isDue,lapseCount,lastRating,lastReviewedAt,locked,nextReviewLabel,prompt,reps,scheduledDays,stability,state,sectionId,sectionLabel,sourceRef
"computer-12","03-programming-fundamentals","Programming Fundamentals","3-1-the-programming-paradigm","3.1 The Programming Paradigm","k570xrd9a04x45px8tmx6f32ss85pxht","A programming paradigm is a fundamental style or approach to computer programming, defining how tasks are structured and executed by the computer.",,,"true",,,,"false",,"What is a Programming Paradigm?",,,,"new",,,
"computer-12","03-programming-fundamentals","Programming Fundamentals","3-1-the-programming-paradigm","3.1 The Programming Paradigm","k57bb0nfrrm2jpgrb8zyh23rjx85p6dy","Imperative focuses on 'how' to achieve a result (step-by-step instructions), while Declarative focuses on 'what' the result should be (logic/rules) without describing the control flow.",,,"true",,,,"false",,"Differentiate between Imperative and Declarative paradigms.",,,,"new",,,
"computer-12","03-programming-fundamentals","Programming Fundamentals","3-1-the-programming-paradigm","3.1 The Programming Paradigm","k57fs2vyvpz6fp74612f59j6d585p42f","It is based on the concept of procedure calls (functions/subroutines) and follows a linear, top-down approach to solve problems.",,,"true",,,,"false",,"What are the core characteristics of the Procedural Paradigm?",,,,"new",,,
"computer-12","03-programming-fundamentals","Programming Fundamentals","3-1-the-programming-paradigm","3.1 The Programming Paradigm","k574rn5h6xnx8san78qrnqnqfn85p60x","OOP is a paradigm based on the concept of 'objects', which contain data (attributes) and code (methods), focusing on modularity and data encapsulation.",,,"true",,,,"false",,"Define the Object-Oriented Programming (OOP) paradigm.",,,,"new",,,
"computer-12","03-programming-fundamentals","Programming Fundamentals","3-1-the-programming-paradigm","3.1 The Programming Paradigm","k5742hwhqj2d51jxgrsenp89fd85q7sh","Inheritance. It allows a new class (derived) to acquire the properties and behaviors of an existing class (base).",,,"true",,,,"false",,"What is the technique of reusing an existing class to build a new class in OOP?",,,,"new",,,
"computer-12","03-programming-fundamentals","Programming Fundamentals","3-1-the-programming-paradigm","3.1 The Programming Paradigm","k576sh05xh40cem57h9b3nqm5h8d2tsr","It emphasizes what is to be achieved rather than how to address the problem; solutions are divided into functions.",,,"true",,,,"false",,"What does functional programming emphasize: what is achieved or how it is achieved?",,,,"new","functional-style-in-python","Functional style in Python","{""blockIndex"":3,""chapterNumber"":3,""page"":78,""subjectSlug"":""computer-12""}"
"computer-12","03-programming-fundamentals","Programming Fundamentals","3-2-programming-constructs-in-python","3.2 Programming Constructs in Python","k577jh697jyjm89ncn4m2bwyan85q8k1","The three fundamental constructs are: 1. **Sequence** (linear execution, top to bottom), 2. **Selection** (decision making via if/elif/else), and 3. **Iteration** (looping via for/while).",,,"true",,,,"false",,"What are the three fundamental programming constructs in Python?",,,,"new",,,
"computer-12","03-programming-fundamentals","Programming Fundamentals","3-2-programming-constructs-in-python","3.2 Programming Constructs in Python","k57ete68y2av2xagag45ep9d8585qx1j","Python uses **indentation** (whitespace) rather than curly braces `{}` or keywords like `begin/end` to define the scope of a code block. Consistent indentation (typically 4 spaces) is mandatory.",,,"true",,,,"false",,"How does Python define blocks of code for constructs like 'if' or 'for'?",,,,"new",,,
"computer-12","03-programming-fundamentals","Programming Fundamentals","3-2-programming-constructs-in-python","3.2 Programming Constructs in Python","k578pgqm07jy65nv8wv608p9tn85q2g9","A **'while'** loop is condition-controlled (repeats as long as a condition is True). A **'for'** loop is collection-controlled (iterates over a sequence such as a list, string, or range). Use 'for' when the number of iterations is known; use 'while' when it depends on a condition.",,,"true",,,,"false",,"What is the difference between a 'while' loop and a 'for' loop in Python?",,,,"new",,,
"computer-12","03-programming-fundamentals","Programming Fundamentals","3-2-programming-constructs-in-python","3.2 Programming Constructs in Python","k579e8xsqb51523w2mnqdakx9d85qhx2","'elif' (else if) allows checking multiple mutually exclusive conditions after an initial 'if'. It prevents deeply nested code. Example: `if x > 0: ... elif x < 0: ... else: ...`",,,"true",,,,"false",,"What is the purpose of the 'elif' keyword in Python selection constructs?",,,,"new",,,
"computer-12","03-programming-fundamentals","Programming Fundamentals","3-2-programming-constructs-in-python","3.2 Programming Constructs in Python","k571zwm3h8s6x38m31t81bdb3985pvy4","Python lists are mutable, ordered sequences that support: indexing (`lst[0]`), slicing (`lst[1:3]`), appending (`lst.append(x)`), removing (`lst.remove(x)`), and iteration. They can store mixed data types and are the primary built-in data structure in Python.",,,"true",,,,"false",,"How do Python lists support advanced data structure operations?",,,,"new",,,
"computer-12","03-programming-fundamentals","Programming Fundamentals","3-2-programming-constructs-in-python","3.2 Programming Constructs in Python","k57afpq3pq1d03xbkmswtzttrh8d39rx","Data structures such as lists, file handling (disk I/O), and databases in Python.",,,"true",,,,"false",,"Which advanced Python constructs are highlighted for this chapter?",,,,"new","__intro__","Introduction","{""blockIndex"":12,""chapterNumber"":3,""page"":91,""subjectSlug"":""computer-12""}"
"computer-12","03-programming-fundamentals","Programming Fundamentals","3-3-techniques-for-testing-debugging","3.3 Techniques for Testing and Debugging","k579swy0evq995q6ea9vf0r5t18d3qt4","Unit tests, breakpoints, and watches.",,,"true",,,,"false",,"Which advanced techniques are named for testing and debugging Python code?",,,,"new","advanced-debugging-tools-in-python","Advanced Debugging Tools in Python","{""blockIndex"":12,""chapterNumber"":3,""page"":91,""subjectSlug"":""computer-12""}"