subjectSlug,chapterSlug,chapterTitle,topicSlug,topicTitle,_id,correctKeyVerified,examBoard,explanation,keyPoints,lastAttempt,locked,marks,modelAnswer,options,partType,questionKind,questionNumber,session,stem,topicId,year,correctKey,origin
"pak-studies-12","02-political-development-in-pakistan","02 Political Development in Pakistan","political-development-and-instability-1","Political Development and Instability","m171j953fj4vnj8qvctnt8hxrx85qaya","false","Federal Board","The Quaid-e-Azam Muhammad Ali Jinnah inaugurated the All India Muslim League, which was the political organization that led the movement for Pakistan's independence. This institution played a crucial role in mobilizing Muslim masses and advocating for a separate homeland based on the Two-Nation Theory.","[""Quaid-e-Azam inaugurated the All India Muslim League"",""It was the political platform for Pakistan's independence movement"",""The institution was based on the Two-Nation Theory ideology"",""It mobilized Muslims for the creation of Pakistan""]",,"false","1","The Quaid-e-Azam Muhammad Ali Jinnah inaugurated the All India Muslim League, which was the political organization that led the movement for Pakistan's independence. This institution played a crucial role in mobilizing Muslim masses and advocating for a separate homeland based on the Two-Nation Theory.","[{""key"":""A"",""text"":""Allama Iqbal Open University""},{""key"":""B"",""text"":""Council of Islamic ideology""},{""key"":""C"",""text"":""State Bank of Pakistan""},{""key"":""D"",""text"":""Senate""}]","MCQ","unclassified","2","annual","Which institution was inaugurated by the Quaid-e-Azam Muhammad Ali Jinnah?","ms7fjteyz0btz4h90ka63xs28s85qw35","2025",,
"pak-studies-12","02-political-development-in-pakistan","02 Political Development in Pakistan","political-development-and-instability-1","Political Development and Instability","m177cpt82kgnjk3tq32dzyjq7n85qbzy",,"Federal Board",,"[""Quaid-e-Azam's economic vision was based on Islamic principles of justice, equality, and social welfare"",""Economic development should serve as a sacred trust for the state to ensure social justice"",""The system rejected both pure capitalism and socialism in favor of an Islamic economic framework"",""Fundamental rights and equality of opportunity were central to the economic vision"",""Economic policies must reflect Islamic values of tolerance and equitable resource distribution""]",,"false","3","Quaid-e-Azam's vision regarding economic development was grounded in the foundational principles of the Ideology of Pakistan. He envisioned an economic system based on Islamic principles of justice, equality, and social welfare. The Objectives Resolution, moved by Liaquat Ali Khan (Quaid-e-Azam's successor implementing his vision), established that the state would exercise its powers as a sacred trust to ensure democracy, equality, tolerance, and social justice as enunciated by Islam. This reflected the Quaid's belief that Pakistan's economic development must be rooted in Islamic values rather than purely capitalist or socialist models, ensuring equitable distribution of resources and protection of fundamental rights for all citizens.",,"B","short","3","annual","What was Quaid-e-Azam's vision regarding the fundamental principles of economic development?","ms7fjteyz0btz4h90ka63xs28s85qw35","2025",,
"pak-studies-12","02-political-development-in-pakistan","02 Political Development in Pakistan","political-development-and-instability-1","Political Development and Instability","m175k1qg09rxvvsxg78k76z2k985q051",,"Federal Board",,"[""Objectives Resolution (1949) established Allah's sovereignty and Islamic principles as foundation of state"",""Constitution of 1956 declared Pakistan an Islamic Republic and made Islam the official state religion"",""Gradual introduction of Islamic laws, courts, and institutions throughout the 1950s-1970s period"",""These steps reflected Pakistan's ideology based on Two-Nation Theory and Islamic values"",""Islamization process aimed to translate founding ideals into constitutional and legal frameworks""]",,"false","3","Between 1949 and 1977, three major steps towards Islamization were taken: First, the Objectives Resolution (1949) established that sovereignty belongs to Allah Almighty and incorporated Islamic principles of democracy, equality, and justice into Pakistan's constitutional framework. Second, the Constitution of 1956 declared Pakistan an Islamic Republic and made Islam the state religion. Third, various Islamic laws and institutions were gradually introduced, including Islamic courts and Sharia-based legislation, culminating in General Zia-ul-Haq's comprehensive Islamization program after 1977, which further embedded Islamic principles throughout the state apparatus and legal system.",,"B","short","5","annual","What steps were taken towards **Islamization** between 1949 and 1977? (Any three points)","ms7fjteyz0btz4h90ka63xs28s85qw35","2025",,
"pak-studies-12","02-political-development-in-pakistan","02 Political Development in Pakistan","political-development-and-instability-1","Political Development and Instability","m17d4mzwr1x2wevjvck288d4b185p4f7","true","Federal Board",,"[""Third five-year plan period: 1965-1970"",""First cause of failure: 1965 war with India disrupted economy and diverted resources"",""Second cause of failure: Political instability and weak governance hindered implementation"",""War created fiscal burden and reduced investment capacity"",""Lack of political will and institutional weakness prevented plan execution""]",,"false","3","The third five-year plan was launched in 1965 and ended in 1970. The two main causes of its failure were: (1) the outbreak of the 1965 war with India, which diverted resources and disrupted economic activities, and (2) political instability and weak governance that prevented effective implementation of planned development projects.",,"B","short","10","annual","When was the **third five-year plan** launched, and when did it end? What were the two causes of its failure?","ms7fjteyz0btz4h90ka63xs28s85qw35","2025",,
"pak-studies-12","02-political-development-in-pakistan","02 Political Development in Pakistan","political-development-and-instability-1","Political Development and Instability","m17evbqze4jbpvd7mfrttkn5n985pxe9",,"Federal Board",,"[""Identifies Sovereignty of Allah as foundational principle where state acts as trustee"",""Explains Democracy/Shura principle involving consultation and people's participation"",""Describes Justice and Equality ensuring equal rights and opportunities for all"",""References Islamic framework and Objectives Resolution as basis"",""Provides clear distinction between the three principles selected""]",,"false","3","Three key principles of good governance in Islam are: (1) **Sovereignty of Allah** - all authority ultimately belongs to Allah and the state exercises power as a sacred trust; (2) **Democracy and Consultation (Shura)** - decision-making should involve consultation with the people and their representatives; (3) **Justice and Equality** - the state must ensure equality before law, equal opportunities, and fair treatment for all citizens regardless of religion or status, as emphasized in the Objectives Resolution of 1949.",,"B","short","15","annual","What are the key principles of good governance in Islam? Write any three.","ms7fjteyz0btz4h90ka63xs28s85qw35","2025",,
"pak-studies-12","02-political-development-in-pakistan","02 Political Development in Pakistan","political-development-and-instability-1","Political Development and Instability","m172ccmv53705wz53djjtz5j0h85pevb",,"Federal Board",,"[""Sovereignty of Allah: All state authority derives from Allah; laws must align with Islamic principles and divine guidance"",""Justice and Equality: Equal treatment before law for all citizens; ruler and ruled subject to same standards"",""Consultation (Shura): Establishment of consultative bodies for decision-making; participatory governance model"",""Accountability: Officials answerable to people and Allah; regular inspections and removal of corrupt administrators"",""These principles influenced Pakistan's Objectives Resolution emphasizing democracy, equality, and Islamic governance""]",,"false","8","Hazrat Umar (R.A.)'s system of government was guided by four key principles: First, **Sovereignty of Allah** - he believed all authority derived from Allah and laws must conform to Islamic teachings. Second, **Justice and Equality** - he ensured equal treatment of all citizens regardless of status, famously saying the ruler and ruled are equal before law. Third, **Consultation (Shura)** - he established a consultative council to advise on state matters, embodying democratic principles in Islamic governance. Fourth, **Accountability** - he held himself and officials answerable to the people and Allah, conducting regular inspections and dismissing corrupt administrators. These principles established a model of Islamic governance emphasizing divine sovereignty, social justice, participatory decision-making, and transparent administration that influenced Pakistan's constitutional framework, particularly reflected in the Objectives Resolution of 1949.",,"C","long","2","annual","What were the guiding principles of Hazrat Umar (R.A.) system of government? Explain any four.","ms7fjteyz0btz4h90ka63xs28s85qw35","2025",,
"pak-studies-12","02-political-development-in-pakistan","02 Political Development in Pakistan","political-development-and-instability-1","Political Development and Instability","m172w77t77q0vrbzkt93v8tv9x85patt","false","Federal Board","I cannot provide a complete answer to this question as the provided notes do not contain information about the Khilafat movement or the personalities who participated in it. The notes focus on Pakistan's ideology, political development, and constitutional history, but do not discuss the Khilafat movement, which was a historical movement in British India.","[""The provided notes do not contain information about the Khilafat movement"",""No personalities associated with the Khilafat movement are mentioned in the notes"",""To answer this question accurately, reference material specifically covering the Khilafat movement would be required"",""The question requires knowledge of historical figures and their roles in the Khilafat movement""]",,"false","1","I cannot provide a complete answer to this question as the provided notes do not contain information about the Khilafat movement or the personalities who participated in it. The notes focus on Pakistan's ideology, political development, and constitutional history, but do not discuss the Khilafat movement, which was a historical movement in British India.","[{""key"":""A"",""text"":""Quaid-e-Azam""},{""key"":""B"",""text"":""Gandhi""},{""key"":""C"",""text"":""Shoukat Ali""},{""key"":""D"",""text"":""Muhammad Ali Johar""}]","MCQ","unclassified","2","annual","Which of the following personalities did NOT participate in the Khilafat movement?","ms7fjteyz0btz4h90ka63xs28s85qw35","2024",,
"pak-studies-12","02-political-development-in-pakistan","02 Political Development in Pakistan","political-development-and-instability-1","Political Development and Instability","m177ebbarmjf2nnwyxj3chyaax85q34m","false","Federal Board","The Prime Minister of Pakistan selects **50** percent members of its cabinet from the Senate. This provision ensures representation from the upper house in the executive branch, maintaining a balance between both chambers of Parliament in the constitutional framework of Pakistan.","[""50% cabinet members must be selected from Senate"",""This ensures parliamentary representation in executive"",""Constitutional requirement for balance between legislative chambers"",""Reflects democratic principles in Pakistan's governance structure""]",,"false","1","The Prime Minister of Pakistan selects **50** percent members of its cabinet from the Senate. This provision ensures representation from the upper house in the executive branch, maintaining a balance between both chambers of Parliament in the constitutional framework of Pakistan.","[{""key"":""A"",""text"":""75""},{""key"":""B"",""text"":""25""},{""key"":""C"",""text"":""50""},{""key"":""D"",""text"":""60""}]","MCQ","unclassified","8","annual","Prime Minister of Pakistan selects **____** percent members of its cabinet from the Senate.","ms7fjteyz0btz4h90ka63xs28s85qw35","2024","C",
"pak-studies-12","02-political-development-in-pakistan","02 Political Development in Pakistan","political-development-and-instability-1","Political Development and Instability","m173y6d8f7aka1hgn0bb3mjt4d85p41z","false","Federal Board","General Muhammad Zia-ul-Haq enhanced women's reserved seats in the Assemblies of Pakistan. During his tenure as Chief Martial Law Administrator and President, he increased the number of reserved seats for women in the National Assembly and Provincial Assemblies, recognizing women's participation in democratic institutions.","[""General Muhammad Zia-ul-Haq was the head of government who enhanced women's reserved seats"",""He increased reserved seats in both National Assembly and Provincial Assemblies"",""This measure aimed to promote women's representation in democratic institutions"",""The enhancement reflected efforts toward greater women's participation in governance""]",,"false","1","General Muhammad Zia-ul-Haq enhanced women's reserved seats in the Assemblies of Pakistan. During his tenure as Chief Martial Law Administrator and President, he increased the number of reserved seats for women in the National Assembly and Provincial Assemblies, recognizing women's participation in democratic institutions.","[{""key"":""A"",""text"":""Ayub Khan""},{""key"":""B"",""text"":""Yahya Khan""},{""key"":""C"",""text"":""Zia-Ul-Haq""},{""key"":""D"",""text"":""Pervaiz Musharaf""}]","MCQ","unclassified","9","annual","Which head of the Government of Pakistan enhanced women reserved seats in Assemblies?","ms7fjteyz0btz4h90ka63xs28s85qw35","2024","C",
"pak-studies-12","02-political-development-in-pakistan","02 Political Development in Pakistan","political-development-and-instability-1","Political Development and Instability","m17ayavhhcjyqnjbbp0vb82kq185qqhg","false","Federal Board","The 8th Five-Year Plan, which was the last five-year plan in Pakistan, spanned over the period from 1993 to 1998. This plan was formulated during the democratic era and focused on economic stabilization and structural reforms in the country.","[""8th Five-Year Plan was the last five-year plan implemented in Pakistan"",""Time period: 1993-1998"",""Formulated during democratic governance period"",""Focused on economic stabilization and structural reforms""]",,"false","1","The 8th Five-Year Plan, which was the last five-year plan in Pakistan, spanned over the period from 1993 to 1998. This plan was formulated during the democratic era and focused on economic stabilization and structural reforms in the country.","[{""key"":""A"",""text"":""1978-1983""},{""key"":""B"",""text"":""1983-1988""},{""key"":""C"",""text"":""1993-1998""},{""key"":""D"",""text"":""1988-1993""}]","MCQ","unclassified","10","annual","The last and 8th five-year plan spanned over:","ms7fjteyz0btz4h90ka63xs28s85qw35","2024",,
"pak-studies-12","02-political-development-in-pakistan","02 Political Development in Pakistan","political-development-and-instability-1","Political Development and Instability","m17db7mqxcs00qkaxbwc22vcgs85pa01","true","Federal Board",,"[""The All India Muslim League's objectives changed from protecting Muslim rights within united India to demanding independent Muslim state(s)"",""This change occurred in 1940 with the adoption of the Lahore Resolution (Pakistan Resolution)"",""Muhammad Ali Jinnah and Muslim League leadership advised this strategic shift due to communal tensions and realization of Hindu-Muslim incompatibility"",""The League transformed from a constitutional organization seeking safeguards into the principal vehicle for the Pakistan Movement"",""This change reflected the evolution from the Two-Nation Theory's initial conception to its practical political implementation""]",,"false","3","The objectives of the All India Muslim League were changed in 1940 when the League adopted the Lahore Resolution (also called the Pakistan Resolution) on the advice of Muhammad Ali Jinnah and other Muslim leaders. Initially, the League sought to protect Muslim political rights within a united India through separate electorates and reserved seats. However, by 1940, it became clear that Hindu-Muslim unity was impossible, so the League's objective shifted from seeking constitutional safeguards within India to demanding an independent Muslim state or states, fundamentally transforming it into the vehicle for the Pakistan Movement.",,"B","short","1","annual","When, why and on whose advice, the objectives of the All India Muslim League were changed?","ms7fjteyz0btz4h90ka63xs28s85qw35","2024",,
"pak-studies-12","02-political-development-in-pakistan","02 Political Development in Pakistan","political-development-and-instability-1","Political Development and Instability","m17dsranmgwjs1gpe66abwdmkn85pd3t","true","Federal Board",,"[""Junagadh was a princely state that acceded to Pakistan in 1948 despite being geographically surrounded by Indian territory"",""The Nawab of Junagadh made the decision to join Pakistan, but India rejected this accession"",""Indian military forces occupied Junagadh and forcibly incorporated it into the Indian Union"",""This incident reflected the broader dispute over princely states' accession during Partition"",""The occupation of Junagadh became a significant point of contention in Pakistan-India relations and demonstrated India's military assertiveness in resolving state accession disputes""]",,"false","3","The occupation of Junagadh State by Indian forces occurred in 1948 when the princely state's ruler, the Nawab, acceded to Pakistan despite the state's geographical location within Indian territory. However, India rejected this accession and sent military forces to occupy Junagadh, incorporating it into the Indian Union. This action demonstrated India's determination to prevent Muslim-majority or Muslim-ruled states from joining Pakistan, establishing a precedent for resolving princely state disputes in India's favor.",,"B","short","2","annual","Write a short note on occupation of Junagadh State by the Indian forces.","ms7fjteyz0btz4h90ka63xs28s85qw35","2024",,
"pak-studies-12","02-political-development-in-pakistan","02 Political Development in Pakistan","political-development-and-instability-1","Political Development and Instability","m17d94geykxmpfcerx9d4tx94h85pda5","false","Federal Board",,"[""Identified Muslim-majority areas of Punjab not given to Pakistan: Gurdaspur, Amritsar, and Ferozepur district"",""Identified Muslim-majority areas of Bengal not given to Pakistan: Murshidabad and Nadia districts"",""Explained contradiction with Two-Nation Theory ideology which advocated Muslim-majority areas should join Pakistan"",""Noted these decisions were controversial and contributed to Partition-related tensions and migration""]",,"false","3","The Radcliffe Award of 1947 did not hand over several Muslim-majority areas of Punjab and Bengal to Pakistan. In Punjab, Muslim-majority areas like Gurdaspur, Amritsar, and parts of Ferozepur district were awarded to India despite their Muslim populations. In Bengal, the Muslim-majority Murshidabad and Nadia districts were retained by India. These territorial decisions were controversial as they contradicted the principle of the Two-Nation Theory, which advocated that Muslim-majority regions should form part of Pakistan. The Award's controversial nature contributed to communal tensions and migration during Partition.",,"B","short","3","annual","Which Muslim majority areas of Punjab and Bengal were not handed over to Pakistan in the Radcliffe Award?","ms7fjteyz0btz4h90ka63xs28s85qw35","2024",,
"pak-studies-12","02-political-development-in-pakistan","02 Political Development in Pakistan","political-development-and-instability-1","Political Development and Instability","m170xrpc3pybx0zysc4m46pwx185prfv",,"Federal Board",,"[""Definition of economic planning as systematic government strategy for resource allocation and economic guidance"",""Efficient utilization of limited resources to prevent wastage"",""Achievement of rapid industrialization and sustainable economic growth"",""Poverty reduction and equitable wealth distribution among population"",""Establishment of self-reliance and reduced foreign economic dependence""]",,"false","3","Economic planning is a systematic process where the government formulates comprehensive strategies and policies to allocate resources, set production targets, and guide economic development over specific periods. Pakistan needs economic planning for four key reasons: (1) to utilize limited resources efficiently and avoid wastage, (2) to achieve rapid industrialization and economic growth, (3) to reduce poverty and ensure equitable distribution of wealth among citizens, and (4) to establish self-reliance and reduce dependence on foreign aid by developing domestic industries and infrastructure.",,"B","short","7","annual","Briefly describe **Economic Planning**. Why does Pakistan need economic planning? Give four reasons.","ms7fjteyz0btz4h90ka63xs28s85qw35","2024",,
"pak-studies-12","02-political-development-in-pakistan","02 Political Development in Pakistan","political-development-and-instability-1","Political Development and Instability","m17afrag6zwby6empqr9x20etn85qyp1",,"Federal Board",,"[""Introduction of Islamic banking and financial institutions based on Shariah principles"",""Implementation of mandatory Zakat and Ushr collection and distribution systems"",""Abolition of interest-based (riba) banking and introduction of Islamic taxation"",""Alignment of economic policies with Islamic principles and Shariah law"",""Establishment of institutional frameworks for Islamic economic practices""]",,"false","3","After 1977, Pakistan took significant steps to Islamize its economy. First, the government introduced Islamic banking and finance by establishing Islamic banks and promoting Shariah-compliant financial instruments to replace interest-based (riba) systems. Second, Zakat and Ushr were made mandatory, with collection and distribution systems established to ensure wealth redistribution according to Islamic principles. Third, the government implemented Shariah laws in economic matters, including the abolition of interest in banking and the introduction of Islamic taxation systems aligned with Islamic economic theory.",,"B","short","9","annual","What steps were taken to Islamize economy of Pakistan after 1977? Write any three steps.","ms7fjteyz0btz4h90ka63xs28s85qw35","2024",,
"pak-studies-12","02-political-development-in-pakistan","02 Political Development in Pakistan","political-development-and-instability-1","Political Development and Instability","m17cvhy9cpejct1kd9vz9xmnn585qgj0",,"Federal Board",,"[""Establishment of Industrial Development Bank for financial support and credit"",""Implementation of protective tariffs and import duties to shield domestic industries"",""Creation of industrial estates and zones with necessary infrastructure"",""Goal of reducing import dependence and achieving industrial self-sufficiency""]",,"false","3","Pakistan took several important steps for industrial progress during 1947-57. First, the government established the Industrial Development Bank to provide financial support and credit facilities to new industries. Second, protective tariffs and import duties were imposed to shield domestic industries from foreign competition and encourage local manufacturing. Third, the government set up industrial estates and zones in major cities to provide infrastructure and facilities for industrial development. These measures aimed to reduce dependence on imports and promote self-sufficiency in industrial production during the early years of independence.",,"B","short","10","annual","What steps were taken by Pakistan for industrial progress in the first decade (1947-57)? Mention any three.","ms7fjteyz0btz4h90ka63xs28s85qw35","2024",,
"pak-studies-12","02-political-development-in-pakistan","02 Political Development in Pakistan","political-development-and-instability-1","Political Development and Instability","m175mwtdd3dxtkvc3bj6nw2vcn85q9nw",,"Federal Board",,"[""Established Pakistan on Two-Nation Theory, securing a homeland for Muslims to practice Islam freely and independently"",""Championed democratic principles, equality, tolerance, and social justice through the Objectives Resolution and constitutional framework"",""Advocated for fundamental rights and equal citizenship for all communities regardless of faith, demonstrating universal humanitarian values"",""Led the All India Muslim League and Pakistan Movement, inspiring self-determination struggles globally"",""Created a constitutional model balancing Islamic sovereignty with democratic governance, influencing Islamic democracies worldwide""]",,"false","8","Quaid-e-Azam Muhammad Ali Jinnah stands as a great leader for Muslims and the world through his visionary establishment of Pakistan based on the Two-Nation Theory and his commitment to democratic principles. He founded the All India Muslim League, led the Pakistan Movement, and secured a homeland where Muslims could practice their faith freely. His legacy extends beyond Muslims as he championed democracy, equality, tolerance, and social justice, principles enshrined in the Objectives Resolution of 1949, which he moved as first Prime Minister. Jinnah's secular vision for a modern Islamic state, combined with his advocacy for fundamental rights and constitutional governance, made him a beacon for nations seeking to balance religious identity with democratic values. His famous address to the Constituent Assembly, emphasizing that citizens of all faiths would have equal rights, demonstrated his universal humanitarian outlook. The Quaid's leadership transformed the political consciousness of Muslims and inspired movements for self-determination globally, proving that principled leadership transcends religious and geographical boundaries. His constitutional framework, based on sovereignty of Allah, democracy, and justice, continues to guide Pakistan and serves as a model for Islamic democracies worldwide.",,"C","long","1","annual","How is the Quaid-e-Azam a great leader for Muslims and rest of the world? Elaborate.","ms7fjteyz0btz4h90ka63xs28s85qw35","2024",,
"pak-studies-12","02-political-development-in-pakistan","02 Political Development in Pakistan","political-development-and-instability-1","Political Development and Instability","m1796bjdf310a1ese7917cc5ed8cabdz","true","fbise","Option B is correct. The Chapter 2 textbook states that Quaid-i-Azam inaugurated the State Bank of Pakistan on 1 July 1948 and appointed Zahid Hussain as its first Governor.",,,"false",,,"[{""key"":""A"",""text"":""National Bank""},{""key"":""B"",""text"":""State Bank of Pakistan""},{""key"":""C"",""text"":""Habib Bank""},{""key"":""D"",""text"":""Allied Bank""}]","MCQ","mcq","9","model","As Governor General Quaid-e-Azam laid foundations of:","ms7fjteyz0btz4h90ka63xs28s85qw35","2026","B","exam"