subjectSlug,chapterSlug,chapterTitle,topicSlug,topicTitle,_id,answer,difficulty,dueAt,isDue,lapseCount,lastRating,lastReviewedAt,locked,nextReviewLabel,prompt,reps,scheduledDays,stability,state,sectionId,sectionLabel
"physics-10","12-waves","Waves","12-1-wave-motion","12.1 Wave Motion","k57akpr0f6t54kt5tzjmj4tv5d8d2fb1","A wave transfers energy without transporting the material medium itself.",,,"true",,,,"false",,"What does a wave transfer?",,,,"new",,
"physics-10","12-waves","Waves","12-1-wave-motion","12.1 Wave Motion","k574abk8ggqkbh2dtb8prjpb558djccf","It shows water waves, like other types of waves, transfer energy from one place to another without actually moving the water itself.",,,"true",,,,"false",,"What does the boat-and-ripples demonstration show about how water waves transfer energy?",,,,"new","12-1-wave-motion","12-1-wave-motion"
"physics-10","12-waves","Waves","12-1-wave-motion","12.1 Wave Motion","k57cga0q5zryjxa4k2e8b6t8hd8dj00n","Placing a hand in front of a speaker, you can feel the vibrations of the sound waves produced by the vibrating vocal cords or speaker, which indicates energy is being transferred through the air.",,,"true",,,,"false",,"How do you know a sound wave is transferring energy, per the note's speaker example?",,,,"new","12-1-wave-motion","12-1-wave-motion"
"physics-10","12-waves","Waves","12-1-wave-motion","12.1 Wave Motion","k5799tb12jwtvdr7behyarmwzs8dj191","Sunlight brings energy that warms the planet and powers photosynthesis in plants.",,,"true",,,,"false",,"What energy does sunlight, an electromagnetic wave, bring to Earth?",,,,"new","12-1-wave-motion","12-1-wave-motion"
"physics-10","12-waves","Waves","12-1-wave-motion","12.1 Wave Motion","k573nz4k3kcx9s4b995n4pgy618dk839","It shows the oscillations of the medium (the rope) are perpendicular to the direction of wave propagation, a clear example of transverse wave motion.",,,"true",,,,"false",,"What does a wave in a rope illustrate about transverse wave motion?",,,,"new","12-1-wave-motion","12-1-wave-motion"
"physics-10","12-waves","Waves","12-2-wave-propagation","12.2 Wave Propagation","k5762fc49acg135gnmet68b37d8d2xds","A disturbance travels through a medium or space, causing particles of a medium to oscillate about equilibrium positions while the wave carries energy onward.",,,"true",,,,"false",,"How can waves transfer energy without a net movement of matter?",,,,"new",,
"physics-10","12-waves","Waves","12-2-wave-propagation","12.2 Wave Propagation","k574fct6fatj0eb7gq27ndtgn58dkchz","Wave propagation: waves are disturbances that travel through a medium (or space, for electromagnetic waves), causing particles of the medium to oscillate around their equilibrium positions.",,,"true",,,,"false",,"What is the key to understanding how waves transfer energy without transferring matter?",,,,"new","12-2-wave-propagation","12-2-wave-propagation"
"physics-10","12-waves","Waves","12-2-wave-propagation","12.2 Wave Propagation","k57e3htf61gz6g5rq8711pc4ts8dk3ht","Longitudinal (particles move parallel to the wave direction, as in sound waves) and transverse (particles move perpendicular to the wave direction, as in water and electromagnetic waves).",,,"true",,,,"false",,"What are the two types of particle oscillation described for waves?",,,,"new","12-2-wave-propagation","12-2-wave-propagation"
"physics-10","12-waves","Waves","12-2-wave-propagation","12.2 Wave Propagation","k573hnct7r47en5c9mywpx3kes8dj9ge","Through compressions and rarefactions of air molecules, which transfer kinetic and potential energy from one particle to the next.",,,"true",,,,"false",,"How is energy transferred through a sound wave, according to the note?",,,,"new","12-2-wave-propagation","12-2-wave-propagation"
"physics-10","12-waves","Waves","12-2-wave-propagation","12.2 Wave Propagation","k577qarj5j7fxfc36k75v0er498dj6n0","A high frequency wave carries more energy than a low frequency wave of the same amplitude, since generating it requires more energy per second.",,,"true",,,,"false",,"How does the energy of a high-frequency wave compare to a low-frequency wave of the same amplitude?",,,,"new","12-2-wave-propagation","12-2-wave-propagation"
"physics-10","12-waves","Waves","12-2-wave-propagation","12.2 Wave Propagation","k57d1f8geq7mczp847x8qrtvwx8djj57","No. Despite the oscillatory motion, particles do not undergo a net displacement; they return to their original positions after the wave passes.",,,"true",,,,"false",,"Do particles of the medium undergo a net displacement as a wave passes?",,,,"new","12-2-wave-propagation","12-2-wave-propagation"
"physics-10","12-waves","Waves","12-3-characteristic-wave-parameters","12.3 Characteristic Wave Parameters","k57ehg2cc3z3svd4pww6jpjn1h8d2emv","Wavelength is the shortest distance between points where a wave pattern repeats, such as between successive crests, troughs, or compressions.",,,"true",,,,"false",,"What is wavelength?",,,,"new",,
"physics-10","12-waves","Waves","12-3-characteristic-wave-parameters","12.3 Characteristic Wave Parameters","k57bc25knppx98ynv1cjp5jve58djsa5","The shortest distance between points where the wave pattern repeats itself, symbolized by the Greek letter lambda (λ).",,,"true",,,,"false",,"What is wavelength and what symbol represents it?",,,,"new","12-3-characteristic-wave-parameters","12-3-characteristic-wave-parameters"
"physics-10","12-waves","Waves","12-3-characteristic-wave-parameters","12.3 Characteristic Wave Parameters","k57a5rf0ck9ws7jbdg51jfp5yd8dks72","The locus of all points that travelled some distance during a fixed interval, as light spreads out like a wave in all directions from a source.",,,"true",,,,"false",,"What is a wavefront?",,,,"new","12-3-characteristic-wave-parameters","12-3-characteristic-wave-parameters"
"physics-10","12-waves","Waves","12-3-characteristic-wave-parameters","12.3 Characteristic Wave Parameters","k571nq2j1n498d596bjje9bzkd8dk6ra","A crest is the point of maximum upward displacement in a cycle; a trough is the opposite, the minimum or lowest point in a cycle.",,,"true",,,,"false",,"How are crest and trough defined for a wave?",,,,"new","12-3-characteristic-wave-parameters","12-3-characteristic-wave-parameters"
"physics-10","12-waves","Waves","12-3-characteristic-wave-parameters","12.3 Characteristic Wave Parameters","k577nhybv3ws5zsvztf8p7y9ns8djxgc","Displacement (x) is the separation between the mean position and any point either to the right or left of the mean position, measured in metres (m).",,,"true",,,,"false",,"How is displacement defined for a wave, and in what unit is it measured?",,,,"new","12-3-characteristic-wave-parameters","12-3-characteristic-wave-parameters"
"physics-10","12-waves","Waves","12-3-characteristic-wave-parameters","12.3 Characteristic Wave Parameters","k570wta0snkarsbzdqewc1g9ph8djqb3","Amplitude is the maximum displacement from the mean on either side; since it is a displacement, it is measured in metres (m).",,,"true",,,,"false",,"What is amplitude, and in what unit is it measured?",,,,"new","12-3-characteristic-wave-parameters","12-3-characteristic-wave-parameters"
"physics-10","12-waves","Waves","12-3-characteristic-wave-parameters","12.3 Characteristic Wave Parameters","k575ky6n9jzwdq7m5atg2pnzcx8djdz1","Frequency (f) is the number of cycles completed by an oscillating body in one second, measured in cycles per second (cps) or hertz (Hz).",,,"true",,,,"false",,"What is frequency and in what units is it measured?",,,,"new","12-3-characteristic-wave-parameters","12-3-characteristic-wave-parameters"
"physics-10","12-waves","Waves","12-4-waves-and-their-types","12.4 Waves and Their Types","k5764h3ywn572ydkqev4bcdhb58d2t8e","Mechanical waves require a medium to propagate, whereas electromagnetic waves do not require a material medium.",,,"true",,,,"false",,"How are mechanical and electromagnetic waves different?",,,,"new",,
"physics-10","12-waves","Waves","12-4-waves-and-their-types","12.4 Waves and Their Types","k5783ypdpkc555y1srapzjseqx8dk62q","A wave is a disturbance that moves outward from its point of origin, transferring energy by means of vibrations with little or no transport of medium.",,,"true",,,,"false",,"What is a wave, in terms of disturbance and transport of medium?",,,,"new","12-4-waves-and-their-types","12-4-waves-and-their-types"
"physics-10","12-waves","Waves","12-4-waves-and-their-types","12.4 Waves and Their Types","k57ez3spkyk8p196112p8ehz6d8dj71w","Wave motion is related to oscillation because particles of the medium execute simple harmonic motion about their mean position when a wave passes.",,,"true",,,,"false",,"How is wave motion related to oscillation, per the note?",,,,"new","12-4-waves-and-their-types","12-4-waves-and-their-types"
"physics-10","12-waves","Waves","12-5-types-of-waves-on-the-basis-of-medium","12.5 Types of Waves on the Basis of Medium","k57aj6j1hsdcpbnazh9d7c4qvx8d3qkb","Mechanical waves need a medium for propagation; electromagnetic waves can propagate without a medium.",,,"true",,,,"false",,"What is the medium requirement for mechanical and electromagnetic waves?",,,,"new",,
"physics-10","12-waves","Waves","12-5-types-of-waves-on-the-basis-of-medium","12.5 Types of Waves on the Basis of Medium","k57bpxj5y0heqqb6rc71b5fq318djm77","Mechanical waves, such as sound waves, rock waves in water, and seismic waves, require a material medium; if no medium exists, they cannot travel from one point to another.",,,"true",,,,"false",,"Give an example of mechanical waves and explain why they need a medium.",,,,"new","12-5-types-of-waves-on-the-basis-of-medium","12-5-types-of-waves-on-the-basis-of-medium"
"physics-10","12-waves","Waves","12-5-types-of-waves-on-the-basis-of-medium","12.5 Types of Waves on the Basis of Medium","k575a6261hww42hdyqsbbbgm258dkc7s","Electromagnetic waves do not require material medium to propagate; the existence of a material medium is not necessary for their propagation, since they consist of electric and magnetic fields.",,,"true",,,,"false",,"What makes electromagnetic waves different from mechanical waves in terms of medium requirement?",,,,"new","12-5-types-of-waves-on-the-basis-of-medium","12-5-types-of-waves-on-the-basis-of-medium"
"physics-10","12-waves","Waves","12-6-types-of-waves-on-the-basis-of-propagation","12.6 Types of Waves on the Basis of Propagation","k5726w6c0scx7ct6vp0cc3nqrs8d2g68","In transverse waves, particles vibrate perpendicular to the direction of wave motion; in longitudinal waves, particles vibrate parallel to it.",,,"true",,,,"false",,"How do transverse and longitudinal waves differ?",,,,"new",,
"physics-10","12-waves","Waves","12-6-types-of-waves-on-the-basis-of-propagation","12.6 Types of Waves on the Basis of Propagation","k57cvr5xfax6ksz57dbdk3bp5h8djz4m","A transverse wave is one where the disturbance occurs perpendicular to the direction of motion of the wave, meaning the vibrations are at right angles to the wave's motion.",,,"true",,,,"false",,"How is a transverse wave defined in terms of disturbance direction?",,,,"new","12-6-types-of-waves-on-the-basis-of-propagation","12-6-types-of-waves-on-the-basis-of-propagation"
"physics-10","12-waves","Waves","12-6-types-of-waves-on-the-basis-of-propagation","12.6 Types of Waves on the Basis of Propagation","k573cfvsqp3s62av6yjpv3qqwn8dkv7x","A longitudinal wave is one where the disturbance occurs parallel to the line of travel of the wave, meaning the vibrations and energy transfer occur along the same line.",,,"true",,,,"false",,"How is a longitudinal wave defined in terms of disturbance direction?",,,,"new","12-6-types-of-waves-on-the-basis-of-propagation","12-6-types-of-waves-on-the-basis-of-propagation"
"physics-10","12-waves","Waves","12-6-types-of-waves-on-the-basis-of-propagation","12.6 Types of Waves on the Basis of Propagation","k57369h4ymq6dmg9xdsjewydjs8djk77","Compressions are parts of the wave with higher density and pressure; rarefactions are parts with smaller density and pressure.",,,"true",,,,"false",,"What are compressions and rarefactions in a longitudinal wave?",,,,"new","12-6-types-of-waves-on-the-basis-of-propagation","12-6-types-of-waves-on-the-basis-of-propagation"
"physics-10","12-waves","Waves","12-6-types-of-waves-on-the-basis-of-propagation","12.6 Types of Waves on the Basis of Propagation","k579w5yrjy3qcbc3nsgjez46d98dk0x3","Longitudinal waves move faster through solids than through gases or liquids, and transverse waves move through solids at a speed less than half that of longitudinal waves.",,,"true",,,,"false",,"How does the speed of longitudinal waves in solids compare to transverse waves?",,,,"new","12-6-types-of-waves-on-the-basis-of-propagation","12-6-types-of-waves-on-the-basis-of-propagation"
"physics-10","12-waves","Waves","12-6-types-of-waves-on-the-basis-of-propagation","12.6 Types of Waves on the Basis of Propagation","k57f1m61fg8v2n087b3fwnq8js8dkzd8","Seismic S-waves (secondary waves), produced during earthquakes, are transverse waves; the ground vibrates side-to-side or up-and-down while the wave energy travels horizontally.",,,"true",,,,"false",,"What are seismic S-waves and how do their particles vibrate?",,,,"new","12-6-types-of-waves-on-the-basis-of-propagation","12-6-types-of-waves-on-the-basis-of-propagation"
"physics-10","12-waves","Waves","12-7-wave-characteristics","12.7 Wave Characteristics","k5724vtt5qqhns52e4r1cz2n5d8d2rp0","Frequency is the number of wave cycles passing a point per unit time and is measured in hertz; time period is the time for one cycle and is the reciprocal of frequency.",,,"true",,,,"false",,"What are frequency and time period of a wave?",,,,"new",,
"physics-10","12-waves","Waves","12-7-wave-characteristics","12.7 Wave Characteristics","k579v1nwva4d4e9epxj95pb9cn8dkqmv","As a wave passes a given point, that point undergoes cyclic motion: it is displaced first in one direction, then the other, then returns to its original equilibrium position, completing one cycle.",,,"true",,,,"false",,"What is a wave cycle?",,,,"new","12-7-wave-characteristics","12-7-wave-characteristics"
"physics-10","12-waves","Waves","12-7-wave-characteristics","12.7 Wave Characteristics","k575283pmf4r6gjw6v0dw7p16x8djvjm","Frequency is the number of wave cycles passing through some point per unit time.",,,"true",,,,"false",,"How is the frequency of a wave defined in terms of cycles?",,,,"new","12-7-wave-characteristics","12-7-wave-characteristics"
"physics-10","12-waves","Waves","12-7-wave-characteristics","12.7 Wave Characteristics","k570f7t00da18k0mhmtrd99tkd8dk0st","Time Period (T) is the time required for one wave cycle to pass through a certain point; it is measured in seconds (s).",,,"true",,,,"false",,"What is Time Period, and in what unit is it measured?",,,,"new","12-7-wave-characteristics","12-7-wave-characteristics"
"physics-10","12-waves","Waves","12-7-wave-characteristics","12.7 Wave Characteristics","k57frf6mkft892vreakxgv35kx8dk4x4","Wave speed is the distance travelled by a wave per unit time.",,,"true",,,,"false",,"What is wave speed?",,,,"new","12-7-wave-characteristics","12-7-wave-characteristics"
"physics-10","12-waves","Waves","12-8-properties-of-waves","12.8 Properties of Waves","k570jjnftsgxzd3zcs5ewskjb98d28zn","Diffraction is strongest when the opening is comparable to or smaller than the wavelength; longer wavelengths spread more through a given gap.",,,"true",,,,"false",,"When is diffraction strongest?",,,,"new",,
"physics-10","12-waves","Waves","12-8-properties-of-waves","12.8 Properties of Waves","k5728422eadpxvhc2cqs27ngss8dk2pw","A ripple tank can demonstrate reflection, refraction and diffraction of water waves, and can also be used to calculate their frequency, wavelength and speed on the water's surface.",,,"true",,,,"false",,"What can a ripple tank be used to demonstrate and measure about waves?",,,,"new","12-8-properties-of-waves","12-8-properties-of-waves"
"physics-10","12-waves","Waves","12-8-properties-of-waves","12.8 Properties of Waves","k5787m326ts7s3xk3rrsd2jsm98dkn9q","The change in direction of a wavefront at an interface between two different media or a rigid barrier, so that the wavefront returns into the medium from which it originated.",,,"true",,,,"false",,"What is reflection of a wave?",,,,"new","12-8-properties-of-waves","12-8-properties-of-waves"
"physics-10","12-waves","Waves","12-8-properties-of-waves","12.8 Properties of Waves","k57924ctb8hm2th5snd23ymxqx8djdwd","Refraction is when a wave's speed changes (and sometimes diverts from its path) entering another medium; when a water wave enters a medium where it moves more slowly, its wavelength decreases as well.",,,"true",,,,"false",,"What is refraction, and what happens to a water wave's wavelength when it slows down entering a new medium?",,,,"new","12-8-properties-of-waves","12-8-properties-of-waves"
"physics-10","12-waves","Waves","12-8-properties-of-waves","12.8 Properties of Waves","k57b9k17hk1k5t6m4pk8px42th8dj535","Diffraction is the bending of waves around the corners of an obstacle; when waves pass through an aperture or opening, they spread out due to diffraction.",,,"true",,,,"false",,"What is diffraction of a wave?",,,,"new","12-8-properties-of-waves","12-8-properties-of-waves"
"physics-10","12-waves","Waves","12-8-properties-of-waves","12.8 Properties of Waves","k5799vt2q9v5kvg0qb5ew7x4318dk6dw","Waves with shorter wavelengths diffract less; if the wavelength is much smaller than the size of the gap, the waves mostly travel straight through with minimal spreading.",,,"true",,,,"false",,"How do shorter wavelengths affect diffraction through a gap?",,,,"new","12-8-properties-of-waves","12-8-properties-of-waves"
"physics-10","12-waves","Waves","12-9-tsunamis","12.9 Tsunamis","k574qvxbe2h6v9ayfch160667h8d2897","Tsunamis are commonly generated when an underwater earthquake suddenly displaces the ocean floor and a large volume of water; underwater eruptions or landslides can also trigger them.",,,"true",,,,"false",,"How are tsunamis generated?",,,,"new",,
"physics-10","12-waves","Waves","12-9-tsunamis","12.9 Tsunamis","k575k8gj8bqe7y8dc9xmb9sk9n8djzz6","A tsunami is a series of large ocean waves created by underwater disturbances that travel quickly across the ocean and can reach great heights near shore, causing massive flooding and damage.",,,"true",,,,"false",,"What is a tsunami?",,,,"new","12-9-tsunamis","12-9-tsunamis"
"physics-10","12-waves","Waves","12-9-tsunamis","12.9 Tsunamis","k57e15487667y7s48kwc3ec9bd8djb99","Underwater earthquakes, especially at tectonic plate boundaries where one plate is pushed beneath another, which displaces a large amount of ocean water and generates powerful waves.",,,"true",,,,"false",,"What is the most common cause of tsunamis?",,,,"new","12-9-tsunamis","12-9-tsunamis"
"physics-10","12-waves","Waves","12-9-tsunamis","12.9 Tsunamis","k575q4zjz63j3ng1jxhbz25fcx8dkfhm","Underwater volcanic eruptions (the explosion displaces water) and underwater landslides (which displace water) can also trigger tsunamis.",,,"true",,,,"false",,"Besides earthquakes, what other events can trigger tsunamis?",,,,"new","12-9-tsunamis","12-9-tsunamis"
"physics-10","12-waves","Waves","12-9-tsunamis","12.9 Tsunamis","k57dt3w84wfwcdm3qy9a835pt98dkmma","It was triggered by a landslide in a narrow bay on Alaska's coast on July 9, 1958, and its over 1,700-foot wave was the largest ever recorded for a tsunami.",,,"true",,,,"false",,"What was notable about the 1958 Lituya Bay, Alaska tsunami?",,,,"new","12-9-tsunamis","12-9-tsunamis"
"physics-10","12-waves","Waves","12-9-tsunamis","12.9 Tsunamis","k572cd719zmpvqbedqewjbp4k18dkp18","Massive destruction from its towering height and powerful energy: flooding coastal regions, demolishing structures, and causing substantial loss of life and property.",,,"true",,,,"false",,"What damage can a tsunami cause when it hits land?",,,,"new","12-9-tsunamis","12-9-tsunamis"