subjectSlug,chapterSlug,chapterTitle,topicSlug,topicTitle,_creationTime,_id,createdAt,publishedAt,slug,sourceRef,status,title,topicId,updatedAt,mdxBodyChars
"computer-10","05-applications-of-computer-science","Applications Of Computer Science","5-1-internet-of-things-iot","5.1 Internet of Things (Iot)","1785846258946.153","kx79gfrntv4r4hehxwn7py50qd8bv144","1785846258946","1787579297264","5-1-internet-of-things-iot","{""blockIndex"":0,""chapterNumber"":5,""subjectSlug"":""computer-10""}","published","5.1 Internet of Things (Iot)","ms71rmbymy34ycez6bxrh668958bvngk","1787579297264","3673"
"computer-10","05-applications-of-computer-science","Applications Of Computer Science","5-2-3-cloud","5.2.3 Cloud","1785846258946.154","kx7cntrmv1dgyeqwpwznq83q6h8bvnv2","1785846258946","1787579297264","5-2-3-cloud","{""blockIndex"":2,""chapterNumber"":5,""subjectSlug"":""computer-10""}","published","5.2 . 3 Cloud","ms7dnvkh54ekac3htdqr5zch198bvcm8","1787579297264","1646"
"computer-10","05-applications-of-computer-science","Applications Of Computer Science","5-3-applications-of-iot","5.3 Applications of Iot","1785846258946.1555","kx71k0chyw54g4kbe6yc3vjs4h8bth00","1785846258946","1787579297264","5-3-applications-of-iot","{""blockIndex"":22,""chapterNumber"":5,""subjectSlug"":""computer-10""}","published","5.3 Applications of Iot","ms736hvek2ss7s9z5zmtrjk5v58btdwt","1787579297264","5930"
"computer-10","05-applications-of-computer-science","Applications Of Computer Science","5-4-blockchain-technology","5.4 Blockchain Technology","1785846258946.158","kx7amezyaww1j7wkg1ggtsj1p58btz9v","1785846258946","1787579297264","5-4-blockchain-technology","{""blockIndex"":47,""chapterNumber"":5,""subjectSlug"":""computer-10""}","published","5.4 Blockchain Technology","ms7ex9ttqz54kegrsqg8nh8zs58bty5a","1787579297264","555"
"computer-10","05-applications-of-computer-science","Applications Of Computer Science","5-5-applications-of-blockchain","5.5 Applications of Blockchain","1785846264026.2222","kx75dxh1ehq8va9mrq5g3dyn1h8bvq50","1785846264026","1787579297264","5-5-applications-of-blockchain","{""blockIndex"":49,""chapterNumber"":5,""subjectSlug"":""computer-10""}","published","5.5 Applications of Blockchain","ms70mkzs2sa1gjg6qdhv7435z18bvrth","1787579297264","3707"
"computer-10","05-applications-of-computer-science","Applications Of Computer Science","5-6-cloud-computing","5.6 Cloud Computing","1785846264026.224","kx79cmgfth8fyhnq2tbbb6g2ts8bvs7h","1785846264026","1787579297264","5-6-cloud-computing","{""blockIndex"":63,""chapterNumber"":5,""subjectSlug"":""computer-10""}","published","5.6 Cloud Computing","ms7e2e8y6hybs4mepsz53j4b8s8bvrva","1787579297264","5141"
"computer-10","05-applications-of-computer-science","Applications Of Computer Science","5-7-speech-recognition-and-voice-recognition","5.7 Speech Recognition and Voice Recognition","1785846264026.2283","kx78epzjbj8w44z7rwbhd87f2h8bt3pt","1785846264026","1787579297264","5-7-speech-recognition-and-voice-recognition","{""blockIndex"":95,""chapterNumber"":5,""subjectSlug"":""computer-10""}","published","5.7 Speech Recognition and Voice Recognition","ms753mctjwsxm338sgh2n6zgq18btc5r","1787579297264","5986"
"computer-10","05-applications-of-computer-science","Applications Of Computer Science","5-8-natural-language-processing","5.8 Natural Language Processing","1785846264026.2312","kx77yn5mybywynhaa56ztm1q6h8bt5f7","1785846264026","1787579297264","5-8-natural-language-processing","{""blockIndex"":126,""chapterNumber"":5,""subjectSlug"":""computer-10""}","published","5.8 Natural Language Processing","ms75g5te4b188cjbjv2kh0yzdx8bt1s4","1787579297264","4463"
"computer-10","05-applications-of-computer-science","Applications Of Computer Science","5-9-robotics","5.9 Robotics","1785846264026.233","kx78k026k3dtcg6qvt064eqfvd8btffn","1785846264026","1787579297264","5-9-robotics","{""blockIndex"":141,""chapterNumber"":5,""subjectSlug"":""computer-10""}","published","5.9 Robotics","ms7cky0gevk6xf5c836egzbt0h8bvwvw","1787579297264","4700"
"computer-10","05-applications-of-computer-science","Applications Of Computer Science","5-10-bias-and-unethical-use-of-artificial-intelligence","5.10 Bias and Unethical Use of Artificial Intelligence","1785846264026.2349","kx73s9ykx4s05wqwxzh0s1n8xn8bvctj","1785846264026","1787579297264","5-10-bias-and-unethical-use-of-artificial-intelligence","{""blockIndex"":161,""chapterNumber"":5,""subjectSlug"":""computer-10""}","published","5.10 Bias and Unethical Use of Artificial Intelligence","ms7c8767cyp66s4tc7nahjmcy58btnhe","1787579297264","2530"
"computer-10","05-applications-of-computer-science","Applications Of Computer Science","5-11-responsibilities-of-ai-system-designers","5.11 Responsibilities of Ai System Designers","1785846270952.017","kx745pedzfk4aza367w4nxdxg58btvpd","1785846270952","1787579297264","5-11-responsibilities-of-ai-system-designers","{""blockIndex"":165,""chapterNumber"":5,""subjectSlug"":""computer-10""}","published","5.11 Responsibilities of Ai System Designers","ms79t8syh7qtm6hsc3c2ba0yj18bt9sa","1788251609673","3285"