subjectSlug,chapterSlug,chapterTitle,topicSlug,topicTitle,_id,exerciseId,exerciseTitle,lastAttempt,locked,origin,questionKind,questionNumber,stem,topicId,modelAnswer,keyPoints,sectionId,sectionLabel
"maths-10","10-tangents-and-angles-of-a-circle","Tangents and Angles of a Circle","10-1-tangent-to-a-circle-1","10.1 Tangent to a Circle","m1768mre8ttyberm6k94907qy58ctce4","xd7e3n06h6zzven0x5gr7kjzz18dzd0t","Exercise 10.1",,"false","exercise","unclassified","1","Find the values of unknown in the following figures.","ms77sx51d26xb5r84endgpyhe18ehswy",,,,
"maths-10","10-tangents-and-angles-of-a-circle","Tangents and Angles of a Circle","10-1-tangent-to-a-circle-1","10.1 Tangent to a Circle","m1763m1dazfb24xdq5x10c9wwn8cv974","xd7e3n06h6zzven0x5gr7kjzz18dzd0t","Exercise 10.1",,"false","exercise","unclassified","2","In the figure AB and AC are two tangents of a circle with centre O at point B and C respectively. If $\angle B O C=120^{\circ}$, then find:
(i) $\angle \mathrm{OBA}$
(ii) $\angle \mathrm{OCB}$
(iii) $\angle \mathrm{BAC}$
(iv) $\angle \mathrm{ABC}$
![](./images/841b8744-c0fe-4939-bfaf-937e2be63b06-221_382_768_186_1247.jpg)","ms77sx51d26xb5r84endgpyhe18ehswy","(i) angle OBA = 90 degrees, because AB is a tangent at B and OB is the radial segment to the point of contact, and the tangent and radial segment are perpendicular to each other. (ii) angle OCB = 90 degrees, for the same reason at C. (iii) In quadrilateral OBAC the interior angles sum to 360 degrees, so angle BAC = 360 - 90 - 90 - 120 = 60 degrees. (iv) AB = AC since the two tangents drawn to a circle from the outside point A are equal in length, so triangle ABC is isosceles with vertex angle 60 degrees; the base angles are (180 - 60)/2 = 60 degrees, so angle ABC = 60 degrees.",,,
"maths-10","10-tangents-and-angles-of-a-circle","Tangents and Angles of a Circle","10-1-tangent-to-a-circle-1","10.1 Tangent to a Circle","m1736p3sy90vjdyzpdwn2858vs8ctd5y","xd7e3n06h6zzven0x5gr7kjzz18dzd0t","Exercise 10.1",,"false","exercise","unclassified","3","O is centre of two concentric circles. AB and CD are chords of outer circle tangent to inner circle. Prove that $A B=C D$.
![](./images/841b8744-c0fe-4939-bfaf-937e2be63b06-221_328_359_578_1467.jpg)","ms77sx51d26xb5r84endgpyhe18ehswy","Let chord AB touch the inner circle at M and chord CD touch the inner circle at N. Join OM and ON. Since a tangent and the radial segment to the point of contact are perpendicular, OM is perpendicular to AB and ON is perpendicular to CD, and OM = ON because both are radii of the inner circle. The perpendicular from the common centre to a chord of the outer circle bisects that chord, so AM = AB/2 and CN = CD/2. In right triangles OMA and ONC, hypotenuse OA = OC (radii of the outer circle) and OM = ON, so the triangles are congruent and AM = CN. Hence AB = CD.",,,
"maths-10","10-tangents-and-angles-of-a-circle","Tangents and Angles of a Circle","10-1-tangent-to-a-circle-1","10.1 Tangent to a Circle","m17c4kqtp3e1c6v7mq23he3n7x8cthgn","xd7e3n06h6zzven0x5gr7kjzz18dzd0t","Exercise 10.1",,"false","exercise","unclassified","5","Three circles touch externally.","ms77sx51d26xb5r84endgpyhe18ehswy","Let the radii be r1, r2 and r3. Since each pair of circles touches externally, each distance between centres equals the sum of the two radii. The three centre distances are in the ratio 2:3:4 with perimeter 36 cm, so they are 8 cm, 12 cm and 16 cm. Then r1 + r2 = 8, r2 + r3 = 12 and r1 + r3 = 16. Adding gives 2(r1 + r2 + r3) = 36, so r1 + r2 + r3 = 18. Hence r1 = 18 - 12 = 6 cm, r2 = 18 - 16 = 2 cm and r3 = 18 - 8 = 10 cm.",,,
"maths-10","10-tangents-and-angles-of-a-circle","Tangents and Angles of a Circle","10-1-tangent-to-a-circle-1","10.1 Tangent to a Circle","m170w070b356b5sjxqdkfmhnw18ctbs7","xd7e3n06h6zzven0x5gr7kjzz18dzd0t","Exercise 10.1",,"false","exercise","unclassified","6","In the figure, $\mathrm{AD}=5 \mathrm{~cm}, \mathrm{CD}=4 \mathrm{~cm}$ and $\mathrm{BD}=4.5 \mathrm{~cm}$. Find the distance between centres of circles.
![](./images/841b8744-c0fe-4939-bfaf-937e2be63b06-221_495_611_1597_1292.jpg)","ms77sx51d26xb5r84endgpyhe18ehswy",,,,
"maths-10","10-tangents-and-angles-of-a-circle","Tangents and Angles of a Circle","10-1-tangent-to-a-circle-1","10.1 Tangent to a Circle","m17fvxs12fjtpkdhb74rykfc398cvhas","xd7e3n06h6zzven0x5gr7kjzz18dzd0t","Exercise 10.1",,"false","exercise","unclassified","7","In the adjoining figure, $\angle \mathrm{PEF}=20^{\circ}$. H is mid-point of $\overline{F G}$. Find $\angle \mathrm{PGH}$.
![](./images/841b8744-c0fe-4939-bfaf-937e2be63b06-221_357_602_2124_1162.jpg)","ms77sx51d26xb5r84endgpyhe18ehswy",,,,
"maths-10","10-tangents-and-angles-of-a-circle","Tangents and Angles of a Circle","10-1-tangent-to-a-circle-1","10.1 Tangent to a Circle","m17c4nk2r25gy42dacjmnjse318ct3zd","xd7e3n06h6zzven0x5gr7kjzz18dzd0t","Exercise 10.1",,"false","exercise","unclassified","8","In the figure, triangle $\mathrm{ABC}, \mathrm{AB}=\mathrm{AC}$. Find the values of angles $x$ and $y$.
![](./images/841b8744-c0fe-4939-bfaf-937e2be63b06-222_462_631_80_1040.jpg)","ms77sx51d26xb5r84endgpyhe18ehswy",,,,
"maths-10","10-tangents-and-angles-of-a-circle","Tangents and Angles of a Circle","10-1-tangent-to-a-circle-1","10.1 Tangent to a Circle","m177b5wg6k9aw894snjcpy96bh8cv5tq","xd7e3n06h6zzven0x5gr7kjzz18dzd0t","Exercise 10.1",,"false","exercise","unclassified","1","Encircle the correct option in the following.
i. A tangent line touches the circle at $\_\_\_\_$ point(s).
(a) 1
(b) 2
(c) 3
(d) 4
ii. A tangent line is $\_\_\_\_$ to radial segment.
(a) parallel
(b) equal
(c) perpendicular
(d) similar
iii. How many tangents can be drawn on the circle from a point outside the circle?
(a) 1
(b) 2
(c) 3
(d) infinite
iv. If two tangents are drawn on both ends of diameter of a circle, they are:
(a) perpendicular
(b) parallel
(c) intersecting
(d) none
v. Given that radius of a circle is 4 cm . The distance between two tangents drawn at the outer ends of diameter is:
(a) 2 cm
(b) 4 cm
(c) 6 cm
(d) 8 cm
vi. How many tangents can be drawn on the circle from a point on the circle?
(a) 1
(b) 2
(c) none
(d) infinite
vii. Two tangents drawn from a point outside the circle are:
(a) perpendicular
(b) parallel
(c) not congruent
(d) congruent
viii. If two circles touch externally, the distance between their centres is equal to sum of $\_\_\_\_$ of both circle.
(a) radii
(b) diameters
(c) circumferences
(d) area
ix. If two congruent circles touch externally, the distance between their centres is equal to $\_\_\_\_$ of a circle.
(a) radius
(b) diameter
(c) chord
(d) sector
x. If two circles of radii 1.4 cm and 2.5 cm touch internally, the distance between their centres is equal to:
(a) 1.4 cm
(b) 2.5 cm
(c) 1.1 cm
(d) 3.9 cm
xi. Angle subtended by an arc at centre of circle is called $\_\_\_\_$ angle.
(a) reflex
(b) inscribed
(c) straight
(d) central
xii. An angle inscribed in a half circle is:
(a) $0^{\circ}$
(b) $45^{\circ}$
(c) $90^{\circ}$
(d) $180^{\circ}$
xiii. If central angle of minor arc of a circle is $100^{\circ}$, angle inscribed in corresponding major arc is:
(a) $200^{\circ}$
(b) $100^{\circ}$
(c) $75^{\circ}$
(d) $50^{\circ}$
xiv. Central angle of minor arc of a circle is:
(a) less than $360^{\circ}$
(b) less than $180^{\circ}$
(c) greater than $360^{\circ}$
(d) greater than $180^{\circ}$
xv. Central angle of major arc of a circle is:
(a) less than $90^{\circ}$
(b) less than $180^{\circ}$
(c) greater than $90^{\circ}$
(d) greater than $180^{\circ}$
xvi. All angles in a same segment of a circle are:
(a) equal
(b) acute
(c) obtuse
(d) supplementary
xvii. If ABCD is a cyclic quadrilateral and $\angle \mathrm{A}=60^{\circ}$, then $\angle \mathrm{C}=\ldots \ldots$.
(a) $180^{\circ}$
(b) $150^{\circ}$
(c) $120^{\circ}$
(d) $60^{\circ}$
xviii. An exterior angle of a cyclic quadrilateral is $\_\_\_\_$ the opposite interior angle.
(a) greater than
(b) less than
(c) equal to
(d) supplement of
xix. Inscribed angle of a quadrant of a circle is:
(a) $45^{\circ}$
(b) $90^{\circ}$
(c) $145^{\circ}$
(d) $130^{\circ}$
xx . In the figure, angle $\theta$ is equal to:
(a) $45^{\circ}$
(b) $94^{\circ}$
(c) $23.5^{\circ}$
(d) $47^{\circ}$
![](./images/841b8744-c0fe-4939-bfaf-937e2be63b06-231_462_448_1234_1367.jpg)","ms77sx51d26xb5r84endgpyhe18ehswy",,,,
"maths-10","10-tangents-and-angles-of-a-circle","Tangents and Angles of a Circle","10-1-tangent-to-a-circle-1","10.1 Tangent to a Circle","m17cns4s0njfg6n5wpqpt5r1vd8ctsh6","xd7e3n06h6zzven0x5gr7kjzz18dzd0t","Exercise 10.1",,"false","exercise","unclassified","2","In a circle whose diameter is 12 cm , there is a central angle whose measure is $90^{\circ}$. A chord joins the endpoints of the arc cut off by the angle. Find the length of the chord.","ms77sx51d26xb5r84endgpyhe18ehswy","Each radius is 6 cm (half of the 12 cm diameter). The two radii to the chord endpoints include the 90 degree central angle, so they form a right triangle with the chord as hypotenuse. Chord length = sqrt(36 + 36) = 6 sqrt(2) cm, about 8.49 cm.",,,
"maths-10","10-tangents-and-angles-of-a-circle","Tangents and Angles of a Circle","10-1-tangent-to-a-circle-1","10.1 Tangent to a Circle","m17465xgcxh2zv8nmambkthxa58cv2jj","xd7e3n06h6zzven0x5gr7kjzz18dzd0t","Exercise 10.1",,"false","exercise","unclassified","3","The diameter of a circle is 20 cm long and a chord parallel to it is 12 cm long. Find the distance between the chord and the center of the circle.","ms77sx51d26xb5r84endgpyhe18ehswy","The radius is 10 cm (half of the 20 cm diameter). Let M be the midpoint of the chord; the segment from the centre to M is perpendicular to the chord and half the chord is 6 cm. In the resulting right triangle, distance = sqrt(100 - 36) = sqrt(64) = 8 cm.",,,
"maths-10","10-tangents-and-angles-of-a-circle","Tangents and Angles of a Circle","10-1-tangent-to-a-circle-1","10.1 Tangent to a Circle","m1754pgmvs00bgz6eb1k3733ch8ctr2s","xd7e3n06h6zzven0x5gr7kjzz18dzd0t","Exercise 10.1",,"false","exercise","unclassified","4","In a cyclic quadrilateral ABCD with sides $a=\mathrm{AB}, \mathrm{b}=\mathrm{BC}, \mathrm{c}=\mathrm{CD}$, and $\mathrm{d}=\mathrm{DA}$, and diagonals $p=A C$ and $q=B D$. We can express diagonals in terms of the sides as: $\mathrm{p} \times \mathrm{q}=(a \times \mathrm{c})+(\mathrm{b} \times \mathrm{d})$.
Find q if $a=4 \mathrm{~cm}, \mathrm{~b}=5 \mathrm{~cm}, \mathrm{c}=6 \mathrm{~cm}, \mathrm{~d}=3 \mathrm{~cm}$ and $\mathrm{p}=8 \mathrm{~cm}$.
![](./images/841b8744-c0fe-4939-bfaf-937e2be63b06-231_394_414_2146_1506.jpg)","ms77sx51d26xb5r84endgpyhe18ehswy","Using p times q = (a times c) + (b times d): 8 times q = (4 times 6) + (5 times 3) = 24 + 15 = 39. Hence q = 39/8 = 4.875 cm.",,,
"maths-10","10-tangents-and-angles-of-a-circle","Tangents and Angles of a Circle","10-1-tangent-to-a-circle-1","10.1 Tangent to a Circle","m178vantcst72dk1jz1n46fq218cvajd","xd7e3n06h6zzven0x5gr7kjzz18dzd0t","Exercise 10.1",,"false","exercise","unclassified","4","Ali is whirling a stone tied with a string of length 3 feet. All of a sudden string is broken and the stone moves along tangent direction of circular path and hits a point 5 feet away from Ali. Find the distance covered by the stone.","ms77sx51d26xb5r84endgpyhe18ehswy","The string of length 3 feet is the radius of the circular path, with Ali at the centre O. When the string breaks, the stone flies off along the tangent to the circle at the point where the string broke (a tangent line is perpendicular to the radial segment at the point of contact, so the stone's straight-line path is at right angles to the radius). Let $T$ be the point where the string broke and $H$ the point where the stone hits, 5 feet from Ali. Triangle $OTH$ is right-angled at $T$ (radius $\perp$ tangent), with $OT=3$ ft (radius) and $OH=5$ ft (given). By Pythagoras' theorem, $TH^{2}=OH^{2}-OT^{2}=5^{2}-3^{2}=25-9=16$, so $TH=4$ ft. The stone covered a distance of 4 feet along the tangent.","[""A tangent line is perpendicular to the radial segment at the point of contact -- the stone's flight path (tangent) meets the radius (string) at a right angle."",""The radius, the tangent segment travelled, and the line from the centre to the landing point form a right triangle, solved with the Pythagorean theorem: (tangent)^2 = (distance from centre)^2 - (radius)^2.""]","theorem-102","Theorem 10.2"
"maths-10","10-tangents-and-angles-of-a-circle","Tangents and Angles of a Circle","10-3-cyclic-quadrilateral","10.3 Cyclic Quadrilateral","m1754pgmvs00bgz6eb1k3733ch8ctr2s","xd7e3n06h6zzven0x5gr7kjzz18dzd0t","Exercise 10.1",,"false","exercise","unclassified","4","In a cyclic quadrilateral ABCD with sides $a=\mathrm{AB}, \mathrm{b}=\mathrm{BC}, \mathrm{c}=\mathrm{CD}$, and $\mathrm{d}=\mathrm{DA}$, and diagonals $p=A C$ and $q=B D$. We can express diagonals in terms of the sides as: $\mathrm{p} \times \mathrm{q}=(a \times \mathrm{c})+(\mathrm{b} \times \mathrm{d})$.
Find q if $a=4 \mathrm{~cm}, \mathrm{~b}=5 \mathrm{~cm}, \mathrm{c}=6 \mathrm{~cm}, \mathrm{~d}=3 \mathrm{~cm}$ and $\mathrm{p}=8 \mathrm{~cm}$.
![](./images/841b8744-c0fe-4939-bfaf-937e2be63b06-231_394_414_2146_1506.jpg)","ms77matqyj8npvey0tcrwm0rqs8eh9jf","Using p times q = (a times c) + (b times d): 8 times q = (4 times 6) + (5 times 3) = 24 + 15 = 39. Hence q = 39/8 = 4.875 cm.",,,